Country Name,Country Code,Indicator Name,Indicator Code,1960,1961,1962,1963,1964,1965,1966,1967,1968,1969,1970,1971,1972,1973,1974,1975,1976,1977,1978,1979,1980,1981,1982,1983,1984,1985,1986,1987,1988,1989,1990,1991,1992,1993,1994,1995,1996,1997,1998,1999,2000,2001,2002,2003,2004,2005,2006,2007,2008,2009,2010,2011,2012,2013,2014,2015,2016,2017,2018,2019,2020,2021,2022,2023,2024,2025
Aruba,ABW,"Industry (including construction), value added (current US$)",NV.IND.TOTL.CD,,,,,,,,,,,,,,,,,,,,,,,,,,,,,,,,,,,,203335195.5,206810055.9,262463687.2,291620111.7,267882681.6,246845251.4,247564804.5,259779888.3,304413407.8,351674860.3,384622905,436061452.5,468039664.8,460068156.4,333092178.8,283293854.7,326209497.2,263510055.9,293234636.9,301397765.4,369439664.8,379334078.2,383301117.3,372114525.1,389172467.5,311681564.2,317116349.4,323625246.6,,,
Africa Eastern and Southern,AFE,"Industry (including construction), value added (current US$)",NV.IND.TOTL.CD,,,,,,,,,,,,,,,,,,,,,,,52872177605,58274226286,51467358463,40760435314,46732803678,58305072640,63767998661,67357279722,78115537411,80853860035,76623974288,73141197040,74501196480,82197299888,80094328436,82103662825,75569279911,72981220792,80133803575,73179670695,73734881739,95230854163,1.20E+11,1.45E+11,1.64E+11,1.97E+11,2.21E+11,1.94E+11,2.36E+11,2.75E+11,2.76E+11,2.73E+11,2.71E+11,2.26E+11,2.06E+11,2.48E+11,2.67E+11,2.65E+11,2.36E+11,2.89E+11,3.23E+11,3.12E+11,3.22E+11,
Afghanistan,AFG,"Industry (including construction), value added (current US$)",NV.IND.TOTL.CD,,,,,,,,,,,,,,,,,,,,,,,,,,,,,,,,,,,,,,,,,,,910904371.5,1026746092,1370322677,1663223299,1966786560,2620450317,2720980787,2718780137,3353910675,4048924287,4211954444,4118855391,4351471362,4233263327,1896226793,1885073817,2416829505,2642847031,2584811587,2035422840,2326860951,2306945150,,
Africa Western and Central,AFW,"Industry (including construction), value added (current US$)",NV.IND.TOTL.CD,,,,,,,,,,,,,,,,,,,,,,82688405502,66209495841,47461537013,36094342245,39643190471,33625550986,33831716960,32266367841,31898618998,39761386677,42386649531,39974765535,39865332073,42319548891,73924094358,95472477782,96244576230,86741971682,38847806919,45154539713,41714305648,45081445573,56489914940,74321368858,93118249544,1.13E+11,1.28E+11,1.62E+11,1.27E+11,1.66E+11,2.10E+11,2.22E+11,2.43E+11,2.47E+11,1.80E+11,1.51E+11,1.70E+11,2.08E+11,2.40E+11,2.05E+11,2.25E+11,2.46E+11,2.18E+11,1.78E+11,
Angola,AGO,"Industry (including construction), value added (current US$)",NV.IND.TOTL.CD,,,,,,,,,,,,,,,,,,,,,,,,,,,,,,,,,,,,,,,,,,,8988077044,9951949832,13579409734,23233571739,31802849256,42292754007,55527955024,33476507422,46388162073,65501120239,76612087995,74980830192,67512776887,37668051729,22391083068,31302944114,36869567499,34090196852,21604649150,30369624279,45836832231,37647200867,34912616191,
Albania,ALB,"Industry (including construction), value added (current US$)",NV.IND.TOTL.CD,,,,,,,,,,,,,,,,,,,,,,,,,,,,,,,,,,,,573814278.7,621802377.1,463539651.7,439907882.4,608291529.3,778288516.6,989869733.4,1184661263,1571375591,2053861043,2323193532,2601351075,3176915635,3786848149,3400646095,3320768055,3495257819,3111556881,3264102058,3168336706,2808059695,2861337723,3043214466,3653185141,3579202094,3576974731,4045322008,4378731055,5440739067,6058698514,
Andorra,AND,"Industry (including construction), value added (current US$)",NV.IND.TOTL.CD,,,,,,,,,,,,,,,,,,,,,,,,,,,,,,,,,,,,,,,,,212652569.3,231063479.5,265829140.5,366756103.7,457668778.8,506904702.7,559281195,612384742.7,633101101.2,544732048.5,452825035.9,432188125.5,353034285.9,339095153,332191708,278465676.1,293739020.9,311882205.9,356482788.2,369146825.8,366005487.1,411014152.7,376780704.8,470416504.5,515202026.2,
Arab World,ARB,"Industry (including construction), value added (current US$)",NV.IND.TOTL.CD,,,,,,,,,,,,,,,,93847922012,1.21E+11,1.35E+11,1.38E+11,2.07E+11,3.08E+11,3.04E+11,2.44E+11,1.97E+11,1.89E+11,1.73E+11,1.41E+11,1.55E+11,1.56E+11,1.75E+11,3.71E+11,1.88E+11,2.03E+11,1.94E+11,2.02E+11,2.25E+11,2.51E+11,2.74E+11,2.39E+11,2.91E+11,3.82E+11,3.48E+11,3.49E+11,3.93E+11,4.90E+11,6.46E+11,7.86E+11,8.95E+11,1.19E+12,8.73E+11,1.08E+12,1.37E+12,1.52E+12,1.50E+12,1.45E+12,1.04E+12,9.68E+11,1.06E+12,1.30E+12,1.26E+12,9.44E+11,1.32E+12,1.82E+12,1.62E+12,1.60E+12,
United Arab Emirates,ARE,"Industry (including construction), value added (current US$)",NV.IND.TOTL.CD,,,,,,,,,,,,,,,,10892677502,13797876689,16908257116,16181499794,22281241908,31680722022,33725960229,29443203487,26283029147,26259874694,24870607464,17703078180,19895668755,19231272133,22837646445,29864342141,24115227458,29993189867,28635794062,27434758921,29943067284,34112775810,35815309180,30287542546,35484547311,50621375085,51321443159,52212933969,61080190606,76393192648,1.01E+11,1.29E+11,1.41E+11,1.83E+11,1.32E+11,1.55E+11,2.06E+11,2.17E+11,2.17E+11,2.16E+11,1.61E+11,1.52E+11,1.67E+11,2.02E+11,1.89E+11,1.44E+11,1.92E+11,2.52E+11,2.37E+11,2.45E+11,
Argentina,ARG,"Industry (including construction), value added (current US$)",NV.IND.TOTL.CD,,,,,,13722940987,14202380230,11493637302,12434857435,14811143097,13353421858,15299799238,15831874375,22779001001,31577221374,26293432187,26042050145,27144799969,41049703442,30490501123,31723447657,31736843040,34652778710,43209876321,46424848613,34622280491,39575553313,41161716459,48835751265,32451014291,50917885416,62081175459,70198419813,64722201101,68876935900,67865473300,72371587300,79596589500,79855462400,74264967000,73866930600,67828286700,29862244294,41650893935,47449347397,56891104940,67914347258,78827167842,94990190458,84190456294,1.07E+11,1.34E+11,1.33E+11,1.33E+11,1.28E+11,1.38E+11,1.23E+11,1.40E+11,1.24E+11,1.04E+11,86440113649,1.14E+11,1.53E+11,1.63E+11,1.53E+11,
Armenia,ARM,"Industry (including construction), value added (current US$)",NV.IND.TOTL.CD,,,,,,,,,,,,,,,,,,,,,,,,,,,,,,,,,,,,,,,,,,,,,,,,,,,,,2955048414,2970437291,2933785870,2713125823,2697399295,2975183188,3084157295,3400955908,3390161690,3659082716,4963669521,5533775989,5932614519,
American Samoa,ASM,"Industry (including construction), value added (current US$)",NV.IND.TOTL.CD,,,,,,,,,,,,,,,,,,,,,,,,,,,,,,,,,,,,,,,,,,,,,,,,,,,,,,,,,,,,,,,,,,
Antigua and Barbuda,ATG,"Industry (including construction), value added (current US$)",NV.IND.TOTL.CD,,,,,,,,,,,,,,,,,,8807407.407,9018518.519,12529629.63,17070370.37,19574074.07,17022222.22,18588888.89,22733333.33,28240740.74,37603703.7,46766666.67,57125925.93,67425925.93,64640740.74,71007407.41,68311111.11,68962962.96,75022222.22,74514814.81,79392592.59,86977777.78,94311111.11,106122222.2,118022222.2,105840740.7,109488888.9,118351851.9,124785185.2,154588888.9,223233333.3,242737037,274300000,250207407.4,192648148.1,170285185.2,178433333.3,195640740.7,211862963,228962963,264614814.8,288622222.2,343140740.7,363948148.1,298151851.9,328166666.7,366933333.3,380840740.7,,
Australia,AUS,"Industry (including construction), value added (current US$)",NV.IND.TOTL.CD,,,,,,,,,,,,,,,,,,,,,,,,,,,,,,,89883671806,90424692788,87799873567,84044406970,86723625043,97556430056,1.05E+11,1.10E+11,1.02E+11,96043363830,1.02E+11,89714404085,93381406911,1.12E+11,1.47E+11,1.71E+11,1.91E+11,2.19E+11,2.70E+11,2.51E+11,2.89E+11,3.71E+11,4.09E+11,3.99E+11,3.77E+11,3.21E+11,2.70E+11,3.12E+11,3.46E+11,3.53E+11,3.39E+11,3.97E+11,4.65E+11,4.77E+11,4.49E+11,
Austria,AUT,"Industry (including construction), value added (current US$)",NV.IND.TOTL.CD,,,,,,,,,,,,,,,,,14773818363,17513651653,21235678006,24615378281,27333175920,23381107655,22902129547,22832725601,20724007977,21385529396,30339725101,37388561167,39829481779,39450314093,49791098875,51856170890,57221808164,54449019283,58403895916,70256134844,68733289576,61325786447,62591510671,62246879133,56130601073,55877905279,58888534088,72230631436,82626323332,86080090145,92127687812,1.07E+11,1.18E+11,1.05E+11,1.02E+11,1.11E+11,1.06E+11,1.11E+11,1.13E+11,96842098490,1.02E+11,1.07E+11,1.16E+11,1.13E+11,1.11E+11,1.24E+11,1.22E+11,1.35E+11,1.31E+11,
Azerbaijan,AZE,"Industry (including construction), value added (current US$)",NV.IND.TOTL.CD,,,,,,,,,,,,,,,,,,,,,,,,,,,,,,,2669696970,1582000000,162463099.6,504861215.3,329926284.4,749284305.5,1116531997,1465734090,1554277591,1791433110,2242881617,2480680585,2878218078,3531959607,4406958001,7786689739,13629490344,21865604505,32006645408,24919785564,31742835784,40715296966,41471657046,42311874077,40318634482,23826622837,18008713297,20311418786,24616695010,23520235294,17912411765,26764764706,44247823529,33201823529,31667470588,
Burundi,BDI,"Industry (including construction), value added (current US$)",NV.IND.TOTL.CD,,,,,,,,,,,22827428.57,24670857.14,26640000,35382214.07,41843809.52,52971428.57,52653913.04,66701000,87303333.33,115147777.8,107338888.9,123223333.3,144838888.9,156820871.4,124191796.8,135949125.9,145755452.4,177768695.4,160354713.5,192295814.5,196157776.4,204701591.6,205625598.8,188884914.3,181055397.5,168078695.4,102394715.1,135139490.3,131306404.1,130258901.3,135269797.5,136544917.6,130445353.9,123518042,149397628.2,189160798,195021101.9,232672200.9,248467806.1,301413818.4,312667496.4,331117936.7,367520230.6,382078003,418091791.8,433328915.6,442624230.5,480739663.1,522057843.1,503816898.1,527236324.4,589034208.6,683480869.8,622915412.1,544220121.4,
Belgium,BEL,"Industry (including construction), value added (current US$)",NV.IND.TOTL.CD,,,,,,,,,,,,,,,,,,,,,,,,,,,,,,,,,,,,75018609743,72064364821,65981732070,66107468326,63853438011,59065114871,57558079403,61462575829,73879931157,84771694096,87070394711,90388424788,1.05E+11,1.12E+11,99374900081,99487611820,1.09E+11,99661185756,1.04E+11,1.06E+11,89796650582,90576885511,95946872457,1.03E+11,1.03E+11,1.01E+11,1.08E+11,1.18E+11,1.27E+11,1.26E+11,
Benin,BEN,"Industry (including construction), value added (current US$)",NV.IND.TOTL.CD,23132964.63,23126833.73,23150077.34,29124033.03,29122745.42,23140074.22,34250583.82,34949302.92,35467451.19,36590894.74,39046951.55,45170539.07,56987402.02,72106238.1,94758484.28,109411517,90164746.85,94183653.86,130087914.4,158282902.8,172588390.3,166688838.2,191718806.1,168212346.3,179422817,174659395.9,161773155.9,193201115.4,217026644,191813193.5,244082029.4,238027499.7,215774315.7,277885076.4,213152398.8,290563222.8,313247926.1,306690436.7,308518517.6,663611628.5,660221851.6,792135286,891552200,1164283992,1268969810,1419506171,1488207900,1593877504,1728574805,1745113951,1717225351,1939495721,1889204966,2158540822,2180200581,1865961049,1856151835,1918913560,2088295624,2347652638,2555456381,2912691784,2965425241,3403911715,3734505747,
Burkina Faso,BFA,"Industry (including construction), value added (current US$)",NV.IND.TOTL.CD,65803863.68,69680027.29,73513209.26,81265636.43,82398507.26,79069956.54,82532624.14,99563939.47,104608426.9,107350580,101997563.4,116956056.7,134895260.9,176794034.5,172591848.5,243835932.4,258464488,240985919.6,316520458.6,361236179.6,382097351.1,333252052,330617643.2,325773713.7,291481593.1,298537843.9,422115232.3,534347643.2,562773219.7,578731048.6,631708595,603668302.2,680055046.7,635207495.4,386851622.2,474592227.6,478310568.1,481769446,500841612.5,761453883.7,649204935.9,658458283.4,747428992.9,1072602300,1235307685,1239463282,1342473322,1719473486,1942073753,2169490680,2634117232,3427454301,3374832051,3239505247,3475929665,2882476794,3193135455,3546522106,4066179498,4397145544,5223467864,5619824368,4850013911,5179791204,6131408207,
Bangladesh,BGD,"Industry (including construction), value added (current US$)",NV.IND.TOTL.CD,298123229.2,327312083.3,404676750,415162083.3,561389812.5,633370125,664259312.5,587744791.7,693164833.3,778180875,784982166.7,672477520.8,381325650,979329777.7,1673257331,2258156895,1461842222,1614547899,1900582718,2441672037,3648772610,4010648715,3713023952,3675294613,4054840000,4527346154,4437333333,4762612903,5298845984,5694953626,6365683504,6538067227,6886498674,7606494487,7925502152,8946505555,10069682152,10547494145,11326872247,11472233777,11890459153,12193291327,12498572175,13520207254,14831544080,16187800058,17299412745,19505283724,22659081535,25921677608,28768713324,32210129254,33740896081,39460330977,45488277274,52360557158,82403006280,91786372515,1.03E+11,1.15E+11,1.23E+11,1.39E+11,1.56E+11,1.51E+11,1.53E+11,
Bulgaria,BGR,"Industry (including construction), value added (current US$)",NV.IND.TOTL.CD,,,,,,,,,,,,,,,,,,,,,10668230769,10320142857,11201066667,9991166667,10548777778,10727526316,12961529412,17272000000,13752176471,13059444444,10579090909,3032718687,3359624695,3540914692,2907599660,3397433416,1993400379,2464094623,3199990570,3046314957,3003870436,3401315416,3937470600,5142327417,6051176776,7237892224,8722480499,11667729611,13615038175,13821340421,12040767109,14437686017,13782635919,13121702644,13382217811,12199120948,13191008472,14193901552,14699335925,14771949959,15396677102,17507898596,22901424730,23202277875,23951372963,
Bahrain,BHR,"Industry (including construction), value added (current US$)",NV.IND.TOTL.CD,,,,,,,,,,,,,,,,,,,,,,,,,,,,,,,,,,,,,,,,,,,,,,,8379601064,9977952128,12960265957,9886303191,11775026596,14447234043,14811755319,15794521277,15756675532,12713617021,12945079787,14879494681,16411170213,16428590426,14012553191,18058085106,21551781915,20065053191,19922872340,
"Bahamas, The",BHS,"Industry (including construction), value added (current US$)",NV.IND.TOTL.CD,,,,,,,,,,,,,,,,,,,,,,,,,,,,,,470507000,449708000,488428000,479323000,404739000,475257000,471998000,506618000,804800000,866300000,891800000,981200000,793200000,942900000,964200000,936600000,1063200000,1193000000,983200000,1093600000,999200000,1161000000,1213000000,1397300000,1355500000,1468600000,1320300000,1566400000,1608800000,1571900000,1724600000,1255700000,1426400000,1320800000,1493100000,1524000000,
Bosnia and Herzegovina,BIH,"Industry (including construction), value added (current US$)",NV.IND.TOTL.CD,,,,,,,,,,,,,,,,,,,,,,,,,,,,,,,,,,,324691358,479709231.7,716013623.1,925968365.5,1129238584,1141424288,1199153029,1214510491,1333223461,1684487331,2055023087,2405364267,2705486854,3435415041,4434438390,4034941270,3856771605,4137763169,3724971719,4058245234,4111941643,3564082910,3824666160,4237254438,4857048012,4752742052,4809259626,5870686125,6051045002,6545428457,6641168445,
Belarus,BLR,"Industry (including construction), value added (current US$)",NV.IND.TOTL.CD,,,,,,,,,,,,,,,,,,,,,,,,,,,,,,,7991967871,8179959100,7733382434,5865635637,4866374018,4664389966,4962026605,5075797258,5374132848,4127539662,4264165462,4010863309,4643423492,5836238038,8103931934,11431131664,13752424740,16773419444,23586547463,18372317001,20255396154,22288853643,23831268217,27117189655,27883314913,18456365978,14774450470,17268319997,18769066474,20441938767,19240974350,22396131840,24367274666,22972184814,23326500712,
Belize,BLZ,"Industry (including construction), value added (current US$)",NV.IND.TOTL.CD,,,,,,,,,,,,,,,,,,,31050000,30350000,68900000,62200000,51550000,54000000,66700000,61750000,65350000,88700000,102450000,118750000,128338220.2,140433197.4,160396630.9,177516877.6,164415566.4,174487600.9,182816173.7,179278042.4,191373047.8,201724751.4,258867502.7,245091249.7,247756208.3,226899517.8,245449981.3,252205029.4,302517283.8,343872888.2,351927907.8,327222322.9,318563074,345671361.5,308783003.8,321727649.3,338654145.8,319174317.8,345878308.8,319302829.8,312421392,334550850.3,332223711.7,411304631.1,440848886.7,439831677.6,466814649.7,
Bermuda,BMU,"Industry (including construction), value added (current US$)",NV.IND.TOTL.CD,,,,,,,,,,,,,,,,,,,,,,,,,,,,,,,,,,,,,223717400,237559000,203498600,289225700,385365000,379403000,377345000,400577000,431355000,484434000,,,,,437715000,357767000,326483000,342621000,320997000,341004000,369131000,393492000,411970000,472923000,388034000,386234000,419382000,398006000,,
Bolivia,BOL,"Industry (including construction), value added (current US$)",NV.IND.TOTL.CD,,,,,,,,,,,315235690.2,325336700.3,419029710.4,443378310.8,764167916,752823588.2,871814093,1060469765,1243628186,1440352884,1311582382,1726549755,1772577582,1820791780,1946555425,1732780154,1285039142,1319691067,1432349637,1483689307,1552006963,1635371730,1702240472,1641755131,1682718514,1956983294,2067808711,2095177207,2220683784,2083188018,2161525886,2069628679,2013809233,2068810655,2354763697,2508480049,3166692492,3711651057,4958369475,5068251610,5923201272,7277399040,7945025977,8743489407,9115361881,8316847337,8596051462,13863024486,14710842504,14943991491,11541399754,14767358321,16316727192,15582834255,17155394370,
Brazil,BRA,"Industry (including construction), value added (current US$)",NV.IND.TOTL.CD,0,0,0,0,0,0,0,0,0,0,0,0,0,0,0,0,0,0,0,1.02E+11,1.04E+11,1.18E+11,1.23E+11,81056210098,87839578132,91796010313,1.08E+11,1.21E+11,1.30E+11,1.75E+11,1.30E+11,1.09E+11,1.12E+11,1.37E+11,1.86E+11,1.80E+11,1.90E+11,2.00E+11,1.91E+11,1.30E+11,1.51E+11,1.27E+11,1.15E+11,1.29E+11,1.63E+11,2.16E+11,2.61E+11,3.23E+11,3.91E+11,3.65E+11,5.14E+11,6.04E+11,5.46E+11,5.25E+11,5.03E+11,3.49E+11,3.30E+11,3.75E+11,3.59E+11,3.51E+11,2.88E+11,3.70E+11,4.45E+11,4.85E+11,4.58E+11,
Barbados,BRB,"Industry (including construction), value added (current US$)",NV.IND.TOTL.CD,,,,,,,,,,,,,,,,64405227.46,76777123.47,90281542.75,104459802.1,125292099.6,172177198.8,188807239.1,193158653.6,218962859.8,245214537.9,223934768.6,223636454,232188137,254760602.6,268035598.9,376373489.8,351464227.1,298450000,301496544.5,308854969.4,331327996.8,352607766.1,400785561.6,439815045,451449311.4,468300000,448750000,447950000,504050000,519700000,570850000,684188350,688432300,724526350,688247300,753300000,802500000,775150000,781300000,770450000,775550000,755700000,774050000,767250000,773500000,710900000,749150000,882200000,887550000,926550000,
Brunei Darussalam,BRN,"Industry (including construction), value added (current US$)",NV.IND.TOTL.CD,,,,,,,,,,,,,,,2240007305,2387815869,2934934434,3496988519,3867929758,5810051398,10527951482,8984962516,8382092088,7350399730,6986120323,6309021783,3402216627,4033658737,3459955406,3744174434,4606976377,4659103875,4502249217,4230947443,4185258314,5171187794,4953532273,5245183276,3409628574,4049103901,4354376515,3825190780,3994983491,4765426192,6049891671,7715595678,9474138368,9858452314,12172922246,8016846434,9410397878,13647660848,13839763534,12669964737,11600792398,7934389280,6531139895,7243013388,8580366575,8420335738,7099465175,8782292472,11331031302,9319884296,9461523867,
Bhutan,BTN,"Industry (including construction), value added (current US$)",NV.IND.TOTL.CD,,,,,,,,,,,,,,,,,,,,,15661116.8,25094718.81,28357393.64,34708153.31,35982821.86,33370696.31,39815775.85,64717308.95,64128589.3,64637527.35,72630593.88,62640443.97,67532973.02,67662671.51,77762419.92,98876183.01,103402639.1,118935711.3,119673943.1,144240366.2,153508623,175746970.3,199851722.8,235639329.3,254243158.5,292901138.8,335665798.1,522674168.4,537753131.6,525333753.5,672016160.2,740024189.2,754084368.5,755019077.9,786433065.8,841611053.9,906436920.7,1011637127,911018856.2,905344468.6,781296417,875586102.4,922356479.6,885926376.4,,
Botswana,BWA,"Industry (including construction), value added (current US$)",NV.IND.TOTL.CD,4053995.326,4046207.188,4054313.614,4042852.729,5615684.153,8794780.089,7392086.005,8785998.187,8228753.776,15110221.05,26520978.09,35160658.24,45417609.09,65623226.16,85359769.35,110140796.3,118392529.6,146622167.3,220912218.3,350303739.7,465630930.6,440101919.6,439416468.1,559518144.3,640609439.7,632697823.5,806856739,1140331912,1637328912,1894176643,2157120850,2111219224,2059202029,1991849200,1842538511,2076396063,2202181008,2293975424,2086027762,2457049387,2680027304,2457576525,2391201939,2975819431,3477464084,4250742901,4624742518,4806461898,4411407590,3330477690,4711041322,6260674388,5225776278,5581139036,6463047690,5079984277,6085114435,5975174684,5927172037,5343443509,3992976143,6195066445,7611719739,6613624454,5696305360,
Central African Republic,CAF,"Industry (including construction), value added (current US$)",NV.IND.TOTL.CD,,,,,,,,,,,,,,,,,,,,,,,,,,,,,,,,,,,,,,,,,,,,,,,,,,508031769.8,525147561.2,649438498.3,690864012,409202579.2,369159076.6,375205701.7,394901759.4,429747867.4,456539053.1,455632693.8,475772281.9,543244565.1,504097768.3,529161077.8,551219400.7,
Canada,CAN,"Industry (including construction), value added (current US$)",NV.IND.TOTL.CD,,,,,,,,,,,,,,,,,,,,,,,,,,,,,,,,,,,,,,1.82E+11,1.70E+11,1.89E+11,2.20E+11,2.10E+11,2.10E+11,2.50E+11,2.91E+11,3.43E+11,3.81E+11,4.21E+11,4.56E+11,3.45E+11,4.26E+11,4.87E+11,4.87E+11,4.91E+11,4.90E+11,3.80E+11,3.56E+11,3.96E+11,4.25E+11,4.20E+11,3.72E+11,5.12E+11,,,,
Central Europe and the Baltics,CEB,"Industry (including construction), value added (current US$)",NV.IND.TOTL.CD,,,,,,,,,,,,,,,,,,,,,,,,,,,,,,,,,,,,1.23E+11,1.30E+11,1.27E+11,1.37E+11,1.29E+11,1.24E+11,1.34E+11,1.49E+11,1.80E+11,2.25E+11,2.61E+11,3.01E+11,3.81E+11,4.60E+11,3.84E+11,3.93E+11,4.46E+11,4.03E+11,4.04E+11,4.30E+11,3.83E+11,3.83E+11,4.11E+11,4.61E+11,4.64E+11,4.54E+11,5.12E+11,5.35E+11,6.28E+11,6.41E+11,
Switzerland,CHE,"Industry (including construction), value added (current US$)",NV.IND.TOTL.CD,,,,,,,,,,,,,,,,,,,,,,,,,,,,,,,81098459545,81318650628,82529062011,78960334326,89891639248,1.03E+11,95325702265,80438027975,80868808801,78285177739,71111286712,75211495615,81760665341,94162772704,1.03E+11,1.08E+11,1.15E+11,1.27E+11,1.47E+11,1.37E+11,1.48E+11,1.79E+11,1.69E+11,1.74E+11,1.77E+11,1.68E+11,1.66E+11,1.68E+11,1.77E+11,1.78E+11,1.84E+11,2.09E+11,2.03E+11,2.21E+11,2.32E+11,
Channel Islands,CHI,"Industry (including construction), value added (current US$)",NV.IND.TOTL.CD,,,,,,,,,,,,,,,,,,,,,,,,,,,,,,,,,,,,,,,,,,,,,,,,,,,,,,,,,703780544.8,735380815.8,794458911.8,795616667.4,722532051.3,989048847.1,947980160.3,1028166441,,
Chile,CHL,"Industry (including construction), value added (current US$)",NV.IND.TOTL.CD,1473432727,1728687619,2122568998,2208744143,2402031209,2435703516,2808362763,2805080900,2961373618,3575442214,3781793846,4198094684,4472882937,6895699883,7899580572,2906108460,4132461521,5043188525,5757310081,8132771116,10829727346,12481466194,7005060291,7853457399,7547650312,6959345469,6682337197,8055590981,10728654322,11952684145,12995161443,14144232401,16203461608,17248482268,20853416627,27941018026,24242972810,25715125309,22407640084,20423550585,21804225051,20386327427,20037924927,22730027516,32449864404,41623182141,59513948385,64626536347,57537471670,54778600268,72640317690,81552916812,81598234980,81638567115,75020564490,67596711884,66773470030,75614228911,82430422291,75466572920,75779677656,97309631935,93479785971,96639351454,99363650038,
China,CHN,"Industry (including construction), value added (current US$)",NV.IND.TOTL.CD,26508961499,15984180739,14781812886,16768157075,21094244111,24717595882,29059931132,24697285614,22040702589,28231272207,37293713688,41835089562,48622178591,59328968903,61179731652,74130710288,69330874646,81697772070,71346073862,83710091404,91861887879,90040464155,91512266653,1.02E+11,1.12E+11,1.32E+11,1.31E+11,1.18E+11,1.36E+11,1.48E+11,1.48E+11,1.59E+11,1.84E+11,2.05E+11,2.61E+11,3.43E+11,4.07E+11,4.53E+11,4.71E+11,4.96E+11,5.52E+11,6.00E+11,6.54E+11,7.57E+11,8.98E+11,1.07E+12,1.31E+12,1.66E+12,2.16E+12,2.34E+12,2.83E+12,3.51E+12,3.88E+12,4.23E+12,4.51E+12,4.52E+12,4.45E+12,4.91E+12,5.51E+12,5.50E+12,5.54E+12,6.93E+12,6.94E+12,6.72E+12,6.84E+12,
Cote d'Ivoire,CIV,"Industry (including construction), value added (current US$)",NV.IND.TOTL.CD,71764506.42,85806154.07,90223100.08,111875509.1,147957836,146494170.3,183166222.7,204470757.7,208834296.5,210031847,269172016.7,311959277.2,365039321.3,445064255.1,493966318.5,663515805.2,762919537.2,949610460.9,1301982520,1559784797,2008713029,1567455585,1610894485,1468879339,1337423196,1377812156,1949109225,2256088325,2322881027,2125524741,2835768826,2581025397,2726009160,2513340426,1749157863,2284510377,2478631565,2772290406,2872739895,2711283807,2310378161,2383501500,2617980931,3232887259,3650269624,3899792102,4192658046,4740574921,5932625015,6105152357,5581626975,6150746846,6437289591,8115691540,9693162429,9218692760,10078841389,10401940561,11184629788,13068090256,13048154289,16089824066,16343840398,19307009623,20945370758,
Cameroon,CMR,"Industry (including construction), value added (current US$)",NV.IND.TOTL.CD,,,,,,165264980.6,175839607.8,188210665.7,203987041.5,213878621.5,214541747.4,237873441.3,282508735,353987434.2,385534760,521200547.4,549486203.2,624390247.2,744053375.8,1221784456,1566644668,1825331601,1999657568,2275721073,2532974328,2932411634,3851923911,3791315580,3465369014,3189663023,3541038258,3419625616,3031072237,4713613854,2679880836,3138228420,3308828696,3065013653,3111985619,3176039956,3009647186,2868096926,3411712846,4539305131,5210509725,5456074788,6002271798,6490580257,7649392255,7405380482,7109179535,7895656201,8028746801,9019689639,9354181153,8082026755,8177031870,8758299977,9861921773,9451588213,9393365984,11024573167,12031556364,12267509219,12383537936,
"Congo, Dem. Rep.",COD,"Industry (including construction), value added (current US$)",NV.IND.TOTL.CD,,,,,,,,,,,,,,,,,,,,,,,,,,,,,,,,,,,923810647,951710010,1867294744,1294303238,1271270835,881686236.4,4276811594,2232666667,2846941009,2579197597,3272789809,3998040850,4535949732,6314202655,7487818821,6685859468,7031757075,10197071865,11763292796,13950057141,15962445670,16287849693,14920936919,14749777785,17831823150,16148367935,16417690363,25016732744,29547377822,27588920549,28291973628,
"Congo, Rep.",COG,"Industry (including construction), value added (current US$)",NV.IND.TOTL.CD,22431120.27,27317940.2,29794237.22,30610205.28,33057559.85,37541687.49,43552865.81,47154291.75,48472178.35,51546277.94,65845851.81,70454131.39,87292017.39,119790470,148729978.1,248701781.4,283740781.9,242185264.6,259244320.1,436250953.4,795155025.8,1014604666,1135705716,1139435056,1241313023,1165019250,603711913.6,822325903.9,661904276.8,907543776.2,1137495606,981897256.5,1041588742,947512206.4,804784259.2,949416997.7,1317167040,1320781999,897869999.6,1442791961,2329036076,1831518604,1921254991,2143310083,3067292518,4103743348,5055619161,5012325521,7449149539,5415678543,8701499453,10312810970,11555279136,11132486709,10393459880,6053127859,4202817079,5439974649,8035818639,7006302850,3893821220,6359287518,7789183867,6928738204,6307103212,
Colombia,COL,"Industry (including construction), value added (current US$)",NV.IND.TOTL.CD,,,,,,1577238095,1418074074,1630625849,1634513280,1774883528,1989622754,2168682556,2493654735,3148521320,3711730240,3827176461,4730278138,5900060368,6970737946,8249001723,10550908133,11136151751,12034382032,12200133152,12723862425,12074762651,12640079728,12639045006,14207972436,14607826557,15069386374,15554433299,17350561682,20046257025,23787714434,27038882390,27709093467,28881976653,25981558913,23029620368,27271660534,26732978925,26963515315,27355973791,34806765418,44187066791,50015801677,63063003636,77919229570,72639562982,89878475353,1.12E+11,1.24E+11,1.25E+11,1.18E+11,83907848232,78282827456,83626662575,89884170640,83967008909,63367593048,78214717561,90289583821,90446849308,96582736123,
Comoros,COM,"Industry (including construction), value added (current US$)",NV.IND.TOTL.CD,,,,,,,,,,,,,,,,,,,,,29709306.69,25996137.85,24676468.1,23947844.34,23082511.82,23429260.71,31510072.11,38241936.38,41065079.89,40118784.76,49016741.61,48897597.24,53288116.11,52212165.21,38425594.39,47943861.45,47909642.61,44285778.42,44423383.15,45397243.37,41440817.53,45498821.98,52164913.41,66747598.6,76006107.85,79998350.06,84041119.23,98744958.46,111121065.9,109304810,106917446.1,119673660.5,114004713.4,130020466.4,133477762.6,100548303.8,99810056.7,98449442.63,104615758.4,101341070.9,98591317.29,119326134.8,117832912.2,126418207.7,137717886.5,
Cabo Verde,CPV,"Industry (including construction), value added (current US$)",NV.IND.TOTL.CD,,,,,,,,,,,,,,,,,,,,,24125127.63,24200473.53,22232696.83,23924866.72,23240697.58,24768762.53,33973064.07,44002116.14,51020353.14,55516348.1,92268413.63,96991960.28,115654356.2,110480936.8,124247750.1,137834567.3,145226656.4,128575542.6,137669065.2,138489501.7,117266784.8,107911063.5,118228459.5,150664604.4,168506342,186778105.4,211460623.2,231137477.6,303378873.1,295807826,272644469.7,298220940.4,267961611.3,295780288.3,315594505.9,255757282.3,234310110.4,249968156.7,322577170.5,299206177.4,267526651.5,256873193.7,248943789.2,274938534.8,290730792.8,
Costa Rica,CRI,"Industry (including construction), value added (current US$)",NV.IND.TOTL.CD,102194702.2,99862743.13,97848152.66,109321664.3,117862889.3,136588679.2,147954717,161449056.6,185630188.7,204271698.1,237313207.5,272735518.7,323255463.5,408214049.6,459571248.4,536744457.4,662205367.6,803827304.6,918413068.8,1067666278,1302928821,698486762.1,670925853.9,900412460,1078080115,1131376238,1220652330,1249896447,1256531205,1412635927,1467675333,1974874220,2392074816,2616733627,2791208541,3076449631,3034740744,3285033474,3555932172,3668201540,3820216690,4028648308,4073349585,4176179993,4591059167,4863770562,5388096166,6423775208,7254920726,7232233868,8783106131,9660019132,10487731174,10875192793,10723913734,11270254154,11563445993,11688395474,12208225295,12389873751,12708645110,13385672261,14296342394,17696833401,18790634042,
Caribbean small states,CSS,"Industry (including construction), value added (current US$)",NV.IND.TOTL.CD,,,,,,,555441622.3,625132443.9,656633131.2,667959816.8,682369877.8,744026441.1,844315668.8,1057335671,1901994774,2167950500,2249644144,2758538170,3011823318,3872920538,5293616216,5476162937,5335788871,5055419907,5291839534,4863670003,3251649447,3416438865,3446262363,3378143297,3783003186,3793682682,3688104704,3292589750,3872979755,4047476512,4387415962,4644654172,4635514457,5108495363,6493096452,6391539128,6536287898,8579515688,10140429547,12915795294,15725119869,17581000497,23126931074,15218482744,17388209348,20209694925,18818609273,18869630275,18922746139,15480090803,14042537880,15049174932,15598844869,15171045897,12995360091,18352601554,28381020537,25842892675,33557143457,
Cuba,CUB,"Industry (including construction), value added (current US$)",NV.IND.TOTL.CD,,,,,,,,,,,964146100,1171202400,1377926863,1691435103,1931205366,2206259756,2337286114,2406211928,3019556234,3312409589,3376296806,3429644819,3536654941,3739036787,4056486739,3934218364,4202212023,4077017805,4569085752,4608101628,4972161569,4138048997,3713363649,3644444189,4811917568,5465476446,6676000000,6995700000,6670600000,7202700000,7804900000,7877000000,7961400000,8079900000,8419800000,9179866100,10843888889,12223796296,12604074074,12993518519,13636111111,15356000000,17091000000,17860000000,17867000000,19477500000,20962931100,23589549700,24890354400,25391000000,24711000000,,,,,
Curacao,CUW,"Industry (including construction), value added (current US$)",NV.IND.TOTL.CD,,,,,,,,,,,,,,,,,,,,,,,,,,,,,,,,,,,,,,,,,313621955.3,374368938.5,356614748.6,340957821.2,336186312.8,361304860.3,395478882.7,425284413.4,431085698.3,486179162,443283687.2,399625377,415359388.2,465317949.3,500474605.8,504808612.9,518848162.8,467448952.1,439064956.6,401707033.1,303731403.5,313321086.8,344083786,383523263.5,433975370.4,
Cayman Islands,CYM,"Industry (including construction), value added (current US$)",NV.IND.TOTL.CD,,,,,,,,,,,,,,,,,,,,,,,,,,,,,,,,,,,,,,,,,,,,,,,412829244.7,431031653.1,416611971.5,338407855.3,293693610.2,285210736.7,294274775.4,305055165.3,314662677.9,329856041.1,357590767.3,371652937.3,410029033.3,457998596.1,460058614.6,507147210.1,538177766.8,568021144.5,,
Cyprus,CYP,"Industry (including construction), value added (current US$)",NV.IND.TOTL.CD,,,,,,,,,,,,,,,,123335944.1,166149954.6,227705557.3,319374692.3,428066011.2,724809618.6,676529846.6,666375585.7,649990767.5,661295214.4,692459117.1,852756271.2,1018709379,1176726851,1212803669,1449576569,1542918939,1766742894,1626491991,1724670476,1992485123,2016563363,1876555302,1971501131,1940871629,1766100848,1808590164,2047668269,2620400906,3129382500,3297946773,3579003889,4361617848,4983253259,4155857107,3735603049,3523015977,2945073991,2575496218,2316292206,2028943876,2280703017,2603800697,3096256021,3350294870,3277053498,3486915342,3238886128,3975336274,4190903679,
Czechia,CZE,"Industry (including construction), value added (current US$)",NV.IND.TOTL.CD,,,,,,,,,,,,,,,,,,,,,,,,,,,,,,,,,,14234567935,16643544728,21261228335,24331926086,22171263084,23224446427,22011617278,20707854543,22989296897,27311002914,32350455528,40192375038,46027073055,53552815592,64894376087,79517212697,68283900750,69226447449,77101402866,68603396756,68966774113,70709285800,63379561970,65444781249,71419926136,78734862459,79137023188,74511390442,82974959445,88190777925,1.04E+11,1.01E+11,
Germany,DEU,"Industry (including construction), value added (current US$)",NV.IND.TOTL.CD,,,,,,,,,,,,,,,,,,,,,,,,,,,,,,,,6.24E+11,6.91E+11,6.29E+11,6.60E+11,7.60E+11,7.11E+11,6.23E+11,6.27E+11,6.04E+11,5.36E+11,5.23E+11,5.42E+11,6.49E+11,7.37E+11,7.43E+11,8.00E+11,9.22E+11,9.92E+11,8.29E+11,9.03E+11,1.00E+12,9.55E+11,9.85E+11,1.03E+12,8.86E+11,9.26E+11,9.78E+11,1.05E+12,1.01E+12,9.95E+11,1.10E+12,1.07E+12,1.22E+12,1.20E+12,
Djibouti,DJI,"Industry (including construction), value added (current US$)",NV.IND.TOTL.CD,,,,,,,,,,,,,,,,,,,,,,,,,,,,,,,,,,,,,,,,,,,,,,,,,,,,,,232791847.9,257881736,276263068,295368244,342729278.5,407640768.4,451291907,457336409.9,522693579.8,535522176.3,562638531.2,660768060,
Dominica,DMA,"Industry (including construction), value added (current US$)",NV.IND.TOTL.CD,,,,,,,,,,,,,,,,,,4727793.704,5782150.37,5594194.815,9983485.926,10980823.7,12210726.67,12255715.93,13107524.81,13473061.48,13797090.74,15628936.3,19765772.96,22953968.15,25148148.15,27785185.19,32533333.33,34574074.07,36266666.67,39581481.48,41977777.78,44133333.33,48092592.59,49955555.56,52888888.89,78277777.78,82288888.89,65840740.74,66755555.56,62937037.04,68618518.52,71840740.74,70077777.78,67877777.78,70403703.7,78666666.67,78166666.67,73329629.63,77488888.89,69640740.74,76655555.56,65618518.52,103203703.7,105966666.7,64233333.33,73407407.41,78548148.15,84062962.96,95588888.89,
Denmark,DNK,"Industry (including construction), value added (current US$)",NV.IND.TOTL.CD,,,,,,,3406064559,3674978307,3730659467,4150114667,4503631467,5004844539,6018425309,7746690636,8542655827,10017302565,10538781969,11625109108,13686736119,15504408858,16247197253,13492150097,13218495151,13340060142,13251787652,14194318825,19840163639,24840608014,26078000743,25509159257,31287923117,31132843117,34347977999,30964455343,33723583310,40872759353,41819214824,38949730638,39522476421,40299927181,38845178582,37753985317,40504653755,48422958089,55782425932,58629624639,64287653528,70633604717,80257288794,64026868436,62431686633,68332610646,64870424501,68010725071,68465218561,59037451909,63160516045,67726904929,73103614422,71291624095,69543839825,78757342122,82699052730,95560861706,1.02E+11,
Dominican Republic,DOM,"Industry (including construction), value added (current US$)",NV.IND.TOTL.CD,,,,,,187418072,237280713,271645506,267602589,314866212,373777285,432784619,528563243,633197781,801556388,1095919236,1192082900,1302781909,1331467271,1589155087,1805836177,1932899277,2192801168,2409385997,2818490578,876746656.5,1394680847,1160950154,1315947109,2052883294,2138837930,3303246991,3754582784,4213479384,4749646986,5353442370,6118945649,6427987399,7133691162,7340151878,7697743905,7612132027,8436517103,6823822806,7101408711,10829637813,11784362587,13430105245,14127100583,13192180066,14673158962,15960836724,16571501406,17542301137,19022687955,19114592965,19552752338,20387483580,22880279032,24387205049,22640542300,29279430022,34980236256,35304137570,35699314995,
Algeria,DZA,"Industry (including construction), value added (current US$)",NV.IND.TOTL.CD,,,,,,,,,,,,,,,,,,,,,,,,,,,,,,,,,,,,,,,,21518170604,29220250835,24249336149,24462933238,30892018506,41344118700,51924927768,62639282983,71771002303,93107235982,63152623857,80435637988,98220961527,98114865840,91292201934,92139669562,61416426559,58215291061,63565848624,68761894287,64952768312,49500902373,67641932293,97117704341,93089605184,97483028422,
East Asia & Pacific (excluding high income),EAP,"Industry (including construction), value added (current US$)",NV.IND.TOTL.CD,39108118327,25932716331,23164872987,26189305049,32234499353,37487775261,43731776242,38683182632,35687661204,44472238074,55866045874,62645321135,72713028477,90039679816,96953664592,1.15E+11,1.12E+11,1.32E+11,1.24E+11,1.48E+11,1.66E+11,1.67E+11,1.70E+11,1.86E+11,1.97E+11,2.12E+11,2.06E+11,2.03E+11,2.28E+11,2.49E+11,2.65E+11,2.91E+11,3.31E+11,3.73E+11,4.52E+11,5.69E+11,6.64E+11,6.96E+11,6.27E+11,6.84E+11,7.59E+11,8.09E+11,8.91E+11,1.02E+12,1.20E+12,1.42E+12,1.72E+12,2.16E+12,2.74E+12,2.91E+12,3.54E+12,4.34E+12,4.75E+12,5.11E+12,5.40E+12,5.35E+12,5.31E+12,5.85E+12,6.53E+12,6.57E+12,6.53E+12,8.05E+12,8.18E+12,7.96E+12,8.10E+12,
Early-demographic dividend,EAR,"Industry (including construction), value added (current US$)",NV.IND.TOTL.CD,,,,,,71663577569,71804382446,71989604264,78634862861,89279995161,93992444801,1.06E+11,1.18E+11,1.59E+11,2.59E+11,2.62E+11,2.99E+11,3.30E+11,3.56E+11,4.37E+11,5.41E+11,5.95E+11,5.36E+11,5.23E+11,5.14E+11,4.82E+11,4.64E+11,4.69E+11,5.14E+11,5.25E+11,6.36E+11,6.72E+11,7.23E+11,8.02E+11,8.40E+11,8.88E+11,9.83E+11,1.05E+12,9.48E+11,1.01E+12,1.14E+12,1.11E+12,1.12E+12,1.23E+12,1.48E+12,1.78E+12,2.10E+12,2.46E+12,2.87E+12,2.52E+12,3.12E+12,3.61E+12,3.74E+12,3.68E+12,3.67E+12,3.28E+12,3.33E+12,3.68E+12,3.85E+12,3.81E+12,3.41E+12,4.27E+12,4.92E+12,5.03E+12,5.12E+12,
East Asia & Pacific,EAS,"Industry (including construction), value added (current US$)",NV.IND.TOTL.CD,1.48E+11,99225713957,89947488330,1.03E+11,1.25E+11,1.45E+11,1.69E+11,1.53E+11,1.45E+11,1.81E+11,2.26E+11,2.54E+11,2.97E+11,3.74E+11,4.15E+11,4.77E+11,4.92E+11,5.86E+11,5.97E+11,7.28E+11,8.33E+11,8.59E+11,8.78E+11,9.57E+11,1.03E+12,1.09E+12,1.11E+12,1.20E+12,1.40E+12,1.57E+12,1.70E+12,1.88E+12,2.05E+12,2.23E+12,2.60E+12,2.95E+12,2.86E+12,2.71E+12,2.39E+12,2.64E+12,2.86E+12,2.60E+12,2.63E+12,2.91E+12,3.30E+12,3.58E+12,3.87E+12,4.38E+12,5.08E+12,5.15E+12,6.15E+12,7.13E+12,7.60E+12,7.73E+12,8.01E+12,7.83E+12,7.92E+12,8.58E+12,9.38E+12,9.38E+12,9.34E+12,1.11E+13,1.09E+13,1.07E+13,1.09E+13,
Europe & Central Asia (excluding high income),ECA,"Industry (including construction), value added (current US$)",NV.IND.TOTL.CD,,,,,,,,,,,,,,,,,,,,,,,,,,,,85797060577,98056132733,1.12E+11,1.22E+11,1.31E+11,1.23E+11,1.10E+11,90962749143,1.26E+11,1.28E+11,1.34E+11,1.29E+11,1.11E+11,1.09E+11,91911706684,1.05E+11,1.34E+11,1.74E+11,2.23E+11,2.71E+11,3.45E+11,4.21E+11,3.28E+11,3.95E+11,4.71E+11,4.93E+11,5.38E+11,5.20E+11,4.33E+11,4.18E+11,4.41E+11,4.42E+11,4.30E+11,4.09E+11,5.12E+11,5.62E+11,6.08E+11,6.53E+11,
Europe & Central Asia,ECS,"Industry (including construction), value added (current US$)",NV.IND.TOTL.CD,,,,,,,,,,,,,,,,,,,,,,,,,,,,,,,,2.75E+12,2.84E+12,2.52E+12,2.61E+12,2.95E+12,2.96E+12,2.78E+12,2.77E+12,2.69E+12,2.55E+12,2.53E+12,2.72E+12,3.26E+12,3.81E+12,4.08E+12,4.48E+12,5.22E+12,5.77E+12,4.74E+12,4.94E+12,5.54E+12,5.30E+12,5.46E+12,5.48E+12,4.72E+12,4.66E+12,5.01E+12,5.41E+12,5.30E+12,5.04E+12,5.93E+12,6.24E+12,6.60E+12,6.72E+12,
Ecuador,ECU,"Industry (including construction), value added (current US$)",NV.IND.TOTL.CD,455711926.8,380028533.3,329349056.2,404263899.4,533269622.1,568680397.9,615152658.1,628999290.7,646656748.6,798596527.7,786082533.5,780994096.2,861834818.9,948904525.3,1746335495,1980838822,2453094032,3078068395,3229314842,4067917532,4792907803,6157632506,5898512387,4755900076,4993726995,5058160859,4159918601,3792628669,3799872139,4021983530,4591564359,5171344672,5901417709,5413193597,6415214607,6631212606,6757943972,7286468234,7223893947,5653973987,6084947474,6582841000,7570028000,8529944000,10440137000,12939368000,15897346000,17664010000,23795568000,18684503000,23107509000,29545509000,32542465000,35569069000,36682574000,27306206000,26892817000,29739813000,30109961000,28674787000,22989628000,29312930000,34356347000,33406817000,33054938600,
"Egypt, Arab Rep.",EGY,"Industry (including construction), value added (current US$)",NV.IND.TOTL.CD,906840645.3,991264695.2,999038292.8,1048799056,1179208939,1191131498,1266350097,1334586466,1348364486,1573607748,1722682743,1904616169,2014994829,2069732188,2148140453,2955501973,3165839126,3557270654,3875985446,6258428571,7235291585,6924459459,8309113300,8852153667,9772092023,11557952047,11504209542,10494893951,9601930551,10571044713,11778824406,12013958691,13147473896,14507803121,15830367734,18195222648,19963443396,22746312684,24299291617,25762606901,30702216351,29874447439,27743573034,26792730769,27312240260,30617815518,38839617391,45738528897,58960618182,67745735027,78362250454,84842340792,1.10E+11,1.15E+11,1.22E+11,1.21E+11,1.08E+11,85426530571,92772235791,1.14E+11,1.24E+11,1.32E+11,1.56E+11,1.30E+11,1.27E+11,
Euro area,EMU,"Industry (including construction), value added (current US$)",NV.IND.TOTL.CD,,,,,,,,,,,,,,,,,,,,,,,,,,,,,,,,1.75E+12,1.89E+12,1.67E+12,1.74E+12,1.99E+12,1.97E+12,1.78E+12,1.82E+12,1.79E+12,1.63E+12,1.63E+12,1.75E+12,2.13E+12,2.43E+12,2.50E+12,2.68E+12,3.08E+12,3.33E+12,2.85E+12,2.81E+12,3.03E+12,2.78E+12,2.87E+12,2.92E+12,2.56E+12,2.63E+12,2.78E+12,3.00E+12,2.93E+12,2.86E+12,3.25E+12,3.23E+12,3.60E+12,3.58E+12,
Eritrea,ERI,"Industry (including construction), value added (current US$)",NV.IND.TOTL.CD,,,,,,,,,,,,,,,,,,,,,,,,,,,,,,,,,51338555.19,63680868.97,68051948.05,87187500,131121493.9,144029778.2,143739481.4,143806301.6,135345454.5,139440885.4,139839007.8,171409330.1,217515865.8,224763915.6,219861092.7,252987948,357671544.7,405118699.2,,,,,,,,,,,,,,,,
Spain,ESP,"Industry (including construction), value added (current US$)",NV.IND.TOTL.CD,,,,,,,,,,,,,,,,,,,,,,,,,,,,,,,,,,,,1.74E+11,1.81E+11,1.66E+11,1.73E+11,1.77E+11,1.68E+11,1.76E+11,1.97E+11,2.49E+11,2.89E+11,3.13E+11,3.39E+11,3.88E+11,4.28E+11,3.71E+11,3.28E+11,3.26E+11,2.77E+11,2.73E+11,2.74E+11,2.40E+11,2.46E+11,2.63E+11,2.83E+11,2.80E+11,2.59E+11,2.97E+11,3.07E+11,3.23E+11,3.36E+11,
Estonia,EST,"Industry (including construction), value added (current US$)",NV.IND.TOTL.CD,,,,,,,,,,,,,,,,,,,,,,,,,,,,,,,,,,,,1232978757,1271095071,1345862263,1431971298,1372632027,1414974661,1586220571,1878115287,2578364950,3088914286,3704488248,4587246268,6026148371,6361281676,4570036121,4692590806,5906767684,5723763083,6280807004,6522050084,5388646703,5706519453,6367658072,7271332955,7112112238,6927925394,8493350420,8826825332,8852077017,8689987925,
Ethiopia,ETH,"Industry (including construction), value added (current US$)",NV.IND.TOTL.CD,,,,,,,,,,,,,,,,,,,,,,640244541.1,680842560.4,726855893.7,821164541.1,869777729.5,955727053.1,1158515700,1120993237,1184137391,1132761304,979779903.4,639444638.7,658300184.9,566945895.9,711693101.1,836304021.7,1048073159,904596079.9,939100573.8,940490592.8,981826761,1000215084,1112413251,1285195847,1461949686,1771405799,2284013589,2762680333,3141068231,2824291475,3088120223,4104183715,5214892788,7491703730,10121486938,15018512808,18008578129,22756003341,22795498352,22796608208,23832033485,27974431910,33266981204,37966610104,
European Union,EUU,"Industry (including construction), value added (current US$)",NV.IND.TOTL.CD,,,,,,,,,,,,,,,,,,,,,,,,,,,,,,,,1.93E+12,2.07E+12,1.83E+12,1.92E+12,2.20E+12,2.19E+12,1.99E+12,2.04E+12,2.00E+12,1.83E+12,1.84E+12,1.98E+12,2.40E+12,2.75E+12,2.86E+12,3.08E+12,3.57E+12,3.90E+12,3.32E+12,3.31E+12,3.60E+12,3.30E+12,3.39E+12,3.46E+12,3.05E+12,3.11E+12,3.30E+12,3.57E+12,3.50E+12,3.41E+12,3.88E+12,3.89E+12,4.34E+12,4.34E+12,
Fragile and conflict affected situations,FCS,"Industry (including construction), value added (current US$)",NV.IND.TOTL.CD,,,,,,,,,,,,,,,,,,,,,,,,,,,,,,,,,,,,,,,,,,,,,,,,,,,,,,,,,,,,,,,,,,
Finland,FIN,"Industry (including construction), value added (current US$)",NV.IND.TOTL.CD,,,,,,,,,,,,,,,,10458792630,10846516387,11221581821,12192914079,15256989773,18262671342,17613667677,17287529296,16616140051,16947962010,17279355334,22151067323,27915595834,32813077470,36175696273,41334162650,33877370975,29548712503,24051212657,29151963574,39573801743,38106393994,36838850074,40921228304,41168812629,39809548088,40085690765,42275655693,50687297173,58005652828,59932804781,65650240087,78631177500,84466957326,65048467809,65314083017,68889257422,60135818576,62967404357,63069246235,54347269921,56056894344,62117778851,66031890461,64475014918,65413571160,71297951372,70570054484,69241199096,68055754353,
Fiji,FJI,"Industry (including construction), value added (current US$)",NV.IND.TOTL.CD,,,,29593250.22,33119254.5,33371111.95,33844992.45,37548178.54,37902210.01,38540713.63,45626504.64,46533380.1,63500988.87,83855436.25,112958724.1,139922592.4,142584227.7,136684687.8,148918656.9,200899080.2,242430910.9,237062484.6,233324289,200050146.5,199796415.5,199063069.4,235111654.9,226781513.6,217262200.2,252692416.3,281947764.5,296874063.9,336509732.9,364195618.7,400982088.3,410200855.7,442172023.1,446291582.2,346483848.3,368394999,328718773.9,340809530.7,364833783,429175932.9,535160415.5,490304107.6,497189521.7,522991119.7,566742988,478757375.9,532967319.9,658121854.9,664240990.9,684524053.2,729185760.9,710391680.1,798827037.4,840176062.9,867203815.3,910621354.5,791080802.6,753344508.7,885751703.3,946347425.1,982586077.7,
France,FRA,"Industry (including construction), value added (current US$)",NV.IND.TOTL.CD,18915301706,20733942742,22722516704,25106626490,28287919665,30616226614,32888464998,35072747481,37556903782,40339943608,42686311563,48458387593,58174252276,76324248674,81048690671,1.02E+11,1.03E+11,1.14E+11,1.40E+11,1.67E+11,1.92E+11,1.64E+11,1.52E+11,1.44E+11,1.34E+11,1.39E+11,1.93E+11,2.30E+11,2.50E+11,2.46E+11,3.05E+11,3.03E+11,3.31E+11,3.00E+11,3.05E+11,3.53E+11,3.43E+11,3.09E+11,3.18E+11,3.12E+11,2.88E+11,2.85E+11,3.04E+11,3.66E+11,4.15E+11,4.24E+11,4.41E+11,5.02E+11,5.45E+11,4.87E+11,4.66E+11,5.07E+11,4.69E+11,4.95E+11,4.96E+11,4.21E+11,4.19E+11,4.34E+11,4.65E+11,4.60E+11,4.31E+11,4.77E+11,4.41E+11,5.54E+11,5.44E+11,
Faroe Islands,FRO,"Industry (including construction), value added (current US$)",NV.IND.TOTL.CD,,,,,,,,,,,,,,,,,,,,,,,,,,,,,,,,,,,,,,,189424380,205784204.7,190359097.9,216008594.2,246988048,282633943.7,312515804.8,303339553.2,341832165.2,394547753.4,431334542,366526533.9,331947920.3,358391360.9,344515885.8,371596164.9,456572840.4,424322155.5,438892419.4,515743629.3,570374871.4,624324625.4,686715930.8,717292649.4,641026378.2,781847972.8,741680148.4,
"Micronesia, Fed. Sts.",FSM,"Industry (including construction), value added (current US$)",NV.IND.TOTL.CD,,,,,,,,,,,,,,,,,,,,,,,,,,,,,,,,,,,,14872066.35,16231729.78,14262370.97,17513880.91,16953266.31,18726387.59,19504467.32,16032933.93,15936500.49,14248649.06,12702680.14,9830464.253,7678145.902,9440269.655,18730468.29,20981980.05,24967072.54,26887224.53,22832457.16,18763957.46,18789003.23,19652600,19491600,19076500,18982600,18173500,19589200,20875400,22331800,23539900,
Gabon,GAB,"Industry (including construction), value added (current US$)",NV.IND.TOTL.CD,47982855.09,52915514.16,55938906.08,58908510.56,66331021.46,76715613.92,85884663.94,102845136.3,134106360.1,145021990.9,154122708.1,173956298.4,220610774.5,345911313.2,978377369.9,1343829513,1876539330,1636683948,1381750068,1871459775,2586147060,2255903736,2193810962,1927487445,2126068950,2221972613,1616749797,1603099459,1378487343,1746976495,2559273291,2410362803,2422613763,1981265106,2205168668,2596622432,3152560530,2857953629,1934225895,2276274239,2858036048,2396603671,2524504265,3063145171,4001704546,5742230399,6141442622,7127260098,9614061896,6110967875,7932588058,11086655783,10100457053,9960707759,9597539417,6930303038,6316058789,6788036206,7949079356,8045524848,6396850477,9735640676,11473287191,10444476520,11053867454,
United Kingdom,GBR,"Industry (including construction), value added (current US$)",NV.IND.TOTL.CD,,,,,,,,,,,,,,,,,,,,,,,,,,,,,,,3.02E+11,3.08E+11,3.13E+11,2.75E+11,3.02E+11,3.30E+11,3.50E+11,3.72E+11,3.83E+11,3.82E+11,3.79E+11,3.61E+11,3.80E+11,4.30E+11,4.91E+11,5.17E+11,5.49E+11,6.12E+11,5.91E+11,4.55E+11,4.63E+11,4.90E+11,4.97E+11,5.20E+11,5.66E+11,5.34E+11,4.78E+11,4.81E+11,5.22E+11,5.14E+11,4.77E+11,5.42E+11,5.35E+11,6.05E+11,6.31E+11,
Georgia,GEO,"Industry (including construction), value added (current US$)",NV.IND.TOTL.CD,,,,,,,,,,,,,,,,,,,,,,,,,,,,2575079600,3070562956,3225142129,2429430585,2185430464,873114024.2,,,,713071375.1,780038535.6,787729607.6,594462778,641993422.7,661161968.3,772108804.8,961340386.4,1239096411,1523108114,1681838070,2126199946,2423879388,2037788980,2097402406,2736037047,3184042893,3159085941,3264656473,3009728194,2953331376,3503420186,3742397475,3528967615,3373643085,3971891676,5329153522,5810841091,6695567758,
Ghana,GHA,"Industry (including construction), value added (current US$)",NV.IND.TOTL.CD,,,,,,382397947,390802297.5,357801725.2,339265113.6,375544909,403980424.3,441847448,374434936.7,559098874.5,524844720.5,590425531.9,531355932.2,505142857.1,440488656.2,493732193.7,527593361,386860465.1,252147525.7,268937389.8,466911285.1,751168592.4,983849259.8,828163265.3,861056170.9,878310172.3,987769806.2,1120180616,1114803708,1481401551,1356102461,1569875077,1634698282,1768882205,1890459670,1961386573,1265839510,1340197262,1558548088,1924203128,2195198417,2699619646,4047957780,4839545195,5563675465,4822684020,5800389235,9387168763,11199709020,21423994881,18535040415,15384427346,15548150571,18086769289,20969948945,21262947506,20916190961,22586021518,23262347644,23734523610,25943326906,
Gibraltar,GIB,"Industry (including construction), value added (current US$)",NV.IND.TOTL.CD,,,,,,,,,,,,,,,,,,,,,,,,,,,,,,,,,,,,,,,,,,,,,,,,,,,,,,,,,,,,,,,,,,
Guinea,GIN,"Industry (including construction), value added (current US$)",NV.IND.TOTL.CD,,,,,,,,,,,,,,,,,,,,,,,,,,,685854806.9,701676577.5,796589267.9,807239131,922947435,921937451.7,882758118.9,932110947.9,850023596.9,1038277244,1149045762,1089328241,1107171610,998824440.6,940012089.2,900206571.6,924050210.4,1093344467,1109113822,941627228.1,1446428511,1932719825,2293502082,2168803182,2214618223,2212931826,2411846868,2482888055,2606694355,2315042091,2587712889,3268169145,3953252665,3950964362,4017007001,4919502006,5276853314,5765622740,6281275886,
"Gambia, The",GMB,"Industry (including construction), value added (current US$)",NV.IND.TOTL.CD,,,,,,,3668006.749,3895791.129,3432005.491,3768006.029,4296006.874,4575104.23,4896736.325,6197115.258,7948907.23,10259706.07,10783255.22,13192215.15,18290826.54,24120744.58,31377416.28,27309224.84,20637603.68,23308035.59,29519611.57,30804797.48,21010918.31,23910154.92,25304009.6,29412218.47,34909287.89,106031838.9,108352617,114767085,109178720.7,116909065.3,175616649.8,125160637.1,135023000.8,127049750.9,116048765.9,101508724.5,91401521,72320496.36,110153634.9,118124778.7,127799463.6,152022835,174325220.2,148074161,151677590.9,162293235.4,169211485.7,163624566.9,162471329,236267060.1,310805392.8,269269763.4,289200320.5,313438923.8,305417580.7,319891187.7,343695393.7,391225116.6,368748412.4,
Guinea-Bissau,GNB,"Industry (including construction), value added (current US$)",NV.IND.TOTL.CD,,,,,,,,,,,43483283.77,45075752.79,51210792.96,56674666.1,65455215.46,71852691.28,45361111.53,67661814.54,63735005.76,61205481.21,53867626.07,64030830.3,61999004.31,48713627.96,51733750.94,58489487.87,67039125.19,55556634.74,57570279.83,90631706.79,110462423.2,61815662.07,61108904,59561388.26,66554950.42,75771269.22,76660790.4,50036031.87,50429921.84,45757743.35,34755906.16,41136339.3,73858911.73,92755687.8,72424492.23,79588754.1,76760402.21,94891142.42,117953347,113553399.2,129260913.7,141807220.7,126409580.7,145973576.2,166680569.2,148966944.2,149691460.5,172074121.2,254420562,249643207.7,211335920.3,225254068.2,235810834.9,320967980.2,346388413.3,
Equatorial Guinea,GNQ,"Industry (including construction), value added (current US$)",NV.IND.TOTL.CD,,,,,,,,,,,,,,,,,,,,,,,,,,,,,,,,,,,,,,,,,,,,,,,8363235410,10627529384,16658876079,11319646504,12194159196,16672583359,17308765639,15901767522,15277377249,7792706091,5882343859,6937711479,7503943791,5917919143,4492327780,6132589695,7693961123,5737430856,5840681653,
Greece,GRC,"Industry (including construction), value added (current US$)",NV.IND.TOTL.CD,,,,,,,,,,,,,,,,,,,,,,,,,,,,,,,,,,,,26334956611,27095828143,25273607887,25838434221,26305903545,23534019965,25290439991,28584975503,40383235911,48117546167,44587751222,55163757456,58905455381,58535933818,52598168475,44656882580,40726048111,35348056684,35635583778,33085115054,28096724167,27623208835,27139404099,29180155383,27807891236,27356491149,32246086337,36448208972,36072069684,38431968572,
Grenada,GRD,"Industry (including construction), value added (current US$)",NV.IND.TOTL.CD,,,,,,,,,,,,,,,,,,7755061.481,9287406.296,11450353.33,11312015.19,13526671.11,17211904.07,17161420.37,18180518.89,21548918.15,25074194.81,30476727.04,34080108.89,35933000,36991545.19,46087407.41,47373111.11,46121000,50257074.07,54235592.59,57078851.85,63417592.59,74239037.04,83707666.67,93137444.44,85935000,89788629.63,100524629.6,100123703.7,158919481.5,135706185.2,142773185.2,145000000,113577037,113411111.1,103896296.3,98529629.63,112892592.6,116766666.7,122874074.1,129044444.4,143140740.7,156700000,165540740.7,136625925.9,162766666.7,197559259.3,197570370.4,208014814.8,
Greenland,GRL,"Industry (including construction), value added (current US$)",NV.IND.TOTL.CD,,,,,,,,,,,,,,,,,,,,,,,,,,,,,,,,,,,,,,,,,,,,228092681.6,286326770.1,300488084.7,336636074.2,377610746.8,455264880.4,454945067.7,452678885,484827645.8,493536788.1,486867538.7,446096164.1,426016590.3,478822790.9,485075254.1,556549809.3,513805717.3,638169214,625151798.6,615080060.5,613640384.8,,
Guatemala,GTM,"Industry (including construction), value added (current US$)",NV.IND.TOTL.CD,,,,,,226943200,248009300,269766900,300476800,327017400,355373700,373408300,394278200,493257000,591967800,674259900,877552300,1144470400,1286757600,1485763500,1732284500,1871829900,1851170700,1855628900,1870918200,1912212000,1452935571,1406000040,1583282405,1690980185,1513802572,1841294582,2089120088,2266280770,2555820184,2881485905,3085660215,3553424625,3878006099,3685641315,3817494373,5032368848,5557285040,5921089612,6574141748,7387163359,8408414626,9360181651,10826020221,10219334110,11182734382,13098853639,13947517573,12164247111,13417485997,14139563399,14937607904,15695690043,15711652690,16933348561,17354339293,19229481117,21644290629,23280952286,24603623131,
Guam,GUM,"Industry (including construction), value added (current US$)",NV.IND.TOTL.CD,,,,,,,,,,,,,,,,,,,,,,,,,,,,,,,,,,,,,,,,,,,,,,,,,,,,,,,,,,,,,,,,,,
Guyana,GUY,"Industry (including construction), value added (current US$)",NV.IND.TOTL.CD,47424881.44,52266536,62008178.31,52091536.44,61599846,66941176.47,72470588.24,81352941.18,79200000,86950000,94650000,95300000,93476190.48,91333333.33,130818181.8,157041666.7,145960000,145600000,156400000,160200000,191200000,147142857.1,120666666.7,91000000,90000000,93720930.23,115813953.5,92244897.96,106600000,98235294.12,68987341.77,70447227.19,61662669.86,106950844.9,131012292.1,130619718.3,159487179.5,163678625.9,149768467.8,138248744.4,142542345,143021999.1,142679568.9,134120195.9,134825964.7,137500938.1,525268406.1,646118870.8,748403995.3,777803383.2,854888834.8,976514269.6,1080283817,1068126730,1006824116,1057922518,1317147700,1244363196,1257222176,1484311751,2122633094,4052014388,9982105516,11724733813,18751990408,
High income,HIC,"Industry (including construction), value added (current US$)",NV.IND.TOTL.CD,,,,,,,,,,,,,,,,,,,,,,,,,,,,,,,,,,,,,,7.17E+12,6.95E+12,7.23E+12,7.45E+12,7.09E+12,7.20E+12,8.08E+12,9.10E+12,9.76E+12,1.05E+13,1.14E+13,1.22E+13,1.05E+13,1.14E+13,1.25E+13,1.25E+13,1.25E+13,1.27E+13,1.14E+13,1.15E+13,1.22E+13,1.32E+13,1.31E+13,1.24E+13,1.43E+13,1.49E+13,1.52E+13,,
"Hong Kong SAR, China",HKG,"Industry (including construction), value added (current US$)",NV.IND.TOTL.CD,,,,,,,,,,,,,,,,,,,,,,,,,,,,,,,,,,,,,,,,,20741693767,19223978202,17693738759,15910360548,15511427838,15356549604,15474843499,14581325418,15354124071,14707646660,15629346106,16693088386,17975696768,19154589995,20598954125,21836488535,23986601823,24635708053,23436116604,22709275762,21284999742,22098478757,22462856977,23919792408,25209791137,
Honduras,HND,"Industry (including construction), value added (current US$)",NV.IND.TOTL.CD,70150000,76850000,84750000,86750000,105500000,114100000,123000000,144800000,160150000,173800000,186750000,199150000,214549034.5,244999877.5,292400000,326750000,368600000,441150000,551300000,632750000,736850000,763250000,841150000,926000000,985150000,1004700000,1059900000,1097700000,1098369099,1018310345,926799610.9,933417345.3,1132559705,1185049339,1097956902,1312721585,1327466216,1514144487,1722828656,1896055749,2111501369,2118994044,2142348101,2252794584,2353720334,2560244499,2924233488,3233293288,3602278446,3795952390,4052833803,4571768822,4838467356,4700655343,4842480340,5381310470,5609200746,6140110880,6400206704,6649604858,5921625770,7266911233,8141992399,8872324686,9691042668,
Heavily indebted poor countries (HIPC),HPC,"Industry (including construction), value added (current US$)",NV.IND.TOTL.CD,,,,,,,,,,,,,,,,,,,,,,,18791808983,18888972497,20032166604,20240385215,22590854308,24919478353,25851670808,27522138737,33116860493,33382164904,27297631662,28397632405,23310029775,27433653262,30775232689,31709420039,33669427471,34339850065,38700216854,37182766898,41450880702,47599349581,56749500354,67166943132,81541125867,99091547573,1.20E+11,1.12E+11,1.23E+11,1.45E+11,1.50E+11,1.73E+11,1.79E+11,1.64E+11,1.63E+11,1.83E+11,2.08E+11,2.11E+11,2.05E+11,2.39E+11,2.67E+11,2.90E+11,3.16E+11,
Croatia,HRV,"Industry (including construction), value added (current US$)",NV.IND.TOTL.CD,,,,,,,,,,,,,,,,,,,,,,,,,,,,,,,,,,,,6043375320,6157989470,6426920181,6449645290,5709156291,5357034136,5490899809,6131050372,8226584896,10102969439,10701181148,11605468515,13602208560,15583265235,14140378325,12601842194,13523902165,12107928889,12272996527,12310410387,10388544636,10675954480,11108563914,11895726079,12032908259,11647900236,13514397361,14286126204,18113262573,17845064744,
Haiti,HTI,"Industry (including construction), value added (current US$)",NV.IND.TOTL.CD,,,,,,,,,,,,,,,,,,,,,,,,,,,,,577197000,621655800,714798800,902700470.6,517727401,451892351.6,481802532.5,855096289.3,1015323011,1069053668,1297917795,1376869384,1570423888,1494249355,1440482195,1283703515,1559147778,1760117553,2023860480,2334504937,2785726416,3041376751,2790883933,3199186312,3478404391,3828437300,4023107646,3869173519,3439752344,3577941954,3959650311,3511111367,3384409330,5347604270,5942622625,6349011598,8414507100,
Hungary,HUN,"Industry (including construction), value added (current US$)",NV.IND.TOTL.CD,,,,,,,,,,,,,,,,,,,,,,,,,,,,,,,,,,,,11979530166,11856718815,13143104633,13683860716,13503292068,12771479967,14586175662,18123443701,22505903747,27957116744,30772843310,31462550501,37429800170,40782937751,32881215291,33273696064,35620815200,32181629986,33987639420,36252276782,33054027011,32824518986,36061326369,40247414681,40630069497,38602424269,43800341425,42893184975,54034716525,52771683731,
IBRD only,IBD,"Industry (including construction), value added (current US$)",NV.IND.TOTL.CD,1.42E+11,1.16E+11,1.15E+11,1.29E+11,1.52E+11,1.72E+11,1.82E+11,1.74E+11,1.78E+11,2.09E+11,2.35E+11,2.62E+11,2.95E+11,3.86E+11,5.12E+11,5.44E+11,5.86E+11,6.63E+11,7.01E+11,8.46E+11,9.53E+11,9.90E+11,9.83E+11,9.62E+11,9.94E+11,1.00E+12,1.02E+12,1.05E+12,1.16E+12,1.25E+12,1.41E+12,1.29E+12,1.32E+12,1.43E+12,1.58E+12,1.72E+12,1.88E+12,2.00E+12,1.85E+12,1.84E+12,2.06E+12,2.06E+12,2.13E+12,2.39E+12,2.92E+12,3.54E+12,4.28E+12,5.27E+12,6.43E+12,6.03E+12,7.42E+12,8.87E+12,9.35E+12,9.66E+12,9.82E+12,9.01E+12,8.86E+12,9.86E+12,1.07E+13,1.07E+13,1.01E+13,1.26E+13,1.34E+13,1.33E+13,1.36E+13,
IDA & IBRD total,IBT,"Industry (including construction), value added (current US$)",NV.IND.TOTL.CD,1.60E+11,1.32E+11,1.32E+11,1.47E+11,1.73E+11,1.96E+11,2.08E+11,2.00E+11,2.06E+11,2.41E+11,2.70E+11,3.00E+11,3.36E+11,4.38E+11,5.80E+11,6.18E+11,6.63E+11,7.48E+11,7.94E+11,9.60E+11,1.08E+12,1.13E+12,1.10E+12,1.05E+12,1.07E+12,1.08E+12,1.09E+12,1.13E+12,1.23E+12,1.33E+12,1.50E+12,1.39E+12,1.41E+12,1.52E+12,1.68E+12,1.84E+12,2.03E+12,2.15E+12,2.00E+12,1.95E+12,2.18E+12,2.18E+12,2.25E+12,2.53E+12,3.10E+12,3.76E+12,4.53E+12,5.57E+12,6.79E+12,6.36E+12,7.82E+12,9.35E+12,9.84E+12,1.02E+13,1.04E+13,9.51E+12,9.37E+12,1.04E+13,1.13E+13,1.13E+13,1.08E+13,1.33E+13,1.42E+13,1.41E+13,1.43E+13,
IDA total,IDA,"Industry (including construction), value added (current US$)",NV.IND.TOTL.CD,,,,,,,,,,,,,,,,,,,,,,1.25E+11,1.06E+11,84364514421,72771398126,75944657773,71100280389,73707134617,77069972108,79124694130,92170235237,99019667688,91667235253,92610260696,95346673974,1.27E+11,1.53E+11,1.56E+11,1.49E+11,1.04E+11,1.22E+11,1.17E+11,1.23E+11,1.43E+11,1.77E+11,2.13E+11,2.56E+11,2.97E+11,3.62E+11,3.30E+11,3.98E+11,4.76E+11,4.88E+11,5.23E+11,5.59E+11,5.06E+11,5.02E+11,5.61E+11,6.25E+11,6.82E+11,6.43E+11,7.13E+11,7.91E+11,7.66E+11,7.69E+11,
IDA blend,IDB,"Industry (including construction), value added (current US$)",NV.IND.TOTL.CD,,,,,,,,,,,,,,,,,,,,,,85581772655,70191562224,52006188549,40957669482,43459049660,38449286233,39456793482,40596390796,40068471921,46054949976,51128935310,48918220907,48815150513,51480706301,80127786219,1.02E+11,1.02E+11,92885009209,48251725895,57521125115,53535821551,54858865202,66239952077,87135996510,1.06E+11,1.27E+11,1.42E+11,1.73E+11,1.48E+11,1.87E+11,2.25E+11,2.47E+11,2.59E+11,2.76E+11,2.31E+11,2.03E+11,2.31E+11,2.61E+11,2.99E+11,2.57E+11,2.86E+11,3.24E+11,2.81E+11,2.47E+11,
Indonesia,IDN,"Industry (including construction), value added (current US$)",NV.IND.TOTL.CD,,,,,,,,,,,,,,,,,,,,,,,,34000065614,34272532528,31309658017,27015046786,27527743201,30522857861,35048697746,41803461851,48053829528,51185130448,62697845686,71892583594,84492880704,98805276865,95639280384,43167893392,60704672230,69257791736,76843660197,93418806749,1.03E+11,1.15E+11,1.33E+11,1.71E+11,2.02E+11,2.45E+11,2.57E+11,3.23E+11,3.92E+11,4.00E+11,3.89E+11,3.74E+11,3.45E+11,3.66E+11,4.00E+11,4.14E+11,4.36E+11,4.05E+11,4.73E+11,5.46E+11,5.51E+11,5.49E+11,
IDA only,IDX,"Industry (including construction), value added (current US$)",NV.IND.TOTL.CD,,,,,,,,,,,,,,,,,,,,,,,,,,,,,,,46008548687,47453229675,42066760738,43210823823,43064971123,44042482705,48109714350,51018739336,53187979901,55827668387,64460996326,63008738978,68163755152,76461110666,89545503670,1.07E+11,1.28E+11,1.55E+11,1.89E+11,1.83E+11,2.12E+11,2.51E+11,2.41E+11,2.64E+11,2.83E+11,2.75E+11,2.99E+11,3.30E+11,3.64E+11,3.83E+11,3.86E+11,4.28E+11,4.68E+11,4.86E+11,5.21E+11,
Isle of Man,IMN,"Industry (including construction), value added (current US$)",NV.IND.TOTL.CD,,,,,,,,,,,,,,,,,,,,,,,,,,,,,,,,,,,,,,,,,,,,,,,,,,,,,617829323.9,630948267.9,636529379.8,616857511.7,541342957.5,518734788.8,600946990.9,555444223.9,593856410.3,747448990.1,515466497.1,,,
India,IND,"Industry (including construction), value added (current US$)",NV.IND.TOTL.CD,7714933188,8409411398,9297703006,10594463041,11835607728,12896937165,9748283270,10071830576,10949998383,12518090352,13563974411,15081331788,16013811975,18256509808,22568346196,22847161995,25145525078,29643059465,34771015613,39766890929,47208667025,50506895577,52486744070,57400419839,56729126908,61915667536,66556037283,74499836578,79223798530,81562526709,88120604518,71420498683,77218848352,74799715840,90420152383,1.03E+11,1.10E+11,1.16E+11,1.15E+11,1.22E+11,1.28E+11,1.29E+11,1.42E+11,1.67E+11,2.07E+11,2.42E+11,2.91E+11,3.76E+11,3.73E+11,4.18E+11,5.15E+11,5.50E+11,5.37E+11,5.27E+11,5.64E+11,5.75E+11,6.11E+11,7.03E+11,7.14E+11,6.97E+11,6.72E+11,8.38E+11,8.49E+11,9.21E+11,9.63E+11,
Not classified,INX,"Industry (including construction), value added (current US$)",NV.IND.TOTL.CD,,,,,,,,,,,,,,,,,,,,,,,,,,,,,,,,,,,,,,,,,,,,,,,,,,,,,,,,,,,,,,,,,,
Ireland,IRL,"Industry (including construction), value added (current US$)",NV.IND.TOTL.CD,,,,,,,,,,,,,,,,,,,,,,,,,,,,,,,,,,,,20007641414,21443428679,24604672875,28222259729,31023988236,31566722637,37268758566,45143959977,53121134676,59800704627,63635542139,69840796138,77044361279,71411271348,60557225172,51793472585,58561801322,54606370786,57912346711,65100534562,1.16E+11,1.12E+11,1.26E+11,1.46E+11,1.46E+11,1.62E+11,2.02E+11,2.23E+11,1.93E+11,2.05E+11,
"Iran, Islamic Rep.",IRN,"Industry (including construction), value added (current US$)",NV.IND.TOTL.CD,1081175286,1231940899,1386712332,1521120089,1689382134,2034402222,2278922793,2658399404,3130465778,3754887605,4454443897,5923190712,7443728852,14528150765,28799046885,29374041384,38956908134,42952865494,35629983297,41357334380,33171733229,34894232151,51057345492,59511146831,55887810750,55055911162,52084912401,33474037806,30527226367,31503881976,40938525678,43959218437,40172304374,26791030664,31157754576,38028151348,50669028284,44099752784,35843915437,42646361331,44171935290,50646523150,58529022509,68451120055,89127982073,1.12E+11,1.28E+11,1.69E+11,1.94E+11,1.78E+11,2.15E+11,2.91E+11,2.71E+11,2.14E+11,1.81E+11,1.32E+11,1.64E+11,1.84E+11,1.53E+11,1.16E+11,1.05E+11,1.60E+11,1.74E+11,1.77E+11,1.71E+11,
Iraq,IRQ,"Industry (including construction), value added (current US$)",NV.IND.TOTL.CD,,,,,,,,,1352119459,1387679445,1511439395,1943140028,1820967257,2659293496,8104639350,9161530647,12567219776,13704029800,16383338977,28479850999,38884000000,19857333333,20928000000,19275483871,21070322581,21220322581,17841935484,23855483871,26237419355,26696129032,1.30E+11,208177713.7,289194324.2,597065353.4,2230623135,8363758738,6098132794,15577852957,14462509360,29348205040,41010940149,28007639379,24419036137,15528852640,22652451653,31845629309,40029079611,53397921347,82639200720,58050544234,77283320940,1.16E+11,1.32E+11,1.35E+11,1.26E+11,75615860873,77006346994,96098228547,1.23E+11,1.24E+11,72186032022,1.15E+11,1.88E+11,1.45E+11,1.44E+11,
Iceland,ISL,"Industry (including construction), value added (current US$)",NV.IND.TOTL.CD,,,,,,,,,,,,,,,,,,,,,,,,,,,,,,,,,,,,1757651971,1780405398,1953011256,2082153730,2036120829,2059940521,2010883350,2061008011,2429334798,2975876051,3498163482,3867370376,4338538475,4129624073,2562415803,3042877706,3421538929,3130349806,3393288768,3725809412,3531144206,4113994241,4879459382,5263928707,4889698150,4500415743,5468691198,6256239652,6340834023,6682323768,
Israel,ISR,"Industry (including construction), value added (current US$)",NV.IND.TOTL.CD,,,,,,,,,,,,,,,,,,,,,,,,,,,,,,,,,,,,24827186265,27548514898,28934469473,28524366464,27800154117,31431699654,29294711701,26909278568,27966933093,28793872602,31394529046,34295899053,40327620555,47259650223,43985917148,49887392668,53980157638,53922034319,61388716867,62743481767,60617201921,61567372350,66545453681,70820608667,75815475299,79846367865,92288319241,1.02E+11,94765919469,93733518708,
Italy,ITA,"Industry (including construction), value added (current US$)",NV.IND.TOTL.CD,,,,,,,,,,,,,,,,,,,,,,,,,,,,,,,3.31E+11,3.37E+11,3.51E+11,2.80E+11,2.89E+11,3.09E+11,3.39E+11,3.16E+11,3.20E+11,3.07E+11,2.77E+11,2.79E+11,3.04E+11,3.66E+11,4.18E+11,4.27E+11,4.51E+11,5.20E+11,5.61E+11,4.72E+11,4.58E+11,4.90E+11,4.36E+11,4.44E+11,4.39E+11,3.74E+11,3.90E+11,4.10E+11,4.41E+11,4.24E+11,4.00E+11,4.92E+11,4.90E+11,5.48E+11,5.32E+11,
Jamaica,JAM,"Industry (including construction), value added (current US$)",NV.IND.TOTL.CD,,,,,,,,,,,,,,,,,,,,,,,,,,,,,,,,,,1547665095,1535879312,1806294140,1884343558,2042199929,2018358413,2039800871,2031861759,2052015110,2072375252,2026796477,2264711457,2462479758,2531597705,2728285900,2699123812,2192695029,2377891794,2636009681,2664366508,2581687903,2552623004,2579187283,2545304713,2732108399,3014079730,2838631690,2709637104,2908009059,3282855044,3581709436,3627043556,
Jordan,JOR,"Industry (including construction), value added (current US$)",NV.IND.TOTL.CD,,,,,,106119957.6,121239951.5,96319961.47,120959951.6,131319947.5,112279955.1,110879955.6,145599941.8,210000273.9,194664878.4,282996447.7,331643487.8,415468297.8,525153374.2,708213882.6,858269698.7,1083124264,1194637041,1184866104,1243026023,1102312322,1472143008,1550261627,1319023650,966103700.8,974067065.2,943210558.3,1224739563,1286712439,1495491627,1606164384,1480535966,1573624824,1704936530,1729901269,1813681241,1926280320,2183074753,2348660085,2829619182,3137376587,3741607898,4712976023,6717173125,6811553662,7127189859,7910898169,8164185775,8834346056,9399390423,9736587465,9841217887,10199879437,10442763521,10730426056,10293105211,10842742958,11941662535,12668059014,13410107183,
Japan,JPN,"Industry (including construction), value added (current US$)",NV.IND.TOTL.CD,,,,,,,,,,,,,,,,,,,,,,,,,,,,,,,,,,,1.73E+12,1.90E+12,1.69E+12,1.52E+12,1.37E+12,1.52E+12,1.62E+12,1.36E+12,1.26E+12,1.36E+12,1.47E+12,1.44E+12,1.37E+12,1.36E+12,1.47E+12,1.43E+12,1.63E+12,1.66E+12,1.67E+12,1.39E+12,1.34E+12,1.27E+12,1.43E+12,1.42E+12,1.46E+12,1.47E+12,1.47E+12,1.47E+12,1.18E+12,1.21E+12,,
Kazakhstan,KAZ,"Industry (including construction), value added (current US$)",NV.IND.TOTL.CD,,,,,,,,,,,,,,,,,,,,,,,,,,,,,,,,,9710743802,8659002307,8223784576,6111820708,5382477863,5675893289,6488865551,5561745839,6909951236,8006387233,8822595572,10814999773,15254902047,21494505569,31880250138,39560813954,53710591363,44314835941,60110809270,71784347999,75509415374,79743058739,73530853977,56892650251,43901318974,53920347054,60072078328,60002483727,56624494420,69515440324,78877257071,84910776145,93602500413,
Kenya,KEN,"Industry (including construction), value added (current US$)",NV.IND.TOTL.CD,133643946.5,135897945.6,133937946.4,129527948.2,154531952.2,166319933.5,189587924.2,215291913.9,239007904.4,263143894.7,288175884.7,325219869.9,393651842.5,467777487,544179782.3,582988898.7,568341889.6,713122394.7,924574445.3,1079821450,1291611788,1191931736,1113279453,1011004230,1017200441,1027049649,1171323937,1269732302,1399800531,1355938498,1399505568,1386039281,1300823082,826360318.3,1040202660,1226366028,1974564696,2088866888,2190512319,1923478978,1907817079,1988108921,2031793565,2328555155,2608261824,3187808091,5006044660,6168624550,6670314404,7786224015,8433944418,9215898027,10862880911,11767070629,12998906624,13248589281,13588045653,14359268235,15963236662,16994616541,17514695524,18816849638,20059985243,18406532413,19817117595,
Kyrgyz Republic,KGZ,"Industry (including construction), value added (current US$)",NV.IND.TOTL.CD,,,,,,,,,,,,,,,,,,,,,,,,,,,,,,,907390142.3,859914800.1,834980385.3,618282641.5,401667340.6,300825742.9,311203967.7,372299063.8,341723327.6,288845758.4,399943835.8,409226682.1,342222004.4,388469944.4,479667909,491248608.5,497523217.5,634356227.1,1050037687,1108530213,1259252270,1701230245,1470115220,1822286066,1783997401,1674757518,1808633187,2103525613,2272777059,2490914480,2225107291,2196512222,2935942466,3580239812,4324592615,
Cambodia,KHM,"Industry (including construction), value added (current US$)",NV.IND.TOTL.CD,,,,,,,,,,,,,,,,,,,,,,,,,,,,,,,,,,320421348,383060722.5,490786296.2,525603395.4,564228661.5,521394450.1,634504437.9,799624990.8,964473674.4,1142380326,1329444133,1628512455,1937525282,2427501252,2849999244,3171357091,3196556265,3591483822,4274408085,4922090354,5735773956,6594142934,7606138041,8778587191,10068430047,12221362358,14324015560,13042019125,14833981104,16343750945,17153292456,19352534294,
Kiribati,KIR,"Industry (including construction), value added (current US$)",NV.IND.TOTL.CD,,,,,,,,,,,,,,,,,,,,5083626.127,4994204.764,5349086.118,4687951.648,4252090.32,4369718.906,3745794.54,3861932.2,4166394.407,4350034.837,4637087.765,4713371.709,6359561.87,5271152.149,5338467.909,5615968.239,6190354.057,6742430.417,6898970.245,7948409.954,9229141.553,8709023.461,7975547.982,8680623.689,9789009.44,9318944.411,9590173.3,10970264.81,15647158.61,16194079.64,14828472.17,19817971.04,25898704.59,27930761.85,29002810.42,28270690.77,28210518.85,30248854.7,27673940.65,25877662.88,20753363.66,21790135.68,30749665.53,28631572.33,33060549.57,,
St. Kitts and Nevis,KNA,"Industry (including construction), value added (current US$)",NV.IND.TOTL.CD,,,,,,,,,,,,,,,,,,9096296.296,8666666.667,10240740.74,12951851.85,13985185.19,16144444.44,16603703.7,17155555.56,18400000,23737037.04,27770370.37,39488888.89,43051851.85,52081481.48,49666666.67,53377777.78,55951851.85,57529629.63,65192592.59,67662962.96,72806139.47,79179179.18,91395098.8,113194676.2,140184629.1,137682126.6,114414414.4,115081481.5,121751851.9,149192592.6,160151851.9,170629629.6,179844444.4,175559259.3,175074074.1,154070370.4,172392592.6,203548148.1,217655555.6,246814814.8,277837037,264300000,280307407.4,204503703.7,193855555.6,213466666.7,225118518.5,234033333.3,
"Korea, Rep.",KOR,"Industry (including construction), value added (current US$)",NV.IND.TOTL.CD,685940594.1,432721086.4,503846153.8,721538461.5,669638577.5,727475292.9,906988529,1135234904,1475537241,1891305132,2234703071,2310257167,2703017759,3838354777,5210984678,5826446281,8292355372,10981818182,15759917355,21217148760,21076086643,22943686775,25015312874,29245310625,34109336782,34956092963,41532277003,54285271421,74678424205,91385464241,1.05E+11,1.26E+11,1.31E+11,1.46E+11,1.73E+11,2.14E+11,2.24E+11,2.08E+11,1.39E+11,1.77E+11,2.06E+11,1.88E+11,2.12E+11,2.40E+11,2.85E+11,3.31E+11,3.67E+11,4.09E+11,3.56E+11,3.25E+11,4.10E+11,4.56E+11,4.63E+11,5.05E+11,5.45E+11,5.40E+11,5.56E+11,6.09E+11,6.38E+11,5.89E+11,5.82E+11,6.44E+11,5.85E+11,6.00E+11,6.36E+11,
Kuwait,KWT,"Industry (including construction), value added (current US$)",NV.IND.TOTL.CD,,,,,,,,,,,,,,,,,,,,,,,,,,,,,,,,,,,,,,,,,,,,,,,,,,,76250386767,1.12E+11,1.30E+11,1.27E+11,1.15E+11,64094399572,57038929029,67125463326,83364776987,81300418957,53813978898,86498519110,1.21E+11,99717100119,91532818374,
Latin America & Caribbean (excluding high income),LAC,"Industry (including construction), value added (current US$)",NV.IND.TOTL.CD,,,,,,,,,,,64631490450,71717587487,78923261353,1.03E+11,1.40E+11,1.42E+11,1.46E+11,1.59E+11,1.95E+11,2.05E+11,2.29E+11,2.61E+11,2.46E+11,2.08E+11,2.27E+11,2.18E+11,2.23E+11,2.44E+11,2.74E+11,3.11E+11,2.94E+11,3.00E+11,3.27E+11,4.32E+11,5.01E+11,4.50E+11,4.90E+11,5.45E+11,5.43E+11,4.97E+11,5.64E+11,5.45E+11,5.00E+11,5.02E+11,5.88E+11,7.06E+11,8.33E+11,9.58E+11,1.11E+12,9.50E+11,1.22E+12,1.44E+12,1.42E+12,1.40E+12,1.38E+12,1.13E+12,1.06E+12,1.19E+12,1.19E+12,1.17E+12,9.81E+11,1.23E+12,1.45E+12,1.61E+12,1.60E+12,
Lao PDR,LAO,"Industry (including construction), value added (current US$)",NV.IND.TOTL.CD,,,,,,,,,,,,,,,,,,,,,,,,,,,,,,95880895.52,124478991.4,170493398,197743266.1,231623033.2,274081419.7,330860331.3,386202270.4,360323167.5,284992705.4,326808190.6,285250699.6,300554078.5,323200159.1,407095787.4,458123075.2,635437181.8,904369709.2,1072386042,1467798659,1468552710,2172766861,2696429631,3306217349,3646229065,3826414775,3995147111,4576356671,5277116739,5720638605,5909158037,6153211811,6425701600,5276244810,4837482761,4793504365,
Lebanon,LBN,"Industry (including construction), value added (current US$)",NV.IND.TOTL.CD,,,,,,,,,,,,,,,,,,,,,,,,,,,,,,,,1108363012,1334045918,1797209034,2170958105,2605586541,3053797727,3508281910,4084736685,3692026496,3446102819,3605970149,3661028192,3677611940,3084080135,3173015086,3305201632,3850692312,4720759793,5465524549,5308863752,5791915163,6816230177,7661988519,7795950448,7841494699,8159992442,7915378146,7579485434,6450289822,2105103841,638125159.1,501878867.8,418900661.8,,
Liberia,LBR,"Industry (including construction), value added (current US$)",NV.IND.TOTL.CD,,,,,,,,,,,,,,,,,,,,,,,,,,,,,,,,,,,,,,,,,37120100,37926800,30063500,31034800,69311100,68500600,86199500,108869500,122459000,88572200,99892300,199036800,407266500,620133600,598513600,542950500,467977400,523580600,579262400,563986400,534981400,671513430,827758500,1024922100,1082615800,
Libya,LBY,"Industry (including construction), value added (current US$)",NV.IND.TOTL.CD,,,,,,,,,,,,,,,,,,,,,,,,,,,,,,,,,,,,,,,,,,,13483307087,18620703125,25385769231,38328932233,52083403118,57642646983,74502232008,44875049261,57097196139,25962707246,68236846694,49071473281,26832636227,16967803593,13015609525,26177985680,38095133435,34611747647,7473353943,26382540412,33229624936,34737619842,35636669614,
St. Lucia,LCA,"Industry (including construction), value added (current US$)",NV.IND.TOTL.CD,,,,,,,,,,,,,,,,,,,,,,,,,,,,,,,,,,,,,,,,,,,,,,,197500518.5,178216481.5,185944000,184916444.4,173429629.6,173633333.3,173922222.2,169977777.8,174622222.2,196370370.4,205366666.7,217507407.4,203148148.1,189518518.5,189918518.5,210729629.6,207703703.7,235359259.3,248622222.2,
Latin America & Caribbean,LCN,"Industry (including construction), value added (current US$)",NV.IND.TOTL.CD,,,,,,63034140863,67786750502,64753788051,69594470584,78869130300,82498822494,92281046333,1.01E+11,1.34E+11,1.87E+11,1.78E+11,1.89E+11,2.09E+11,2.49E+11,2.76E+11,3.14E+11,3.55E+11,3.30E+11,2.86E+11,3.09E+11,2.99E+11,3.04E+11,3.23E+11,3.68E+11,4.04E+11,3.95E+11,4.05E+11,4.43E+11,5.60E+11,6.37E+11,5.97E+11,6.41E+11,7.14E+11,7.10E+11,6.61E+11,7.57E+11,7.38E+11,6.78E+11,6.85E+11,8.13E+11,9.81E+11,1.17E+12,1.34E+12,1.56E+12,1.35E+12,1.74E+12,1.96E+12,1.94E+12,1.92E+12,1.89E+12,1.57E+12,1.48E+12,1.66E+12,1.67E+12,1.64E+12,1.40E+12,1.74E+12,2.02E+12,2.23E+12,2.23E+12,
Least developed countries: UN classification,LDC,"Industry (including construction), value added (current US$)",NV.IND.TOTL.CD,,,,,,,,,,,,,,,,,,,,,,,,,,,,,,,,,,,38955184857,38790272306,41425117808,43145845091,44988702073,46872408080,55191742271,53743138330,59127125125,66737042550,80643649623,1.04E+11,1.27E+11,1.60E+11,1.98E+11,1.73E+11,2.05E+11,2.50E+11,2.59E+11,2.74E+11,2.87E+11,2.52E+11,2.60E+11,2.92E+11,3.28E+11,3.47E+11,3.41E+11,3.84E+11,4.34E+11,4.38E+11,4.54E+11,
Low income,LIC,"Industry (including construction), value added (current US$)",NV.IND.TOTL.CD,,,,,,,,,,,,,,,,,,,,,,,,,,,,,,,,26100841855,19730809260,20252047328,20257855510,17237874334,19377598924,20649388014,19702135731,21831482763,31017029279,28662515199,32081028092,35494293057,44054394308,55694994390,67860390509,85665182484,1.04E+11,93635133880,1.06E+11,1.21E+11,99184191733,96970424392,1.05E+11,92883140392,74212349032,76098656918,84964728776,85778921245,84252745949,95381660058,1.06E+11,1.16E+11,1.20E+11,
Liechtenstein,LIE,"Industry (including construction), value added (current US$)",NV.IND.TOTL.CD,,,,,,,,,,,,,,,,,,,,,,,,,,,,,,,,,,,,,,,,,,,,,,,,,,,,,,2512234277,2639521214,2335665397,2616821292,2853785752,2794506091,2851047772,2581797576,3226473607,2922713106,3222740376,,
Sri Lanka,LKA,"Industry (including construction), value added (current US$)",NV.IND.TOTL.CD,291662866.8,296874842.6,302409326.3,256729419.3,267075485,366030723.9,355869516.4,371776214.4,386518613.1,457492181,555315593.4,594043112.1,627243813.6,739873858.3,905863720.9,1011805094,983211446.3,1187988416,752579365.7,959782454.3,1204364521,1247606688,1264552669,1371556137,1601336588,1587140097,1726555156,1856362372,1886400468,1893619835,2114778528,2330697242,2512065234,2672501778,3093938505,3476841748,3693216620,4073860314,4352597798,4298992993,4533676013,4224177590,4631985078,5367060713,5913222650,7367641791,8661783378,9679133135,11958137188,12481653909,16290969889,19698014279,21817400169,23705345967,25186762482,25131775986,26824855973,29375554314,28388670846,25979621140,23812851893,26526282249,22098943747,21584262595,25264118778,
Lower middle income,LMC,"Industry (including construction), value added (current US$)",NV.IND.TOTL.CD,27345257847,29824643407,29646310650,33132436526,37231041770,40702647822,36340752543,37797435715,40975837282,46858631944,49038038428,53487066635,56737083470,66649909449,85096836692,91801690948,98353216015,1.13E+11,1.31E+11,1.59E+11,1.91E+11,2.00E+11,1.87E+11,1.72E+11,1.60E+11,1.69E+11,1.70E+11,1.85E+11,1.91E+11,1.92E+11,2.10E+11,2.00E+11,2.11E+11,2.11E+11,2.38E+11,2.94E+11,3.33E+11,3.46E+11,3.34E+11,3.01E+11,3.24E+11,3.19E+11,3.38E+11,3.86E+11,4.65E+11,5.48E+11,6.57E+11,8.04E+11,9.01E+11,9.06E+11,1.11E+12,1.26E+12,1.33E+12,1.38E+12,1.45E+12,1.38E+12,1.41E+12,1.56E+12,1.66E+12,1.74E+12,1.65E+12,1.92E+12,2.06E+12,2.07E+12,2.12E+12,
Low & middle income,LMY,"Industry (including construction), value added (current US$)",NV.IND.TOTL.CD,1.16E+11,94637977479,93423984723,1.05E+11,1.24E+11,1.41E+11,1.49E+11,1.43E+11,1.47E+11,1.74E+11,1.95E+11,2.17E+11,2.44E+11,3.15E+11,4.11E+11,4.51E+11,4.80E+11,5.41E+11,5.73E+11,6.88E+11,7.70E+11,7.99E+11,7.84E+11,7.51E+11,7.65E+11,7.75E+11,7.79E+11,8.08E+11,8.85E+11,9.67E+11,1.13E+12,1.02E+12,1.09E+12,1.21E+12,1.38E+12,1.55E+12,1.73E+12,1.84E+12,1.74E+12,1.72E+12,1.91E+12,1.90E+12,1.98E+12,2.22E+12,2.66E+12,3.19E+12,3.83E+12,4.69E+12,5.69E+12,5.50E+12,6.76E+12,8.11E+12,8.57E+12,8.90E+12,9.15E+12,8.51E+12,8.40E+12,9.30E+12,1.01E+13,1.01E+13,9.64E+12,1.19E+13,1.26E+13,1.25E+13,1.27E+13,
Lesotho,LSO,"Industry (including construction), value added (current US$)",NV.IND.TOTL.CD,,,,1112579.555,1907219.237,2860898.856,3814578.474,6993417.203,6357537.457,7470257.012,6993417.203,7777919.149,8861036.131,13578467.89,18880256.43,19803977.78,28331062.08,29244967.31,56792764.2,72807393.62,104369608.9,97134472.93,53680734.12,47623103.85,45066790.85,34523921.16,44665020.01,58652045.42,82632612.38,92647817.48,127355129.1,196136732,246214850.3,256581639.6,273484214,309451915.2,307289010.5,295858928.5,281387786.9,294335871.9,312009980.7,313703058.4,300226843.5,422262272,523874837.5,568129211.1,638696596.6,658148555.8,716723589.2,579723635.8,703128596.4,856354963.6,763576777.9,687012975.2,785067203.8,796124455.9,646732167.2,659106721.9,795990932.7,730207835.1,638273642.5,773605277.8,718004056.4,608538537.5,702822361.6,
Late-demographic dividend,LTE,"Industry (including construction), value added (current US$)",NV.IND.TOTL.CD,1.15E+11,75223777081,72984181604,81351542064,99557494506,1.15E+11,1.32E+11,1.20E+11,1.13E+11,1.39E+11,1.74E+11,1.95E+11,2.25E+11,2.82E+11,3.12E+11,3.45E+11,3.55E+11,4.21E+11,4.06E+11,5.01E+11,5.74E+11,6.04E+11,5.97E+11,5.39E+11,5.77E+11,6.14E+11,6.23E+11,6.51E+11,7.12E+11,8.32E+11,8.02E+11,7.95E+11,7.99E+11,8.42E+11,9.71E+11,1.07E+12,1.17E+12,1.23E+12,1.16E+12,1.11E+12,1.25E+12,1.30E+12,1.37E+12,1.59E+12,1.94E+12,2.37E+12,2.87E+12,3.57E+12,4.47E+12,4.28E+12,5.21E+12,6.40E+12,6.81E+12,7.18E+12,7.37E+12,6.79E+12,6.60E+12,7.36E+12,8.22E+12,8.17E+12,7.87E+12,9.82E+12,1.03E+13,1.00E+13,1.02E+13,
Lithuania,LTU,"Industry (including construction), value added (current US$)",NV.IND.TOTL.CD,,,,,,,,,,,,,,,,,,,,,,,,,,,,,,,,,,,,2247006589,2298567976,2753897281,3090023306,2909232628,3061032369,3336725939,3770356908,5259627750,6715568803,7759409130,9086220354,11777713465,13967160837,9381374757,9603458683,12244855314,12044128312,12791047673,13393686244,11200977546,11171303442,12283258405,13879558772,13921857770,14231118177,16664640654,18212995349,19338747825,19854845287,
Luxembourg,LUX,"Industry (including construction), value added (current US$)",NV.IND.TOTL.CD,,,,,,,,,,,,,,,,,,,,,,,,,,,,,,,,,,,,4098347017,3886218893,3610872801,3791426984,3778360821,3535818817,3489130819,3809527425,4815401823,5413782565,5449720021,5801700282,7467775950,7535096490,5994999409,6182398806,6606708207,6232715413,6809140328,7438406084,6932034609,7525712505,7108965027,7799570365,8105480183,8356311302,9150088267,7364103917,8245131742,9010710247,
Latvia,LVA,"Industry (including construction), value added (current US$)",NV.IND.TOTL.CD,,,,,,,,,,,,,,,,,,,,,,,,,,,,,,,,,,,,1544684826,1582584227,1819252359,1841606100,1857374490,1879882966,1904500784,2160396771,2504857951,3088982698,3430985688,4469967394,6693771030,7798099693,5529406450,4895774735,5692190304,5807083589,6069792562,5939964808,5211865795,5197111571,5812590355,6431931747,6487123053,6787535786,8053562629,7821590367,8613605384,8077651740,
"Macao SAR, China",MAC,"Industry (including construction), value added (current US$)",NV.IND.TOTL.CD,,,,,,,,,,,,,,,,,,,,,,,,,,,,,,,,703626198.6,850565618,863628091.4,889289991.3,906403030.8,845927897.2,866049794.8,840230075.6,807948097.1,776236932.9,673678969.3,680655455.8,787533998.8,895892146.9,1334154697,2097501120,2541858028,2481886159,1579352836,1357998665,1533010867,1742708011,1916824535,2766701277,3466892758,2983966107,2517567591,2257662954,2320806595,2150440189,2380353985,2312898145,2479478234,,
St. Martin (French part),MAF,"Industry (including construction), value added (current US$)",NV.IND.TOTL.CD,,,,,,,,,,,,,,,,,,,,,,,,,,,,,,,,,,,,,,,,,,,,,,,,,,,,,,,,,,,,,,,,,,
Morocco,MAR,"Industry (including construction), value added (current US$)",NV.IND.TOTL.CD,,,,,,812174315.1,835689824.5,869283409.3,919278567.9,1009388419,1066892732,1188128458,1397800383,1745833436,2688015173,3160281575,3068577190,3596881075,4148875685,5198077317,6249022645,5635816280,5363007142,5017039727,4571049934,4528567028,5332469579,6008848906,7128697421,7196162424,8329105538,8399465965,8890364055,8380635445,8959425698,10277134028,11058424695,10696128750,10760019235,10866718650,10475881837,10024124958,10656450867,13535233706,15869370142,16305140401,17265908093,19496277800,24758832694,22516662323,23917098859,26976931040,25949403398,27954659233,30751562779,28290982665,28657628120,30115771794,32142629603,32552305919,31604910556,36860275882,34236063405,36980682054,41177413703,
Monaco,MCO,"Industry (including construction), value added (current US$)",NV.IND.TOTL.CD,,,,,,,,,,,,,,,,,,,,,,,,,,,,,,,,,,,,,,,,,,,,,,,,,,,693614950.9,780886786.7,747490164.9,917596902.8,892885610.7,1102079672,1181398263,823198216,944527045.6,962524460.5,1002620199,1081852739,1080322317,1150685524,1423762569,
Moldova,MDA,"Industry (including construction), value added (current US$)",NV.IND.TOTL.CD,,,,,,,,,,,,,,,,,,,,,,,,,,,,,,,,,,,,498650699.2,462554782.6,490926839.8,345238733.7,240099960.1,246704200,325291214.6,338757680.7,409510636.5,538293195.3,572793317.3,639998924.7,855693333,1157787438,933563255.1,1425260345,1759501626,1856310304,2051600420,1986321027,1645905526,1691512645,1999820856,2492168576,2573098971,2667583140,2824805240,2773006304,2955979975,3054103840,
Madagascar,MDG,"Industry (including construction), value added (current US$)",NV.IND.TOTL.CD,,,,,,,,,,,,,,,,,,,,,,,,,,,,,,,,,,,,,,,,,,,,,,,,1611735644,2195285051,1811167059,1797638796,2062377871,2000393496,2225010805,2410642108,2145812601,2299809370,2650067317,2955924498,3165862137,2540617965,3193941445,3579572981,3640408191,3970065904,
Maldives,MDV,"Industry (including construction), value added (current US$)",NV.IND.TOTL.CD,,,,,,,,,,,,,,,,,,,,,,,,,,,,,,,,,,,,,,,,,,,,130204812.3,135672780.8,136484861.3,149921810,163399729.5,260087749.6,225623155.9,244110443.3,279501417.6,282578303.1,265525123.4,311091982.7,442816210,497183511.6,550286257.6,705464105,683841379.6,466322212.1,482821509.9,612685224,638294861.3,649491961.2,
"Middle East, North Africa, Afghanistan & Pakistan",MEA,"Industry (including construction), value added (current US$)",NV.IND.TOTL.CD,,,,,,,,,,,,,,,,1.42E+11,1.84E+11,2.06E+11,1.99E+11,2.78E+11,3.71E+11,3.69E+11,3.33E+11,2.98E+11,2.84E+11,2.66E+11,2.30E+11,2.17E+11,2.16E+11,2.35E+11,4.47E+11,2.66E+11,2.83E+11,2.55E+11,2.69E+11,3.04E+11,3.49E+11,3.63E+11,3.19E+11,3.76E+11,4.71E+11,4.43E+11,4.50E+11,5.08E+11,6.30E+11,8.11E+11,9.68E+11,1.12E+12,1.45E+12,1.12E+12,1.38E+12,1.76E+12,1.90E+12,1.82E+12,1.75E+12,1.29E+12,1.24E+12,1.37E+12,1.59E+12,1.51E+12,1.18E+12,1.63E+12,2.17E+12,1.95E+12,1.93E+12,
Mexico,MEX,"Industry (including construction), value added (current US$)",NV.IND.TOTL.CD,,,,,,5601864000,6381072000,7163664000,8046192000,9065808000,10870792000,11620088000,13464176000,16393936000,22210832000,26868328000,26994859328,25363469632,31625800501,41941688226,57419883665,71825525189,48702364278,45305275451,52746909038,55133771879,38615491367,44577250808,54019608971,60056165658,68309815050,80632820307,93425913875,1.75E+11,1.80E+11,1.27E+11,1.48E+11,1.82E+11,1.90E+11,2.16E+11,2.55E+11,2.65E+11,2.66E+11,2.41E+11,2.70E+11,3.03E+11,3.51E+11,3.75E+11,4.05E+11,3.02E+11,3.60E+11,4.16E+11,4.28E+11,4.27E+11,4.36E+11,3.74E+11,3.41E+11,3.81E+11,4.03E+11,4.15E+11,3.48E+11,4.21E+11,4.86E+11,5.86E+11,5.90E+11,
Marshall Islands,MHL,"Industry (including construction), value added (current US$)",NV.IND.TOTL.CD,,,,,,,,,,,,,,,,,,,,,,,,,,,,,,,,,,,,,,10918600,14638400,15629000,14627400,13003000,19473600,15308300,13688800,11209400,16291800,19956600,18651200,20606100,23557500,23324900,24118800,25880400,27107300,20756000,30869300,27807300,26837100,33577600,32269100,29248459.34,24813275.34,30816677.33,38225284.58,
Middle income,MIC,"Industry (including construction), value added (current US$)",NV.IND.TOTL.CD,1.14E+11,93034006765,91798906944,1.03E+11,1.22E+11,1.39E+11,1.47E+11,1.41E+11,1.45E+11,1.71E+11,1.92E+11,2.14E+11,2.40E+11,3.10E+11,4.05E+11,4.43E+11,4.72E+11,5.32E+11,5.63E+11,6.75E+11,7.56E+11,7.84E+11,7.69E+11,7.36E+11,7.50E+11,7.61E+11,7.64E+11,7.93E+11,8.70E+11,9.49E+11,1.10E+12,9.99E+11,1.07E+12,1.19E+12,1.36E+12,1.53E+12,1.71E+12,1.82E+12,1.72E+12,1.70E+12,1.88E+12,1.88E+12,1.94E+12,2.18E+12,2.62E+12,3.14E+12,3.77E+12,4.61E+12,5.59E+12,5.41E+12,6.65E+12,7.99E+12,8.48E+12,8.81E+12,9.04E+12,8.42E+12,8.33E+12,9.22E+12,1.00E+13,1.00E+13,9.56E+12,1.18E+13,1.24E+13,1.24E+13,1.26E+13,
North Macedonia,MKD,"Industry (including construction), value added (current US$)",NV.IND.TOTL.CD,,,,,,,,,,,,,,,,,,,,,,,,,,,,,,,1759319788,1397397959,808696916.1,796963663.8,864004273.6,1133322743,1105594097,1103603062,1045159762,1027505282,807630908.8,763685912.5,778681615.6,1112343305,1195569320,1274377160,1486319133,1715723541,1935645686,1783763590,1979482070,2266044099,2054384765,2395089576,2593161925,2407652906,2557448204,2742975281,3050332404,2988141343,2811319561,3161346983,3207869405,3807202645,4079860780,
Mali,MLI,"Industry (including construction), value added (current US$)",NV.IND.TOTL.CD,,,,,,,,24288525.68,35562825.85,34151719.1,36796255.32,42969394.39,55036823.01,66017561.74,66773111.35,84154526.86,92305727.56,103554757.9,119977827.3,140876125.4,182768604.9,156462619.5,111496703.2,121034283.3,130526085.9,142434909.8,205832083.4,260210406.4,249977860.1,263007585.6,341637061.4,379463878.3,400168150.5,382200555.3,249969476.1,398470737.8,454811995.3,521929345.2,622651788.6,615203602.9,570426274.1,749071745.5,869668288.6,1038051433,1093189591,1531705326,1979684218,2220959104,2626971740,2931569795,3022135717,3708349444,3463541528,3572787583,4109561582,3483703058,3665355078,4059758196,4727015470,4726797992,5534578625,5914035324,5820496249,6318722963,6285648370,
Malta,MLT,"Industry (including construction), value added (current US$)",NV.IND.TOTL.CD,,,,,,,,,,,115048533.2,110991716.8,139465930.1,169840000.5,207126048.7,290182906.7,336346056.8,395426017.3,502070954.5,637200392.8,765355791.7,728307638.7,726204384.4,668034896,635885879.9,636393991.1,802249553.8,940738016.3,1055752839,1107824886,1293493837,1373617973,1412453762,1232425673,1405507208,972519866.2,994795732.3,967067971.4,1051598293,1017975096,1089810703,970897755.1,1103501611,1329432014,1356850271,1325932034,1336653087,1463723312,1763327379,1542089799,1586944316,1609914082,1448668229,1571968420,1554484995,1371035725,1476626314,1622292054,1860334502,1971371478,2003479156,2259155099,2138646481,2507231537,2663156229,
Myanmar,MMR,"Industry (including construction), value added (current US$)",NV.IND.TOTL.CD,,,,,,,,,,,,,,,,,,,,,,,,,,,,,,,,,,,,,,,,,863102266.9,685382276.6,881559577.7,1492427482,1729491414,2099183140,2789898753,4119067999,7221907702,9053826298,13112494318,18767894257,19403675374,19504623299,22601584067,20545930390,22033846406,24308127323,25083595704,28834467327,29661988594,24754018597,23810008515,25096141667,28006998854,
"Middle East, North Africa, Afghanistan & Pakistan (excluding high income)",MNA,"Industry (including construction), value added (current US$)",NV.IND.TOTL.CD,,,,,,,,,11621487675,13371654583,15175470848,18533106865,20512002785,30874652024,59750974431,64874453888,82862446960,91505554090,88391515777,1.18E+11,1.26E+11,1.05E+11,1.29E+11,1.38E+11,1.37E+11,1.38E+11,1.31E+11,1.14E+11,1.15E+11,1.18E+11,2.70E+11,1.11E+11,1.11E+11,97647068147,1.10E+11,1.30E+11,1.48E+11,1.55E+11,1.46E+11,1.77E+11,2.11E+11,1.97E+11,2.01E+11,2.20E+11,2.77E+11,3.45E+11,4.13E+11,5.02E+11,6.32E+11,5.30E+11,6.40E+11,7.67E+11,8.21E+11,7.45E+11,6.95E+11,5.46E+11,5.50E+11,5.90E+11,6.18E+11,5.92E+11,4.80E+11,6.39E+11,7.98E+11,7.25E+11,7.31E+11,
Montenegro,MNE,"Industry (including construction), value added (current US$)",NV.IND.TOTL.CD,,,,,,,,,,,,,,,,,,,,,,,,,,,,,,,,,,,,,,,,,209250904,258816944.3,277432241,330091597.9,393353613.1,391428926.8,501596286.5,640826991.5,823478687.6,726209363.7,711077555.7,684546236.6,606401717.5,687220182.1,656356479.4,578832703.1,678903302,712508500.8,875221104.1,901233404.2,831906664,865831457.4,839715390.2,974650971.7,1007218129,
Mongolia,MNG,"Industry (including construction), value added (current US$)",NV.IND.TOTL.CD,,,,,,,,,,,,,,,,,,,,,,576974000,655832533.3,717192866.7,566066750,594238900,818915766.7,857645133.3,923438333.3,1387666667,1055407840,816876200,457098985.9,230844226.5,290908112.3,476957766.4,318316252.3,336858860.7,254177864.3,235847010.1,252347079.8,278222626,314010346.4,402333277.7,564421061.3,820039964,1320987117,1598067646,1734820561,1377747669,2386494448,3261779736,3782681361,3838414603,3851061530,3662111124,3709756516,4295950864,5004469807,5411585404,4932415800,5667535731,6054799397,8035619875,9075447355,
Northern Mariana Islands,MNP,"Industry (including construction), value added (current US$)",NV.IND.TOTL.CD,,,,,,,,,,,,,,,,,,,,,,,,,,,,,,,,,,,,,,,,,,,,,,,,,,,,,,,,,,,,,,,,,,
Mozambique,MOZ,"Industry (including construction), value added (current US$)",NV.IND.TOTL.CD,,,,,,,,,,,,,,,,,,,,,,,,,,,,,,,,698828903.8,550702985.1,431181030,506881724.7,473616055.6,682796665.4,894332825.4,1207737316,1245413128,1158217059,1208785817,1016516400,1242760053,1572105410,1650086291,1884491074,2109156659,2218131134,2072651298,1924979662,2413546237,2815953028,2828347733,3144119965,3017336854,2482239718,3131393109,3804485712,3705728651,3096771983,3547461720,4389022068,4499703249,4981298261,
Mauritania,MRT,"Industry (including construction), value added (current US$)",NV.IND.TOTL.CD,,47522939.17,41582571.85,36012206.02,67889916.35,95045881.59,107294778.1,110059804.4,125036990.5,119881076.8,124802657.8,139037086.7,144301165.8,150450553.2,199584445,240810176.5,262299796.4,241835339.1,217213742.1,284376886.6,285140909.3,297398255.9,262031362.3,246283334.6,272685972.7,329004149.7,369099576.2,360021369.1,384601983.9,434203884.6,434186411.6,531475097.6,522173262.8,463919630.4,492100513.9,535891885.2,550174968.7,556415766.5,681624238,643625560,532999431.2,506989550.5,505045047.4,548365102.8,650446555.8,974474446.5,1719505439,1608326647,1899781472,1544238120,2149832376,2983735497,2521340965,2788811147,1874744405,1402746350,1613748788,1614735058,1766376568,2257779211,2779457254,2958764238,2784957358,3318505462,3327521928,
Mauritius,MUS,"Industry (including construction), value added (current US$)",NV.IND.TOTL.CD,,,,,,,,,,,,,,,,,155802754.6,183584600.6,232993011,269018856.4,248819279.6,242711330.6,226441819.1,221762826.5,231008918.4,262652061.8,385701909.9,511095596.5,580901901.2,593779564,737243874.5,804859685.9,921248749,925685775,1001480905,1147116931,1252812523,1140087128,1130363136,1142267931,1211786858,1233810573,1257240024,1468723033,1605927876,1516054057,1569979021,1837473082,2331507317,2131552763,2248021725,2487951104,2443396619,2498781976,2577950080,2304580865,2340562541,2435892409,2593415531,2441314178,1898470714,2094639773,2337109880,2510359316,2657952469,
Malawi,MWI,"Industry (including construction), value added (current US$)",NV.IND.TOTL.CD,,,,,,,,,,,,,,,,,,,,,429268420.2,415965670.7,386546500.3,406262070.7,372429182.5,378152957.6,392767381.5,443812573.9,492591437.3,647176031.4,796979413.9,922175761.3,875685730.3,784126385.7,391703326.5,416195870.1,685209015.4,768234034.2,496597960.3,504891923.1,483210474.2,446967926.1,1007553548,989258885,933028178.7,932196706.3,1117796632,1374053834,1466477673,1627918374,1816183416,2116024907,1554481942,1399416668,1519542513,1618586792,1396553922,1587296797,1816867066,2044482998,2245789855,2280541353,2101423861,2578397973,1931571504,
Malaysia,MYS,"Industry (including construction), value added (current US$)",NV.IND.TOTL.CD,473530259.2,515397259.9,616094628.9,677451408.3,786810912,875958768.1,931901725.5,934789103.7,929375281.8,1070134979,1171554217,1292637456,1597601289,2394827592,3404921134,3359766114,4119802091,5043808331,6298463370,8449383854,10234108723,10265940824,10337605250,11820903349,13316952120,12240944616,10881100679,12398606466,13529185121,15463065029,18577568279,20692464358,24345231083,26814472659,29822054565,36725677831,43900548533,44575910285,31664033836,36771578947,45319736842,42868684211,45496842105,51330789474,60541315789,66554496168,75677373257,86315358324,1.04E+11,82860477066,1.03E+11,1.19E+11,1.26E+11,1.29E+11,1.35E+11,1.16E+11,1.14E+11,1.22E+11,1.37E+11,1.37E+11,1.21E+11,1.41E+11,1.59E+11,1.50E+11,1.56E+11,
North America,NAC,"Industry (including construction), value added (current US$)",NV.IND.TOTL.CD,,,,,,,,,,,,,,,,,,,,,,,,,,,,,,,,,,,,,,2.17E+12,2.22E+12,2.36E+12,2.52E+12,2.48E+12,2.47E+12,2.63E+12,2.85E+12,3.11E+12,3.36E+12,3.52E+12,3.53E+12,3.13E+12,3.33E+12,3.51E+12,3.60E+12,3.73E+12,3.88E+12,3.76E+12,3.73E+12,3.99E+12,4.25E+12,4.33E+12,4.06E+12,4.68E+12,,,,
Namibia,NAM,"Industry (including construction), value added (current US$)",NV.IND.TOTL.CD,,,,,,,,,,,,,,,,,,,,,1177204981,906153848.3,780472428.1,800919138.3,638573521.4,601245497,646190543.9,702243550.6,832483733.2,859110182.5,813545346.7,781812288.7,872411636.1,737888333.9,887578397.9,865544645.4,845620418.3,905733836.3,878334398.2,826036847,920632831.2,941758745.7,907449491,1184615762,1657629163,1796400646,2410357125,2812101312,2942929178,2570092434,3135529934,3672962462,3910106092,3197298585,3311568072,3124384539,2949992253,3362671477,3676345476,3392664489,2732589984,3032109814,3407794553,3745747073,3859727161,
New Caledonia,NCL,"Industry (including construction), value added (current US$)",NV.IND.TOTL.CD,,,,,,,,,,,,,,,,,,,,,,,,,,,,,,,589607181.6,639379493.1,603504800.4,572713503.5,592246320.1,733288864.8,689596934,645429632.3,695901103.2,789085817.8,824886105.8,680594258.7,804475135.5,1148456110,1467198021,1528403321,1948150579,2809110152,2169977397,1966459753,2449935717,2619586767,2200270195,2292437322,2545145478,1931146022,1758970416,1949171641,,2115604233,,,,,,
Niger,NER,"Industry (including construction), value added (current US$)",NV.IND.TOTL.CD,17468111.24,16741900.4,18715488.46,21186610.93,20977566.31,23378684.26,26129688.79,29510451.7,31130860.69,32823826.97,45113816.13,51306585.49,60177133.68,88749935.43,79371538.4,115496549.2,137105384.3,180644567.1,265394793.6,395289828.1,575540780.6,415851739.5,348137021,365028585.8,315591933.8,301382505.5,415817316.8,417586457.3,395839201.9,382435188.6,968193649.2,847674152.1,818097320.7,676265652.3,455750466.9,488470606.3,509602121.7,476292109.1,491706500.9,445764640.4,405720992.6,421401075.2,460156053.2,587473719.7,667609149,715685384.4,790819668,1127668905,1551072991,1642448236,1805801063,1998435246,2501642409,2663228110,2564302134,2182581983,2209258513,2356942359,2528651488,2653467172,2781750784,3107433601,2915225201,3005683658,3491878321,
Nigeria,NGA,"Industry (including construction), value added (current US$)",NV.IND.TOTL.CD,,,,,,,,,,,,,,,,,,,,,,64548444323,49696885355,33127270362,22299505263,24680219723,17993190819,17323517773,16192782091,15573478537,19134251719,22004430880,19630936430,18816835855,25179864018,51492776768,69547576268,70797455582,62690778355,17367179006,23395862360,20799410716,21901251043,27234657453,38543661708,49541882383,61406061928,67741818006,83899011865,62650322719,92912623574,1.17E+11,1.26E+11,1.34E+11,1.42E+11,99398039146,73537418564,83848100239,1.09E+11,1.40E+11,1.10E+11,1.11E+11,1.24E+11,93238447684,45903460234,
Nicaragua,NIC,"Industry (including construction), value added (current US$)",NV.IND.TOTL.CD,,,,,,,,,,,,,,,,,,,,,,,,,,,,,,,,,,,763467306.5,831841832.7,862084789.6,853256708.3,891499886.1,983862353.7,1029854036,1150591388,1121130969,1096100206,1239513330,1325364449,1411991299,1538647281,1866293779,1749006253,1924152227,2263451360,2585367430,2788318733,2981805882,3282897247,3427131230,3421291317,3255742604,3083439780,3282185213,3877067902,4056172608,4843427814,5427030510,
Netherlands,NLD,"Industry (including construction), value added (current US$)",NV.IND.TOTL.CD,,,,,,,,,,11215345241,12468538991,14299563910,17395250618,22295930948,28776107878,30231338445,32895420903,37081477058,44062321247,50936048555,56308401685,48080369160,45028258645,42873815149,41832521291,42074185244,54309561972,63011566580,67676763296,66475400603,81303677841,82507479962,88090275689,84324673707,88840647778,1.06E+11,1.04E+11,92014908516,95107753832,94016403573,88122796915,92072506692,97536875358,1.17E+11,1.32E+11,1.40E+11,1.51E+11,1.74E+11,1.99E+11,1.72E+11,1.62E+11,1.76E+11,1.63E+11,1.65E+11,1.59E+11,1.35E+11,1.35E+11,1.45E+11,1.61E+11,1.59E+11,1.62E+11,1.87E+11,1.95E+11,2.06E+11,2.13E+11,
Norway,NOR,"Industry (including construction), value added (current US$)",NV.IND.TOTL.CD,,,,,,,,,,,3442719344,3809719526,4550408306,5932221027,7446432117,9481719566,10231100522,11735136658,13772199226,17055350408,22017938128,21656416064,21441586613,21583383586,22684923115,23351556321,22887338229,26923636364,27990332975,29970743718,35374698468,34620000309,36662482903,33274974979,35470131489,43773992928,50640174889,50783781491,42616134975,48079033747,63095957645,61976267002,65859365215,77563910624,93974305720,1.19E+11,1.39E+11,1.51E+11,1.90E+11,1.35E+11,1.52E+11,1.89E+11,1.92E+11,1.91E+11,1.74E+11,1.23E+11,1.06E+11,1.23E+11,1.44E+11,1.22E+11,98831507213,1.91E+11,2.93E+11,1.89E+11,1.79E+11,
Nepal,NPL,"Industry (including construction), value added (current US$)",NV.IND.TOTL.CD,,,,,,79800498.75,81900511.88,82688016.8,77836787.56,81679012.35,99259259.26,80691358.02,93135765.67,93221909.1,106028917.8,123906437.8,122694428.3,145679992,178773228.7,207416658.3,217333333.3,262333333.3,288567084.7,293501496.9,305433064.9,373927958.8,427586611.2,442449191.3,529403763.3,551871650.5,556712777.1,644979410.8,659777282.9,714458333.3,829285714.3,936285140.6,971825613.1,1052621427,1023502825,1028933039,1139264514,1000829932,1025431318,1074363584,1211643202,1338816902,1453141181,1638999823,2013541220,1936835396,2272499195,2889490260,3033477527,3058015847,3083444463,3206284530,3103628510,3726495511,4370933124,4447853007,4027859899,4354193009,5016587965,4914117906,4902741446,
Nauru,NRU,"Industry (including construction), value added (current US$)",NV.IND.TOTL.CD,,,,,,,,,,,,,,,,,,,,,,,,,,,,,,,,,,,,,,,,,,,,,,,,,,,,,,,,,,,,,,,,,,
New Zealand,NZL,"Industry (including construction), value added (current US$)",NV.IND.TOTL.CD,,,,,,,,,,,,2806693595,3285123967,4336997356,5035852179,4419471425,4805144193,5510022712,6515468227,7180206351,8039953677,8797768712,8926438456,8753286015,7761070206,8314578005,9612378538,11619312906,12545571659,12167840445,12072551246,11107922575,10811888558,12145345943,14679162342,16441950053,17578742889,16394755090,13387546713,14136696248,12413823387,12449773983,15896298487,20525222914,24471932773,27466028304,25648790610,31510986992,31248330639,26269598351,31395689549,35520319204,37218349132,38831958632,43215164671,37797730086,38147613164,42443261550,43206808471,43384995471,42558701303,47817937473,48915048980,,,
OECD members,OED,"Industry (including construction), value added (current US$)",NV.IND.TOTL.CD,,,,,,,,,,,,,,,,,,,,,,,,,,,,,,,,,,,,,,6.85E+12,6.73E+12,7.02E+12,7.20E+12,6.84E+12,6.94E+12,7.72E+12,8.65E+12,9.18E+12,9.78E+12,1.06E+13,1.12E+13,9.76E+12,1.05E+13,1.13E+13,1.12E+13,1.12E+13,1.14E+13,1.06E+13,1.06E+13,1.12E+13,1.19E+13,1.19E+13,1.14E+13,1.29E+13,,,,
Oman,OMN,"Industry (including construction), value added (current US$)",NV.IND.TOTL.CD,,3639560.341,13158410.46,14558241.36,14838207.54,14839994.06,17359993.06,56337561.41,139439888.4,185279851.8,197999841.6,228103946.1,260570702,342196215.3,1358135495,1625651998,1785465837,1814418066,1693109149,2397510133,4149102490,4872900984,4781991893,4814997105,5212842034,5932338048,3760910462,4434330039,3893367750,4603120936,6321196359,5603120936,6075162549,5710013004,5827308192,6416124837,7542002601,7700650195,7025487646,8718335501,12501690507,11829388817,12185175553,13007802341,15144343303,21405461638,25671261378,27879583875,44395578674,31922496749,41123537061,52843433030,59034070221,58394018205,57525617685,41794538362,36016905072,40100390117,49315994798,45244993498,35789596879,45344603381,65346163849,58790637191,58031209363,
Other small states,OSS,"Industry (including construction), value added (current US$)",NV.IND.TOTL.CD,,,,,,,,,,,,,,,,,,,,,,,,,,,,,,,,,,,,14092793023,14045484800,14408356614,12867908640,13395625325,13876918177,13384793593,14388741957,17726984246,21071619861,24258137247,27960356502,31989404347,36219828197,27205665386,29399494429,35724379933,34545623709,34089501245,33361949755,27479785405,27605616339,30648321294,34670355384,34566759448,31479519872,38437546785,41754342448,40091742323,41093027755,
Pakistan,PAK,"Industry (including construction), value added (current US$)",NV.IND.TOTL.CD,546409071.8,644687106.3,716715665.7,838513229.7,975430491.4,1093868123,1238555229,1335993280,1456740865,1731415372,2032129357,2252624948,1874289650,1286484442,1868080808,2317575758,2750707071,3141313131,3676767677,4229494949,5276161616,5657878788,6163033175,5708031496,6306248145,6300527704,6748481091,7213981940,8346738821,8519513291,8940027112,10462310816,11069928585,11705269418,11698288803,12929606735,13926881624,13458929578,13715204147,13919220706,17095105098,17091308829,16802549529,19539883900,24998280354,28944465410,32696594862,36726814240,42858193504,38099347374,41240211130,48853182077,54919418196,54036158594,56628312683,58800706799,56924215020,61393919257,66200848645,62782390955,55847509216,65857128349,76524839827,69757016336,75227152337,
Panama,PAN,"Industry (including construction), value added (current US$)",NV.IND.TOTL.CD,,,,,,,,,,,341247100,385304100,404452500,495524400,566669400,672686400,671441000,660232200,796917800,913988000,1163540500,1282845100,1420430200,1360136500,1446407800,1685818800,1694798700,1656153000,1278675800,1232653700,1247727200,1526425300,1726388700,1990815200,2072756900,2163518200,1698266000,1777697800,1928833400,2206221000,2190055300,2009932700,1995248500,2280242800,2584297200,2816403700,3183166400,3777777200,5000812000,5237290500,5675588500,6914707700,8727241900,11462958000,13256829600,14822496800,16383930200,18175506800,19068373684,19828351172,13374132352,17767924394,20196256744,22762116398,22066683358,
Peru,PER,"Industry (including construction), value added (current US$)",NV.IND.TOTL.CD,725750841.8,802083107.3,909744635.4,935974448.3,1165497543,1361643868,1615443934,1718403383,1587938362,1814468363,2099867143,2360573833,2641820995,3320934912,4410052421,4872197602,5034993105,8995100895,4250608894,5717006992,,,,,,,,,,,,8883803831,9451547025,9651969081,13083682389,15512900080,15951187711,17067192192,15803918891,14354262077,15023639646,15107037998,16128720471,17554322833,21800046869,26131889465,33203750076,38517417705,43792337400,40538144877,52773594089,63957372644,68455398232,68116905924,63652060341,57582198937,58637441327,66041034348,70394264230,69529522432,61065980799,80886131207,85954222239,90684502966,98255597589,
Philippines,PHL,"Industry (including construction), value added (current US$)",NV.IND.TOTL.CD,2601266855,2875017092,1727451905,1954267776,2076783570,2245058194,2464632093,2696244803,2936006384,3218188887,2677927571,3012878767,3372711183,4324114176,5980913853,6555249660,7760032216,9081749867,10510105101,12925696462,15735945628,17460586842,18022278714,16272799530,14943874686,13577999931,13018782643,14424762146,16788988787,18744386463,19278316045,19502532375,22028644607,22518521977,26457132258,30188061215,33755320551,33558941724,25985312558,28732883930,29263746750,27541628758,29324991079,30063793640,31938433665,36322643418,42715969413,51474877748,59509832641,55471717531,67385574982,73400438130,82241722877,87372363497,92361041667,93410680263,96499110206,98959915308,1.06E+11,1.14E+11,1.03E+11,1.14E+11,1.18E+11,1.23E+11,1.28E+11,
Palau,PLW,"Industry (including construction), value added (current US$)",NV.IND.TOTL.CD,,,,,,,,,,,,,,,,,,,,,,,,,,,,,,,,,,,,,,,,,21707122.44,28778396.97,34834850.46,27076075.44,25217899.9,25599981.08,22356587.08,21700104.25,17925617.92,16646812.81,18386914.37,16962763.43,17512526.98,17750870.18,18690233.52,22774145.51,30665388.18,23568443.24,25839166.26,31691042.6,32943638.67,27589376.1,30230420.41,27859775.88,,
Papua New Guinea,PNG,"Industry (including construction), value added (current US$)",NV.IND.TOTL.CD,,32928005.27,37184005.95,42448006.79,47936007.67,61600009.86,79520012.72,87696014.03,89936014.39,101808016.3,142688022.8,175586061,242743153.3,469100174.1,511579436.9,386441556.6,379663650.8,427971413,495115844.4,667081602.3,683363489.8,580563385.7,550335970.4,714588122.2,601412049.6,635700490,751275975,996035902.7,1249173926,1047860787,979148271.7,1303781303,1740203400,1935711365,1778009950,1486528963,1794613050,1471236315,1188170738,1219968492,1384910301,1185905225,1046991610,1246644343,1452680262,,2954766115,3296833692,4013151682,3459302947,4726816335,5635862495,5871755258,5642875461,7609630025,7560827073,7209552066,8269213507,8902306296,9086222354,7881216535,8887526405,12749649952,11182583659,,
Poland,POL,"Industry (including construction), value added (current US$)",NV.IND.TOTL.CD,,,,,,,,,,,,,,,,,,,,,,,,,,,,,,,,,,,,48199100777,52142724676,50642333772,55088047419,52042949171,49761911610,52464642517,53228000852,60128693841,74792721650,89210791712,1.01E+11,1.26E+11,1.54E+11,1.32E+11,1.42E+11,1.60E+11,1.51E+11,1.49E+11,1.62E+11,1.49E+11,1.45E+11,1.52E+11,1.72E+11,1.74E+11,1.73E+11,1.96E+11,2.03E+11,2.39E+11,2.50E+11,
Pre-demographic dividend,PRE,"Industry (including construction), value added (current US$)",NV.IND.TOTL.CD,,,,,,,,,,,,,,,,,,,,,,1.24E+11,1.06E+11,82167372190,71136591244,74393059370,64054502279,73309857708,75833355320,77226739484,2.19E+11,58317304055,49322964131,48890407678,54014197910,96809065395,1.20E+11,1.33E+11,1.24E+11,87033599883,1.14E+11,93160308299,94992781106,98519605086,1.31E+11,1.73E+11,2.17E+11,2.67E+11,3.51E+11,2.69E+11,3.44E+11,4.47E+11,4.83E+11,5.00E+11,5.00E+11,3.53E+11,3.02E+11,3.51E+11,4.26E+11,4.59E+11,3.61E+11,4.41E+11,5.59E+11,4.85E+11,4.42E+11,
Puerto Rico (US),PRI,"Industry (including construction), value added (current US$)",NV.IND.TOTL.CD,467400000,,,723700000,793800000,899100000,1023300000,1134700000,1275200000,1417200000,1526300000,1818400000,2084900000,2363500000,2706000000,2832000000,3369600000,3624500000,4246300000,4801800000,5675800000,6232800000,6499900000,6706700000,7696400000,8243400000,8879800000,9900900000,10986100000,11634100000,12845700000,13431500000,14981300000,16301400000,17675700000,18872800000,19543500000,20559400000,24476600000,23329800000,28421000000,33450600000,35271500000,36667900000,38509200000,39634806000,40897524800,41877832900,44383367000,47615800000,50077300000,49959800000,50415200000,50470900000,51155200000,52657700000,53369800000,51960115573,51141100000,53450900000,51892300000,53724600000,54899300000,56152800000,59436800000,
"Korea, Dem. People's Rep.",PRK,"Industry (including construction), value added (current US$)",NV.IND.TOTL.CD,,,,,,,,,,,,,,,,,,,,,,,,,,,,,,,,,,,,,,,,,,,,,,,,,,,,,,,,,,,,,,,,,,
Portugal,PRT,"Industry (including construction), value added (current US$)",NV.IND.TOTL.CD,,,,,,,,,,,,,,,,,,,,,,,,,,,,,,,,,,,,29311448852,31196372498,30091518582,31403650935,31699492270,29012697494,29359954865,31672898740,37390212661,42112820441,42179405194,44147089432,50872998624,53700803153,48584143670,47530281980,47445835978,41329832313,42803715740,43680526562,38999309316,40122647687,42514763689,46922550223,45348501854,44533489571,49451654455,47277687453,54699318965,58549416678,
Paraguay,PRY,"Industry (including construction), value added (current US$)",NV.IND.TOTL.CD,,,65128095.24,69084047.62,75165634.92,80420396.83,87145158.73,95844047.62,97236507.94,106366666.7,118168968.3,132748333.3,151349206.3,197290793.7,295808727.4,310590634.9,369182539.7,479214285.7,603365079.4,781047619,1088912698,1417452381,1384161765,1495593887,1167806905,858786023.4,1020115725,1104072188,1257099038,1441139680,1908780601,2562988871,2541660230,2407163958,2536910499,2875072583,3078381259,3107014268,3055218845,3104359119,3149401620,3276145387,3034737064,3097573854,3696294227,4218698181,5144249317,6624922532,9050750463,8356543136,9433334099,11488788145,11483503515,12795049043,13570245103,12522734780,12449784605,13412578694,13498121926,12700934665,12119328207,13854848142,14370535721,14182288374,14440750492,
West Bank and Gaza,PSE,"Industry (including construction), value added (current US$)",NV.IND.TOTL.CD,,,,,,,,,,,,,,,,,,,,,,,,,,,,,,,,,,,942500000,969200000,906600000,873400000,934800000,1056900000,927100000,961800000,713600000,920200000,920100000,1075600000,981700000,1021700000,1267400000,1419700000,1803300000,2118000000,2470500000,2508300000,2514200000,2295000000,2659400000,3101700000,3138800000,3158200000,2644800000,3202600000,3333400000,2780800000,,
Pacific island small states,PSS,"Industry (including construction), value added (current US$)",NV.IND.TOTL.CD,,,,,,,,,,,,,,,,,,,,288197673.8,344117552.9,336475752.3,330496471.6,292346956.5,294508427.8,292105087,341389573.4,338428707.6,332474016.6,380841143.5,423964645.3,447930893.8,498107017.4,529206545.4,616890799.3,637124812,679938707.4,677284946.7,558933815.6,597137158.1,567246646.5,581525842.6,623329195.2,705633569.9,846578345.7,827427024.6,856261575.4,930569336.7,1020575721,911795141.5,991433177.9,1229951776,1259340110,1244500367,1306157998,1281760608,1406985726,1488697980,1529423585,1595198036,1435217360,1421986308,1553676576,1671563709,1835271055,
Post-demographic dividend,PST,"Industry (including construction), value added (current US$)",NV.IND.TOTL.CD,,,,,,,,,,,,,,,,,,,,,,,,,,,,,,,,,,,,,,6.50E+12,6.36E+12,6.64E+12,6.77E+12,6.42E+12,6.50E+12,7.28E+12,8.12E+12,8.57E+12,9.07E+12,9.84E+12,1.03E+13,9.06E+12,9.63E+12,1.03E+13,1.02E+13,1.02E+13,1.04E+13,9.61E+12,9.70E+12,1.02E+13,1.09E+13,1.09E+13,1.04E+13,1.18E+13,,,,
French Polynesia,PYF,"Industry (including construction), value added (current US$)",NV.IND.TOTL.CD,,,,,,,,,,,,,,,,,,,,,,,,,,,,,,,,,,,,,,,,,,,,,,649038270.8,615953304.2,726757607,814345445.7,775213541.7,675535951.1,661685482.7,615802615.3,640488129.7,664085072.3,576514510,586419322.5,604034278,631152952,643387614.7,593502427.2,,,,,
Qatar,QAT,"Industry (including construction), value added (current US$)",NV.IND.TOTL.CD,,,,,,,,,,,,,,,,,,,,,,,,,,,,,,,,,,,,,,,,,,,,,,,,,,,,1.23E+11,1.37E+11,1.43E+11,1.44E+11,92904670330,80729670330,91323901099,1.11E+11,1.01E+11,75575274725,1.08E+11,1.54E+11,1.30E+11,1.28E+11,
Romania,ROU,"Industry (including construction), value added (current US$)",NV.IND.TOTL.CD,,,,,,,,,,,,,,,,,,,,,,,,,,,,,,,17547926884,12186150020,10837500000,10290638774,12850962788,13620849071,13960428154,12808003415,13431234916,10926873299,11274271353,13062652461,15352243187,18526075397,23867704235,31767166509,40241325775,59852845278,78813335250,63416526608,65147109727,77453939634,61665878554,60873363128,65049601768,54809623466,55812142493,61180404551,70379466092,69458756349,66721096552,74702704080,81505734807,94197953785,96614605080,
Russian Federation,RUS,"Industry (including construction), value added (current US$)",NV.IND.TOTL.CD,,,,,,,,,,,,,,,,,,,,,,,,,,,,,,2.36E+11,2.33E+11,2.38E+11,1.94E+11,1.76E+11,1.63E+11,1.37E+11,1.38E+11,1.40E+11,91973209686,65621445979,88091006043,97613986973,1.00E+11,1.23E+11,1.87E+11,2.49E+11,3.15E+11,4.06E+11,5.11E+11,3.59E+11,4.57E+11,6.02E+11,6.43E+11,6.46E+11,5.75E+11,4.06E+11,3.72E+11,4.83E+11,5.40E+11,5.44E+11,4.44E+11,5.81E+11,7.39E+11,6.30E+11,6.68E+11,
Rwanda,RWA,"Industry (including construction), value added (current US$)",NV.IND.TOTL.CD,,,,,,10197996,8430854.857,15552000,16350001,17712000,18900000,19356650.53,23234352.1,25380710.66,28393660.9,108477426,120500129.7,158336215.9,200362272.4,207865414,270380566.2,292564376.6,305854405.7,356365880.9,368885913.2,389203714.2,448915263.7,384701101.7,410511819.2,418958557.4,627962101.7,400290038.9,379497803.1,361475859.2,159545456.8,206592921.2,250006519.5,344576204.9,372061346.2,396297954.5,347978123.2,323276272.1,322264111.9,305496846.9,346612283.3,438600782.2,525621225.8,681137713.3,842443101.4,890244926.2,1000110406,1250840432,1395118737,1377631801,1446052540,1490601066,1464022199,1599280467,1672174483,1952369207,1896330206,2265866026,2832285023,2967132861,2987979076,
South Asia,SAS,"Industry (including construction), value added (current US$)",NV.IND.TOTL.CD,8360724186,9094518600,10072258821,11342331957,12749476295,13990051363,10861113790,11125103311,12119571310,13849215212,15018467021,16444897929,17132555217,20088913410,25278635307,26267152625,27740860955,32623719466,37640383600,43418941422,52331179892,56091574591,57821443354,62819152893,62770358114,68485064109,73238244296,81682765226,87063104686,89830060321,97298052735,81053232219,87405487895,85920566153,1.02E+11,1.17E+11,1.25E+11,1.32E+11,1.32E+11,1.39E+11,1.46E+11,1.46E+11,1.61E+11,1.87E+11,2.30E+11,2.68E+11,3.19E+11,4.08E+11,4.11E+11,4.59E+11,5.63E+11,6.06E+11,5.97E+11,5.95E+11,6.39E+11,6.57E+11,7.25E+11,8.29E+11,8.51E+11,8.45E+11,8.24E+11,1.01E+12,1.03E+12,1.10E+12,1.15E+12,
Saudi Arabia,SAU,"Industry (including construction), value added (current US$)",NV.IND.TOTL.CD,,,,,,,,,2598222289,2741333333,3133333333,4693515175,6502679412,10418203907,37728450704,33552591929,45066005666,49587170733,48077664123,72199276549,1.17E+11,1.30E+11,91100181409,63287698987,54588819523,42520154611,32280853362,33735914553,33346328438,39729238985,57113484646,63819225634,69945794393,62954339119,63663017356,69491855808,81631508678,83264085447,63372800000,75723733333,1.01E+11,93507466667,96704000000,1.16E+11,1.47E+11,2.03E+11,2.36E+11,2.61E+11,3.45E+11,2.34E+11,3.07E+11,4.29E+11,4.66E+11,4.54E+11,4.42E+11,3.09E+11,2.93E+11,3.33E+11,4.35E+11,4.06E+11,2.94E+11,4.52E+11,6.58E+11,5.80E+11,5.57E+11,
Sudan,SDN,"Industry (including construction), value added (current US$)",NV.IND.TOTL.CD,141585296.2,144457208.9,154796094.6,174037909.7,180068926.4,173176335.9,228317059.8,236645606.7,241240667,250717978.9,263928777.3,273406089.2,292935095.6,372199886.2,485640437.9,595347503.1,718552558.1,827670582.6,899982384.2,,,,1182085478,1165461538,1553000000,1250724276,1565120000,1900100000,1869244444,2945888889,4937000000,5356227619,822263466.7,1081361337,1280914958,1405486388,1314367217,1639023623,1638564725,1659194561,2461231086,3070680911,3768131959,4237171023,5706289137,7731874611,10400660455,15649711225,18287687994,13241248538,12465980483,11185310421,6629989717,8706661068,8962777135,8313116394,7398333667,6860267224,6717589226,7029102331,6306680356,2522285131,2516901068,11305746472,11500154694,
Senegal,SEN,"Industry (including construction), value added (current US$)",NV.IND.TOTL.CD,136716905.8,153845220,163545288.5,164179974,181989905.4,190872215.5,198392149.2,211713695.8,211170267.7,222269404.6,228245333.6,241246642.3,280733469.6,319197455.4,427028655,554813351.6,518170230.9,561574920.8,651470604.3,809527578.5,902276968.4,794143064.6,825085775.7,757207802.6,741673811.3,778735855.4,1073143510,1300331009,1373050371,1345121924,1641477758,1605932397,1875259015,1742295068,1219773290,1507256378,1589117363,1411184289,1533717026,1532464468,1443657164,1554351532,1736452243,2122786141,2525993014,2607143691,2739092904,3307573624,3721651826,3552208580,3510606175,4151820631,4081744611,4596141344,4583579549,4194242111,4444780700,4887515731,5551116504,5516979419,5693296869,6580903753,6918043909,7025975166,8206305386,
Singapore,SGP,"Industry (including construction), value added (current US$)",NV.IND.TOTL.CD,115280835.7,128935522.4,145366879.9,172316919.4,190022278.7,215894316.6,243791690.9,284200416.8,340223832.3,409477267.2,517244758.6,644812491.8,841380666.7,1129742222,1630259624,1758176372,2023109687,2101465113,2361031401,3076077397,4149452773,4880534280,5361764567,6123598131,6943539991,6163283484,6157538294,6823321392,8520275404,9785281256,11153617392,14830101302,16831709912,19476838279,23067686933,27654149396,30385144829,31108845196,27508392079,26615719455,31185008031,27279049273,28451547760,29513432286,36679489394,40141444619,45917354602,51072190203,51144670749,52452260719,63874946095,70564313518,73838739001,72104291537,76097865120,74806757224,74167418240,80751670076,95715584183,90544936877,81151983487,1.07E+11,1.21E+11,1.12E+11,1.17E+11,
Solomon Islands,SLB,"Industry (including construction), value added (current US$)",NV.IND.TOTL.CD,,,,,,,,,,,,,,,,,,,,,,,,,,,,,,,,,,,,,,,,,,,,39714985.07,45273362.26,47540728.37,57561537.56,69421905.02,79692033.44,95231845.24,116510206.4,198424825,216246274.3,201216485.7,225187667.5,203408833,214599432.2,258714980.3,284345339.1,293412005.8,264911274,285195221,283150168.1,323533715.4,370214853.4,
Sierra Leone,SLE,"Industry (including construction), value added (current US$)",NV.IND.TOTL.CD,,,,,98639508.7,96459961.42,93659962.54,91203205.71,91560036.62,107280042.9,110340044.1,110001997.8,125377443.5,140198593.2,139749211.2,132684824,115650048.5,134496293.1,186621332.5,212919950.4,221947037.5,199292554.6,206676623.7,141089358.4,142632323.4,111042599.1,71891623.17,118350527.3,119215722.5,94837827.9,116737318.9,263565198.5,263867275.9,239231380.6,349764802.1,314049225.7,341870707.2,230364662.5,159705247.7,162698045.4,170152835,134856108.8,172658327.6,224204005,266865546.4,290656072.8,824002763.1,883848443.6,932842833.3,767063340.9,863861876.3,956952373.8,1445117032,1983008352,1572023811,1129776281,1187391947,1122047505,1119022983,1169707029,1179652442,1374880784,1478088530,1673195897,1782120567,
El Salvador,SLV,"Industry (including construction), value added (current US$)",NV.IND.TOTL.CD,,,,,,203120000,230920000,240640000,248680000,262560000,274880000,294240000,323280000,350160000,418680000,499600000,558720000,673760000,782760000,819280000,784320000,772640000,753243200,783617100,826171700,887648800,855894700,1012681900,1063373300,1159307700,1122850940,1208032600,1450129800,1754705400,2010712600,2273574900,2436677300,2577610900,2863562300,3032531900,3167520000,3325857700,3454175100,3569564100,3514089800,3596790000,3915460000,4171610000,4655240000,4395130000,4662880000,5313420000,5686440000,5744400000,5877360000,5927280000,6007900000,6287630000,6524860000,6813870000,5912490000,7000820000,7563400000,7848870000,7935300000,
San Marino,SMR,"Industry (including construction), value added (current US$)",NV.IND.TOTL.CD,,,,,,,,,,,,,,,,,,,,,,,,,,,,,,,,,,,,,,,,,,,,,,,,,,,,,,,,454551357.2,475848383.4,496083643.1,599518113.6,562141584.5,548914362.7,679828755.8,687695891.2,725152278.3,,
"Somalia, Fed. Rep.",SOM,"Industry (including construction), value added (current US$)",NV.IND.TOTL.CD,12571994.97,12571994.97,12571994.97,12571994.97,13355994.66,12571994.97,18801992.48,21671991.33,34145986.34,40428571.43,45585714.29,49785664.93,54168084.38,58839449.18,80000000,80000000,101604427.6,55000013.91,39088388.95,52099737.53,45342411.17,49302475.08,58324242.34,50012559.37,54984945.33,64165321.35,88509932.68,,,,,,,,,,,,,,,,,,,,,,,,,,,,,,,,,,,,,,,
Serbia,SRB,"Industry (including construction), value added (current US$)",NV.IND.TOTL.CD,,,,,,,,,,,,,,,,,,,,,,,,,,,,,,,,,,,,6325593220,7357113594,8437021125,6500398772,6335274193,2575500389,4424388085,5575217048,6796919011,8007159815,8196827343,9692418588,12676007425,14913528404,11422767777,10897491152,13468435938,11987953163,14066137538,13037903787,11001610355,11203235864,12230186198,13624311237,13752795997,13567024402,16132928244,16850501660,19340302914,20787491989,
Sub-Saharan Africa (excluding high income),SSA,"Industry (including construction), value added (current US$)",NV.IND.TOTL.CD,,,,,,,,,,,,,,,,,,,,,,1.45E+11,1.21E+11,1.06E+11,87173398674,80618566537,79791110312,90773147719,94294720662,97229693252,1.16E+11,1.22E+11,1.15E+11,1.12E+11,1.16E+11,1.57E+11,1.77E+11,1.80E+11,1.64E+11,1.10E+11,1.24E+11,1.13E+11,1.18E+11,1.50E+11,1.93E+11,2.37E+11,2.75E+11,3.22E+11,3.80E+11,3.18E+11,3.99E+11,4.81E+11,4.94E+11,5.10E+11,5.11E+11,3.96E+11,3.41E+11,4.00E+11,4.52E+11,4.82E+11,4.17E+11,4.90E+11,5.41E+11,4.95E+11,4.62E+11,
South Sudan,SSD,"Industry (including construction), value added (current US$)",NV.IND.TOTL.CD,,,,,,,,,,,,,,,,,,,,,,,,,,,,,,,,,,,,,,,,,,,,,,,,,8633142543,7250427916,8928247299,9127095785,6102982881,4095251017,6520269729,3970616420,,,,,,,,,,
Sub-Saharan Africa,SSF,"Industry (including construction), value added (current US$)",NV.IND.TOTL.CD,,,,,,,,,,,,,,,,,,,,,,1.45E+11,1.22E+11,1.07E+11,88034932533,81560818542,80848308430,92054033332,95539145169,98546148306,1.17E+11,1.23E+11,1.16E+11,1.13E+11,1.17E+11,1.58E+11,1.78E+11,1.81E+11,1.65E+11,1.11E+11,1.25E+11,1.15E+11,1.19E+11,1.52E+11,1.94E+11,2.38E+11,2.77E+11,3.24E+11,3.83E+11,3.21E+11,4.02E+11,4.84E+11,4.98E+11,5.16E+11,5.19E+11,4.07E+11,3.57E+11,4.18E+11,4.75E+11,5.05E+11,4.40E+11,5.14E+11,5.69E+11,5.29E+11,5.00E+11,
Small states,SST,"Industry (including construction), value added (current US$)",NV.IND.TOTL.CD,,,,,,,,,,,,,,,,,,9092054584,10245858019,14252932796,22700296668,20770578984,19746251310,17940547117,17696604822,16375424756,11486796958,13218107351,13045079766,13553933848,16173093827,16596632655,16906456620,15764074172,16985718367,18690095232,19032557999,19653677609,18010572368,19054421984,20925936107,20347470410,21532670784,27002249052,32046583355,37994148155,44537946102,50489778133,60403944533,43332852895,47789917176,57163679120,54613166534,54197847747,53590516994,44241488065,43053969537,47185253928,51798265093,51332136819,45909267434,58213638857,71692161345,67597470797,76493617948,
Sao Tome and Principe,STP,"Industry (including construction), value added (current US$)",NV.IND.TOTL.CD,,,,,,,,,,,,,,,,,,,,,,,,,,,,,,,,,,,,,,,,,,,,,,,,,29362168.69,32696521.54,27912731.72,27144042.05,27779400.08,35633269.76,37567172.5,30366552.12,30189807.49,29220801.89,32187214.82,31081046.02,28551024.9,26453857.73,23554451.73,19153934.15,23303660.64,
Suriname,SUR,"Industry (including construction), value added (current US$)",NV.IND.TOTL.CD,41550000,41250000,41850000,44050000,48500000,57150000,83100000,99850000,111500000,117850000,114500000,130400000,132700000,150050000,196050000,149500000,173000000,233750000,244750000,264650000,261000000,287500000,269500000,242000000,242500000,236000000,231500000,228500000,301500000,136600000,87300000,81000000,67933333.33,69205882.35,165320895.5,202113122.2,226199322.7,251675000,235037500,193981395.3,235880303,206636238.5,313451489.4,341470588.2,460497439.6,606955386.6,971316106,1088524590,1415664845,1328961749,1536378627,1552631579,1756060606,1659696970,1585151515,1397408059,887588105.2,1374668391,1469092280,1360665350,1064576383,1171962213,1601213646,1377489236,1548143666,
Slovak Republic,SVK,"Industry (including construction), value added (current US$)",NV.IND.TOTL.CD,,,,,,,,,,,,,,,,,,,,,,,,,,,,,,,,,,,,7221884967,8004759189,7516682905,8392061752,8652451737,8621574943,9194825601,10332646253,14347504937,18406724140,20050505284,24215041962,28920970562,33189615029,26166042916,27294155671,29841297670,28484671916,27714249513,30406934526,26692829769,25902944142,26947588754,30483493389,30849975897,30744436697,33035798494,30738624537,39015768378,40782770146,
Slovenia,SVN,"Industry (including construction), value added (current US$)",NV.IND.TOTL.CD,,,,,,,,,,,,,,,,,,,,,,,,,,,,,,,,,,,,6268764658,6412650496,6348230792,6851161281,7004319051,6137547353,6324270484,6974007980,8894295962,10336965620,10716583758,11822634550,14650556880,16517006021,13684521377,12594378596,13592732571,12498547540,12989375593,13751959927,11799435485,12224138765,13497907422,15071526864,15394665302,15452155514,17324253743,16766462451,20489085730,21210460798,
Sweden,SWE,"Industry (including construction), value added (current US$)",NV.IND.TOTL.CD,,,,,,,,,,,,,,,,,,,,,41653919756,36466279180,31813488524,29503149692,31914601900,33389535095,43465791454,52264356665,58662586989,61163486327,70029947118,68686999587,68559677530,50631343629,56613659927,70982574685,75799582463,69638371164,70538371552,70409566228,68352469931,62273092525,68061537830,83165972076,95161452734,96284272926,1.05E+11,1.23E+11,1.24E+11,97003057305,1.18E+11,1.35E+11,1.27E+11,1.28E+11,1.25E+11,1.12E+11,1.13E+11,1.19E+11,1.22E+11,1.19E+11,1.19E+11,1.43E+11,1.37E+11,1.31E+11,1.31E+11,
Eswatini,SWZ,"Industry (including construction), value added (current US$)",NV.IND.TOTL.CD,,,,,,22119991.15,23099990.76,25339989.86,26039989.58,28979988.41,29119988.35,30480259.84,35513350.03,64268926.55,75352072.26,71669272,73600018.4,87400021.85,109250027.3,128296507.5,140600050.8,146311614.1,128658999.3,125661969.3,111301131.9,76861812.51,113215044.7,186490101.1,244076450.6,260535323.3,410525018,418804555.1,464173422.7,499920526.2,511073876.9,641244801.3,582658142,646335321.3,594064342.6,568713757.2,689035030.8,609018666.3,566054958,847602742.7,1113326166,1270817089,1311857523,1396335818,1296745022,1431413564,1688197749,1789010130,1791026056,1632169208,1549714890,1444706519,1407829276,1557963637,1579028074,1599662180,1300147599,1594019840,1646444540,1594608535,1687810099,
Sint Maarten (Dutch part),SXM,"Industry (including construction), value added (current US$)",NV.IND.TOTL.CD,,,,,,,,,,,,,,,,,,,,,,,,,,,,,,,,,,,,,,,,,,,,,,,,,,,,121061452.5,114804469.3,115195530.7,99430502.79,98791396.65,97507486.03,93060837.99,82230558.66,102354972.1,87251117.32,81570223.46,,,,
Seychelles,SYC,"Industry (including construction), value added (current US$)",NV.IND.TOTL.CD,,,,,,,,,,,,,,,,,7989612.452,8922750.567,11808757.96,19233654.16,35248950.01,41585917.49,35259038.55,35416729.19,38246046,47425135.19,56906762.6,59845262.36,71513864.51,73747253.01,91657123.99,103557667.7,120411019.3,136205964.5,145160073.6,176218841.2,182755045.4,209673734.9,240422854,258535423.5,272921498.9,267321651.3,322915938.6,295795984.1,189911890.9,230501727.3,252450299.8,247951518.1,219570407.6,171732902.6,192529274.5,219145988.8,214987903.9,220522075.5,218821681.9,203444716.7,214744423.4,197256269.5,210727039.4,228327066.1,197311500.6,174798361.7,241772981.4,287837933.4,266418223.7,
Syrian Arab Republic,SYR,"Industry (including construction), value added (current US$)",NV.IND.TOTL.CD,,,,,,,,,,,489140698.8,602456367.2,648209549.1,691852825.2,1245197004,1579383494,1829268293,1776353276,2247995418,2607133758,2958980892,3997923892,3813382618,4003311894,4014635846,3647311574,3008672981,2214387338,2111462838,2344339512,2972568944,2826166667,2299928591,2479046755,1815460000,2063512974,3522674651,4144747082,4022250000,4756492248,6309650408,6096197798,6023851159,6168888437,7531980198,9000306513,11807390029,13781597918,17987569456,14771034095,18679095992,22783219868,10818661768,4954445881,4191875915,2550937099,2045485935,2816736831,3976219517,3594328033,2540919618,2679590732,2834965722,,,
Turks and Caicos Islands,TCA,"Industry (including construction), value added (current US$)",NV.IND.TOTL.CD,,,,,,,,,,,,,,,,,,,,,,,,,,,,,,,,,,,,,,,,,,50250600,51687400,60542700,81174900,105308400,145994700,154498000,168594000,113912000,81977000,66831000,67299000,72582000,76252000,89051000,95768000,107851000,119546000,118380000,102273000,121280000,144127000,155373000,162965000,
Chad,TCD,"Industry (including construction), value added (current US$)",NV.IND.TOTL.CD,28834181.32,32651050.6,31732899.87,34871142.13,38701828.28,46563929.28,53647361.82,57422545.28,63042107.29,60451474.46,59018867.07,63259820.34,75634565.25,95625995.45,97671558.24,129301595.9,129177385.2,127963367.2,146785463.5,105598093.3,93373918.74,104257345.6,104708902.2,109750006.7,142799057.3,131384077.6,155440607.2,162532637.2,191731883.4,227762099.7,293398204.7,242209594.4,245530839.1,199097635.7,138374189.8,192928585.9,200065514.3,211114384.1,224592933.9,187450330.9,151523220.6,223831944.8,284770409.9,824642391.2,1729257032,3459283784,3831333116,4457470482,5651600321,4299164324,5332196641,6853470540,7765743867,6873600673,6733260861,4938367249,3301515589,3531967897,4445825452,4286683377,3569410969,4827036845,5894747599,5639468503,5598705633,
East Asia & Pacific (IDA & IBRD countries),TEA,"Industry (including construction), value added (current US$)",NV.IND.TOTL.CD,39054128124,25896915257,23132893024,26153149746,32189998435,37436022002,43671402908,38629779068,35638393069,44410842505,55788920733,62558836954,72612645454,89915376710,96819816474,1.14E+11,1.12E+11,1.32E+11,1.24E+11,1.48E+11,1.66E+11,1.67E+11,1.70E+11,1.85E+11,1.97E+11,2.12E+11,2.06E+11,2.03E+11,2.27E+11,2.48E+11,2.64E+11,2.91E+11,3.30E+11,3.73E+11,4.52E+11,5.68E+11,6.63E+11,6.95E+11,6.26E+11,6.83E+11,7.58E+11,8.08E+11,8.90E+11,1.02E+12,1.20E+12,1.41E+12,1.72E+12,2.15E+12,2.74E+12,2.91E+12,3.54E+12,4.33E+12,4.74E+12,5.10E+12,5.39E+12,5.34E+12,5.31E+12,5.84E+12,6.52E+12,6.56E+12,6.52E+12,8.04E+12,8.17E+12,7.95E+12,8.09E+12,
Europe & Central Asia (IDA & IBRD countries),TEC,"Industry (including construction), value added (current US$)",NV.IND.TOTL.CD,,,,,,,,,,,,,,,,,,,,,,,,,,,,,,4.62E+11,4.64E+11,4.63E+11,3.98E+11,3.61E+11,3.25E+11,3.34E+11,3.41E+11,3.47E+11,2.99E+11,2.48E+11,2.67E+11,2.64E+11,2.84E+11,3.49E+11,4.76E+11,6.11E+11,7.47E+11,9.62E+11,1.20E+12,9.10E+11,1.08E+12,1.34E+12,1.37E+12,1.42E+12,1.35E+12,1.07E+12,1.02E+12,1.16E+12,1.25E+12,1.24E+12,1.12E+12,1.40E+12,1.62E+12,1.61E+12,1.71E+12,
Togo,TGO,"Industry (including construction), value added (current US$)",NV.IND.TOTL.CD,,,,39961623.67,47647447.27,58373641.08,67253536.12,76350361.79,74727205.95,80398833.08,72025144.61,87945552.43,93077122.49,116203176.8,270679640.6,238499902.4,194444997.1,241952898.3,261412524.9,283475648.3,383033643.1,309731668.7,271476704.4,218454742.7,190682071.6,203376094.8,296463155.6,371685309,418642708.5,464820981,603103796.7,632952845.9,671464759.1,439479129.1,356751201.9,501116701.1,532085152.6,495366224.9,560492012.9,531713167.2,638434748.8,615040933,728359068.3,928491736.9,894869144.4,787103508.1,831925734.1,988434333.4,1092620976,975678114,965261800.1,1180147738,1083545456,1336735174,1524657872,1316068343,1267866826,1303138214,1478227088,1352688348,1502816247,1710179514,1835270855,2046104343,2176009288,
Thailand,THA,"Industry (including construction), value added (current US$)",NV.IND.TOTL.CD,511194213.5,581462833.9,692983711.7,744440724.9,843942302.9,1004423091,1188120221,1407216346,1514519236,1669591433,1793269168,1995192322,2230766121,2903628765,3651515185,3837232650,4691152824,5803892265,7095754737,8306015152,9278361054,10488375589,10797554325,12246372740,13364950486,12387032399,14257678271,16850112352,21324527243,26192001220,31768784234,37975459661,42414275215,47501954118,54265948500,63103828767,67871819254,54912882894,41050221562,46080865601,46347280874,43692887317,49549555107,57742030016,65531445588,72897452097,86811400554,1.04E+11,1.15E+11,1.09E+11,1.36E+11,1.41E+11,1.48E+11,1.55E+11,1.50E+11,1.45E+11,1.47E+11,1.60E+11,1.76E+11,1.83E+11,1.67E+11,1.77E+11,1.74E+11,1.70E+11,1.69E+11,
Tajikistan,TJK,"Industry (including construction), value added (current US$)",NV.IND.TOTL.CD,,,,,,,,,,,,,,,,,,,,,,,,,,,,,,,988277432.3,923076923.1,946902654.9,690288775,511528028.9,462582045.3,304491032.1,238894391.8,329437373.2,298383331,303576158.9,391072898,429103809.4,515064022.1,641876743,632811680.3,774464529.6,983011390.3,1267487193,1220409452,1409236471,1465581735,1682522435,1952864186,2059880909,2499644255,2252492606,2400107512,2671032716,2744427366,2748998202,3144112797,3717869745,4118788052,,
Turkmenistan,TKM,"Industry (including construction), value added (current US$)",NV.IND.TOTL.CD,,,,,,,,,,,,,,,,,,,,,,,,,,,,932543527.9,1115178672,1073924363,956861892.4,978742043.1,390065790.1,1900555233,1148391486,1466875181,1551289134,1103341497,1057170626,1069670313,1192674887,1483614360,1798126717,2324364573,2589810097,3003629764,3678039261,4775609756,11668095053,12312631579,13353684211,19255789474,23412280702,24862105263,26405964912,19436857143,18602857143,17842000000,18306285714,17308480019,15517517607,15068677282,17072487193,18023794771,19261272609,
Latin America & the Caribbean (IDA & IBRD countries),TLA,"Industry (including construction), value added (current US$)",NV.IND.TOTL.CD,,,,,,61754536473,66278416458,62948116203,67524593817,76579608080,80015679377,89100105656,97410504874,1.30E+11,1.83E+11,1.73E+11,1.84E+11,2.03E+11,2.42E+11,2.68E+11,3.05E+11,3.46E+11,3.20E+11,2.76E+11,2.97E+11,2.86E+11,2.90E+11,3.08E+11,3.52E+11,3.88E+11,3.77E+11,3.87E+11,4.24E+11,5.40E+11,6.15E+11,5.72E+11,6.14E+11,6.86E+11,6.77E+11,6.29E+11,7.19E+11,6.95E+11,6.32E+11,6.37E+11,7.64E+11,9.31E+11,1.11E+12,1.28E+12,1.50E+12,1.29E+12,1.67E+12,1.90E+12,1.87E+12,1.86E+12,1.82E+12,1.50E+12,1.41E+12,1.58E+12,1.59E+12,1.56E+12,1.31E+12,1.65E+12,1.93E+12,2.13E+12,2.13E+12,
Timor-Leste,TLS,"Industry (including construction), value added (current US$)",NV.IND.TOTL.CD,,,,,,,,,,,,,,,,,,,,,,,,,,,,,,,,,,,,,,,,,59023267.8,62919765.65,55960223.7,49902883.29,24228356.45,24465420.23,22868023.69,28850642.12,49952603.77,72945192.5,80582752.27,135380864.7,148448232.2,280627939.1,245781303.1,292146983.3,315446843.9,250102176.7,256722888.7,618162511.8,794806032.6,2254269688,1749079839,496399695.7,220541392.6,
"Middle East, North Africa, Afghanistan & Pakistan (IDA & IBRD)",TMN,"Industry (including construction), value added (current US$)",NV.IND.TOTL.CD,,,,,,,,,11512315894,13246041805,15032913094,18359007616,20319313868,30584616803,59189676215,64265025916,82084040514,90645954649,87561169485,1.17E+11,1.25E+11,1.04E+11,1.28E+11,1.37E+11,1.36E+11,1.37E+11,1.30E+11,1.13E+11,1.14E+11,1.17E+11,2.68E+11,1.10E+11,1.10E+11,96729775574,1.09E+11,1.29E+11,1.47E+11,1.54E+11,1.45E+11,1.76E+11,2.10E+11,1.96E+11,2.00E+11,2.19E+11,2.76E+11,3.44E+11,4.12E+11,5.01E+11,6.31E+11,5.28E+11,6.38E+11,7.65E+11,8.19E+11,7.43E+11,6.93E+11,5.44E+11,5.47E+11,5.87E+11,6.15E+11,5.89E+11,4.78E+11,6.36E+11,7.95E+11,7.22E+11,7.29E+11,
Tonga,TON,"Industry (including construction), value added (current US$)",NV.IND.TOTL.CD,,,,,,,,,,,,,,,,2851551.25,2772088.476,3365380.35,4965548.815,5873351.218,6677636.074,6969662.147,6613246.78,8180180.18,9008336.99,7545918.011,8407085.561,8843999.44,11530376.83,13504966.23,13296805.06,13208391.18,14976616.44,13923410.4,34787456.45,39089385.47,41977595.58,35920933.91,31405093.83,34081252.4,37088808.61,33357193.99,32326509.9,34519044.37,38201146.5,43632236.21,44781597.98,46871470.33,53427004.83,52403607.81,66195648.29,79049996.81,88883152.83,71812745.96,71124961.47,68023009.66,67216253.3,75533826.36,75116101.4,77735437.99,74702826.97,84635489.67,95955042.29,87874404.33,,
South Asia (IDA & IBRD),TSA,"Industry (including construction), value added (current US$)",NV.IND.TOTL.CD,8360724186,9094518600,10072258821,11342331957,12749476295,13990051363,10861113790,11125103311,12119571310,13849215212,15018467021,16444897929,17132555217,20088913410,25278635307,26267152625,27740860955,32623719466,37640383600,43418941422,52331179892,56091574591,57821443354,62819152893,62770358114,68485064109,73238244296,81682765226,87063104686,89830060321,97298052735,81053232219,87405487895,85920566153,1.02E+11,1.17E+11,1.25E+11,1.32E+11,1.32E+11,1.39E+11,1.46E+11,1.46E+11,1.61E+11,1.87E+11,2.30E+11,2.68E+11,3.19E+11,4.08E+11,4.11E+11,4.59E+11,5.63E+11,6.06E+11,5.97E+11,5.95E+11,6.39E+11,6.57E+11,7.25E+11,8.29E+11,8.51E+11,8.45E+11,8.24E+11,1.01E+12,1.03E+12,1.10E+12,1.15E+12,
Sub-Saharan Africa (IDA & IBRD countries),TSS,"Industry (including construction), value added (current US$)",NV.IND.TOTL.CD,,,,,,,,,,,,,,,,,,,,,,1.45E+11,1.22E+11,1.07E+11,88034932533,81560818542,80848308430,92054033332,95539145169,98546148306,1.17E+11,1.23E+11,1.16E+11,1.13E+11,1.17E+11,1.58E+11,1.78E+11,1.81E+11,1.65E+11,1.11E+11,1.25E+11,1.15E+11,1.19E+11,1.52E+11,1.94E+11,2.38E+11,2.77E+11,3.24E+11,3.83E+11,3.21E+11,4.02E+11,4.84E+11,4.98E+11,5.16E+11,5.19E+11,4.07E+11,3.57E+11,4.18E+11,4.75E+11,5.05E+11,4.40E+11,5.14E+11,5.69E+11,5.29E+11,5.00E+11,
Trinidad and Tobago,TTO,"Industry (including construction), value added (current US$)",NV.IND.TOTL.CD,,,,,,,285774285.6,315517125.3,331050000,325950000,333050000,365491301.7,444703299.5,598758384.1,1184425912,1416076520,1458625676,1804208333,1975833333,2652625000,3731333333,3883916667,3809333333,3597041667,3751250000,3404897959,1994416667,2105222222,1972500813,2036023529,2406517647,2376211765,2322564706,1933098951,2305614126,2395811827,2600071340,2452589529,2327259956,2766213148,3876251886,3989448787,3865422522,5821909104,7220266354,9533018031,11172142835,12909689959,17831756531,10187293508,11924053738,14509788197,12711499512,12846569778,12859984881,9656650723,8130212655,8611438663,9021729392,8263454982,6507319495,9458444395,12945048784,8639110171,8880409750,
Tunisia,TUN,"Industry (including construction), value added (current US$)",NV.IND.TOTL.CD,,,,,,190476190.5,200571428.6,219238095.2,246095238.1,276952381,296190476.2,345561532.7,448768872.5,582311027.6,960807133,1122388861,1134394496,1315617716,1573872278,2077192948,2720424796,2698439057,2525533828,2714038838,2765459243,2753518291,2748892043,2857860020,3089516953,3145616709,3661136364,3788695652,4410057065,4103345282,4567724511,5300200909,5580085637,5497925686,5619794068,5975763451,5756327320,5833477559,6150170250,7017613302,7976766948,8530690988,9345203884,11249783433,14108033003,12185517765,13641679475,14700774196,14250921319,14185939441,13638181631,11397744217,10649789831,9960755138,10110821586,9736906585,9140834844,10994833720,11664905271,11614475332,11579152667,
Turkiye,TUR,"Industry (including construction), value added (current US$)",NV.IND.TOTL.CD,1311111111,1377777778,1522222222,1755555556,2000000000,2311111111,2766666667,3200000000,3755555556,4300000000,3918181818,3673333333,4900000000,6164285714,7985714286,10385714286,12300000000,13722222222,15104166667,22980645161,16169736842,19000900901,17883435583,16457777778,15358038147,17726628352,23449481481,27372228705,29825738397,35324882187,46795208892,47637631831,49607377765,53805361857,41914086933,79980425346,83261895461,87646715833,85620021555,72594727818,73643216377,51603927911,59308119021,78353982151,1.03E+11,1.29E+11,1.46E+11,1.81E+11,2.03E+11,1.57E+11,1.92E+11,2.27E+11,2.36E+11,2.67E+11,2.66E+11,2.42E+11,2.47E+11,2.51E+11,2.30E+11,2.10E+11,2.04E+11,2.59E+11,2.86E+11,3.22E+11,3.47E+11,
Tuvalu,TUV,"Industry (including construction), value added (current US$)",NV.IND.TOTL.CD,,,,,,,,,,,,,,,,,,,,,,,,,,,,,,,1283315.262,1378766.682,1993907.383,1521189.207,1560956.636,1541103.887,1386846.634,1684528.492,1747550.615,1960320.021,941253.8185,1035510.763,1237990.767,1856394.066,2050962.234,1699385.936,1301984.302,2117027.259,3907973.474,3099387.064,1774053.143,3485434.72,3004034.993,2892619.828,2865788.745,2582545.132,,,,,,,,,,
Tanzania,TZA,"Industry (including construction), value added (current US$)",NV.IND.TOTL.CD,,,,,,,,,,,,,,,,,,,,,,,,,,,,,,,687730995.6,762721163.1,694364754.6,617754875.7,631260812.1,705494068.9,846387497.9,998997749.6,2463282527,2514662033,2568920597,2628771104,3037102182,3535933399,3852394414,4219811899,4253748388,5071006617,6634125058,6373135469,7541012649,9143275843,10071001409,11616148313,12567414571,11610412546,12373121465,13341177129,15395429111,17497482881,17894354441,19286260511,20971001349,22155487724,22527071056,
Uganda,UGA,"Industry (including construction), value added (current US$)",NV.IND.TOTL.CD,54230374.3,56659883.32,54423308.98,69144015.58,71178218.22,111997760,108077838.4,111437771.2,128377432.5,149657006.9,163796724.1,169256614.9,159456810.9,158059051.6,223695466.2,188333333.3,181100000,204882352.9,123782608.7,88450000,55630000,90000000,233000000,195000000,356357995.4,318956782.9,376537416.5,609436887.3,634483333.3,540786719.1,448287387.7,383823291.4,355966055.4,395080859.9,511707748.7,754362139.2,889116745.1,999122942.2,1082414034,1070553005,1327719504,1236356074,1416133084,1498223840,1656495382,2172150876,2271527351,2984845547,3721019226,6856419585,7359691580,7680972452,7421367665,7363308076,8225721257,8780128224,7641650134,8003092391,8638738277,9411139224,9960534794,11003611363,12196084813,12559572320,13405633747,
Ukraine,UKR,"Industry (including construction), value added (current US$)",NV.IND.TOTL.CD,,,,,,,,,,,,,,,,,,,,,,,,,,,,28917044632,34094643543,38839173831,34706798176,42253161811,38562210880,24592364161,22401461543,18400250813,15052455111,15286373759,12828112357,10111508647,10246803767,11756668714,13281580738,15825039830,19743748825,26937814663,34173465347,45599603960,52827857422,30096107937,36219137488,42061041751,44307810671,42729388215,30464237260,19779170213,21638361426,26104533789,30488897039,34747437948,32576396853,46253216233,29175659791,34589315939,36288652820,
Upper middle income,UMC,"Industry (including construction), value added (current US$)",NV.IND.TOTL.CD,88575555660,62493540461,61387648531,69090191481,84154615720,97899114429,1.10E+11,1.02E+11,1.04E+11,1.24E+11,1.42E+11,1.59E+11,1.81E+11,2.40E+11,3.15E+11,3.46E+11,3.68E+11,4.13E+11,4.28E+11,5.11E+11,5.64E+11,5.83E+11,5.81E+11,5.64E+11,5.90E+11,5.92E+11,5.94E+11,6.08E+11,6.78E+11,7.57E+11,8.93E+11,7.99E+11,8.57E+11,9.81E+11,1.12E+12,1.23E+12,1.38E+12,1.47E+12,1.39E+12,1.39E+12,1.56E+12,1.56E+12,1.61E+12,1.80E+12,2.15E+12,2.59E+12,3.11E+12,3.80E+12,4.69E+12,4.50E+12,5.55E+12,6.73E+12,7.14E+12,7.43E+12,7.59E+12,7.03E+12,6.92E+12,7.66E+12,8.34E+12,8.26E+12,7.90E+12,9.91E+12,1.04E+13,1.03E+13,1.05E+13,
Uruguay,URY,"Industry (including construction), value added (current US$)",NV.IND.TOTL.CD,,,,,,,,,,,,,,,,,,,,,,,,1690926281,1669072042,1701045909,2130135901,2639981909,2809072068,2841409387,3221334366,3983645435,4221737417,4450299815,4892290258,5580688297,5856239211,5638569047,5941840735,5593570185,5031436564,4584171338,2974701212,2781794957,3070501533,4128077905,4520098783,5626757029,7085109238,7875969288,10289943575,11430303831,12398704886,14518149156,15189952463,14674889494,10845080921,11721818966,11979875355,10926343688,9081305881,10770350931,12501266996,13065184304,13566928726,
United States,USA,"Industry (including construction), value added (current US$)",NV.IND.TOTL.CD,,,,,,,,,,,,,,,,,,,,,,,,,,,,,,,,,,,,,,1.98E+12,2.05E+12,2.17E+12,2.30E+12,2.27E+12,2.26E+12,2.38E+12,2.56E+12,2.77E+12,2.98E+12,3.10E+12,3.07E+12,2.79E+12,2.91E+12,3.03E+12,3.11E+12,3.24E+12,3.39E+12,3.38E+12,3.37E+12,3.59E+12,3.83E+12,3.91E+12,3.69E+12,4.17E+12,,,,
Uzbekistan,UZB,"Industry (including construction), value added (current US$)",NV.IND.TOTL.CD,,,,,,,,,,,,,,,,,,,,,,,,,,,,3012127274,3677337627,3890818859,4451545117,5062196752,4679750628,4091457006,3128419733,3223261923,3638318363,3372588679,3357529551,3594351733,2783718669,2274821176,1878340247,2072085984,2683379121,3721674124,4651330686,5993446671,8588565362,10225570066,10565011642,11902172921,13792402341,15583337544,17843298232,19411796035,19743990832,17234385078,16812206880,21533371454,21278617423,25055718489,28363414655,31844039257,36570187520,
St. Vincent and the Grenadines,VCT,"Industry (including construction), value added (current US$)",NV.IND.TOTL.CD,,,,,,,,,,,,,,,,,,7018387.037,9262238.148,11926901.11,13908877.78,17032566.67,18808370,20194133.7,21488750.74,23207282.22,26992108.15,30191155.19,34712118.89,38199149.63,39403732.59,43504629.63,49858074.07,52618296.3,54786407.41,56759259.26,58400000,66177777.78,71918518.52,69737037.04,71260777.78,74877814.81,74786703.7,79979740.74,88984592.59,91652000,102435740.7,125442592.6,115100037,113331370.4,114573222.2,108033963,106410111.1,112475814.8,108792592.6,117581481.5,117114814.8,123825925.9,128737037,124681481.5,108574074.1,114400000,144592592.6,158125925.9,178451851.9,
"Venezuela, RB",VEN,"Industry (including construction), value added (current US$)",NV.IND.TOTL.CD,,,,,,,,,4479066667,4314155556,4812444444,5595000000,6034227273,8110325581,15205767442,14057069767,16100953488,18336488372,19494279070,25068325581,30243651163,32624651163,30913883721,28592558140,28001672209,28004893333,28672453608,21702041379,29312206897,23268138362,28069262484,28593450066,31108466001,29214897716,23874187205,29138036284,31574228373,39788845078,37059054605,41090458541,54361639786,52741486199,43339475407,40841742462,57477820057,77250779758,95275588263,1.14E+11,1.60E+11,1.35E+11,1.90E+11,1.54E+11,,,,,,,,,,,,,,
British Virgin Islands,VGB,"Industry (including construction), value added (current US$)",NV.IND.TOTL.CD,,,,,,,,,,,,,,,,,,,,,,,,,,,,,,,,,,,,,,,,,,,,,,,,,,,,,,,,,,,,,,,,,,
Virgin Islands (U.S.),VIR,"Industry (including construction), value added (current US$)",NV.IND.TOTL.CD,,,,,,,,,,,,,,,,,,,,,,,,,,,,,,,,,,,,,,,,,,,,,,,,,,,,,,,,,,,,,,,,,,
Viet Nam,VNM,"Industry (including construction), value added (current US$)",NV.IND.TOTL.CD,,,,,,,,,,,,,,,,,,,,,,,,,,,7606401688,10397108224,6092152253,1443564491,1467421530,2287447306,2690096540,3809336752,4701641056,5962874826,7330638556,8610153101,8840744649,9894356964,11449907698,12462677276,13495009653,15611380061,18265972310,21976217375,25609328352,29813553139,36755233173,39636958508,48610062568,59684073543,70139265623,76027231249,82405026898,81985566681,87708889195,99572065491,1.13E+11,1.23E+11,1.27E+11,1.37E+11,1.59E+11,1.63E+11,1.79E+11,
Vanuatu,VUT,"Industry (including construction), value added (current US$)",NV.IND.TOTL.CD,,,,,,,,,,,,,,,,,,,,7213706.041,7473790.488,6386492.61,6597164.477,9741370.635,10692330.95,11685151.65,12122230.94,17460331.91,19583245.55,18657037.97,22313343.58,24023997.13,21385988.43,18892754.62,27842446.63,28623417.86,25966934.9,23207042.38,21440194.48,22304861.51,30528176.76,23335913.98,23506028.62,25755147.34,27730566.24,30994317.19,35565531.22,41049420.38,53812057.29,66347617.88,86341551.8,76976239.2,58885440.56,62268292.04,58029290.87,81659491.9,84268264.58,89500328.75,92343303.23,88989606.26,93482405.96,86174367.88,77778026.38,,,
World,WLD,"Industry (including construction), value added (current US$)",NV.IND.TOTL.CD,,,,,,,,,,,,,,,,,,,,,,,,,,,,,,,,7.67E+12,8.04E+12,7.77E+12,8.39E+12,9.38E+12,9.40E+12,9.08E+12,8.76E+12,9.02E+12,9.45E+12,9.08E+12,9.25E+12,1.04E+13,1.19E+13,1.31E+13,1.44E+13,1.63E+13,1.81E+13,1.63E+13,1.85E+13,2.09E+13,2.14E+13,2.17E+13,2.21E+13,2.02E+13,2.01E+13,2.18E+13,2.37E+13,2.35E+13,2.23E+13,2.66E+13,2.79E+13,2.80E+13,2.84E+13,
Samoa,WSM,"Industry (including construction), value added (current US$)",NV.IND.TOTL.CD,,,,,,,,,,,,,,,,,,,,,,,,,,,,,,,,,,,60709270.22,63286205.22,67212626.53,71076397.36,62444014.71,69491268.98,71771756.93,78431689.52,84571109.48,103390095,131953899,150504778.1,156635879.5,179032255.6,196281408.4,141122125.4,100527472.8,117315475.9,126076781.6,120830959,121171742.7,119512377.2,121598452.8,116666338,102957767.8,109185582.9,96642139.45,96323494.8,96508309.24,105319725.6,124440017,
Kosovo,XKX,"Industry (including construction), value added (current US$)",NV.IND.TOTL.CD,,,,,,,,,,,,,,,,,,,,,,,,,,,,,,,,,,,,,,,,,,,,,,,,,1401328548,1403976104,1445068268,1744883869,1695480627,1831148357,1875921980,1696305098,1794861975,1976691270,2198833373,2139912289,2126725615,2583901769,2548668008,2757927393,2889219009,
"Yemen, Rep.",YEM,"Industry (including construction), value added (current US$)",NV.IND.TOTL.CD,,,,,,,,,,,,,,,,,,,,,,,,,,,,,,,4878480745,5087014580,5637202140,6277328543,7783707735,4301101943,2838257427,3084629587,2192973473,3292721797,4721917150,4424815996,4828471294,5407549421,6628944476,8620669245,9904982561,11324013808,14147448018,13265184736,16368445659,17379876413,14071482519,15759683506,17243129649,14374318645,8112027055,6958590454,5497254992,,,,,,,
South Africa,ZAF,"Industry (including construction), value added (current US$)",NV.IND.TOTL.CD,2840598864,3018398793,3224198710,3611998555,4087998365,4596198162,4940598024,5282197887,5720397712,6504397398,7162397135,7599092303,8183680770,11734122621,14920298995,15892999129,15327203832,16305854076,19148654787,25059885538,37913085459,38036461675,33585800909,37841306884,32213611410,24401045464,27989542378,35394318265,37789843534,38652491329,44882718457,46539420530,48584964870,47000400552,47942505685,53206996169,48790896761,49427147924,43716978451,41918078630,42839432346,38640336810,36797590474,52984050403,67286519808,75149035527,75536585543,84250585484,85170680419,84888839068,1.06E+11,1.14E+11,1.06E+11,98424498839,92651460302,82282235250,76956844528,90062187885,95386463140,91967599719,78881386533,1.05E+11,1.02E+11,93696968013,97520478739,
Zambia,ZMB,"Industry (including construction), value added (current US$)",NV.IND.TOTL.CD,434279826.5,405439838,394239842.5,406699837.5,478239808.9,571059771.8,729119708.6,699019720.7,859179656.7,1202179520,978879608.8,763699695.7,890780361.5,1305187541,1594815531,1017831881,1112721811,947161755.3,1106702748,1408109244,1518892646,1477029229,1366352624,1330341541,1066905166,946795945.5,738221419.6,931595492.4,1642312962,1888821088,1489441984,1562910827,1391996088,1225695121,1364900929,1306309779,1194349284,1393432246,965003713.6,776852445.5,836927116.9,956486533.3,1001304962,1183064946,1598584269,2237075815,3877589798,4485530369,5550685346,4632910049,6533396448,8080461580,8163695510,9127929597,8941378976,7152574978,7309700460,9651899837,9073607897,8144510318,7290962459,9243359536,10290096693,9682007754,8918508238,
Zimbabwe,ZWE,"Industry (including construction), value added (current US$)",NV.IND.TOTL.CD,,,,,,364606165.8,346429790.1,391870779.5,417903064.3,496000018.7,565316692.4,641131482.2,807318090.6,1069554315,1285399965,1393385172,1366474039,1311884581,1301177717,1641029650,1861086250,2021376849,1939388409,1991835774,1874157020,1446176113,1770995975,1993711231,2350452783,2610892291,2619236149,2870500000,2513750000,2000500000,2009750000,1828500000,1968500000,1923000000,1332750000,1311750000,,,,,1416250000,1524750000,1669500000,1718750000,1346750000,2074750000,2493250000,3064500000,4337500000,4546000000,4626500000,4465750000,4546750000,16339442231,10596813725,13001143844,12930814912,15241885667,18941002247,11929358312,14535724814,
