"Data Source","World Development Indicators",

"Last Updated Date","2026-02-24",

"Country Name","Country Code","Indicator Name","Indicator Code","1960","1961","1962","1963","1964","1965","1966","1967","1968","1969","1970","1971","1972","1973","1974","1975","1976","1977","1978","1979","1980","1981","1982","1983","1984","1985","1986","1987","1988","1989","1990","1991","1992","1993","1994","1995","1996","1997","1998","1999","2000","2001","2002","2003","2004","2005","2006","2007","2008","2009","2010","2011","2012","2013","2014","2015","2016","2017","2018","2019","2020","2021","2022","2023","2024","2025",
"Aruba","ABW","Industry (including construction), value added (constant 2015 US$)","NV.IND.TOTL.KD","","","","","","","","","","","","","","","","","","","","","","","","","","","","","","","","","","","","","","","","","","","","","","","","","","","","","","337679520.852132","337194109.472867","369439664.804469","387141687.471591","414525108.601547","416895932.369658","415300901.927425","344415091.094884","361042348.728357","377615454.441202","","","",
"Africa Eastern and Southern","AFE","Industry (including construction), value added (constant 2015 US$)","NV.IND.TOTL.KD","","","","","","","","","","","","","","","","","","","","","","113135193093.795","111421699887.572","111973206789.235","118620374923.267","118348013675.675","118810856488.03","120300552182.793","124833102494.524","126300585696.727","122621943599.504","117664813735.687","112610449564.888","110947331978.882","113399970403.61","115011267031.123","118652058879.123","120974402108.515","120845394364.73","123146962318.419","129372509163.347","131380510836.924","136184068060.198","139097601134.546","148574458075.164","159849965527.588","171580577459.795","185077502413.446","189707081178.664","185203100500.354","196847516714.855","203811109637.26","205459137760.991","213056632339.36","221386899929.177","226395316680.256","230784386659.376","238754228981.063","246194053875.911","249861399105.362","237469842763.773","248376742009.89","255960796878.168","262919486805.606","271351842050.141","",
"Afghanistan","AFG","Industry (including construction), value added (constant 2015 US$)","NV.IND.TOTL.KD","","","","","","","","","","","","","","","","","","","","","","","","","","","","","","","","","","","","","","","","","","","1508858942.62797","1663814122.03971","1954583540.16967","2208517631.05664","2510367737.794","2701987275.817","2857130464.60977","3031619454.38842","3221720224.46291","3537695925.88461","3763898715.42685","3954389278.68295","4063759007.59233","4233263326.94392","4200840152.31937","4587602785.7513","5095663354.34646","5342745347.09699","5095362712.42438","4442710947.69659","4188355988.82779","4263593242.05481","","",
"Africa Western and Central","AFW","Industry (including construction), value added (constant 2015 US$)","NV.IND.TOTL.KD","","","","","","","","","","","","","","","","","","","","","","109257891018.8","99809287089.4852","86668475097.5846","89798023258.0993","93623866754.8842","90975368905.4939","93312101964.2608","98240294021.5409","99741895723.5394","113701436086.723","110889459978.261","115564369232.032","109660885431.171","105751661842.55","104197326757.14","109485527310.468","112471929382.876","113790097666.571","109784189029.228","115695369166.293","121058946016.386","124196550808.522","135643306437.684","138783665201.664","142924728080.44","142265942815.306","141568453925.617","141394650983.766","144712297936.352","149979885668.35","162645091328.779","168917335647.375","174208860109.634","181860805721.25","180129435792.057","170527474582.39","177363138871.311","183297462037.553","191496247449.084","168775228176.882","164083490810.058","174141917379.646","180201774303.013","187859636721.687","",
"Angola","AGO","Industry (including construction), value added (constant 2015 US$)","NV.IND.TOTL.KD","","","","","","","","","","","","","","","","","","","","","","","","","","","","","","","","","","","","","","","","","","","14447534424.4584","14957129627.2018","17555140711.083","20627219157.3907","23137604307.692","27208127621.7181","29621557349.6201","29462982651.8097","30569335892.0103","31074827678.5872","35289486546.1925","37891795830.0246","37427918365.8873","37668051728.9944","37953411592.0287","36957767348.8149","35655873472.2375","35234793797.0813","30726788095.3369","29056422541.1487","30441335019.6489","30504822126.7425","31820188904.5043","",
"Albania","ALB","Industry (including construction), value added (constant 2015 US$)","NV.IND.TOTL.KD","","","","","","","","","","","","","","","","","","","","","","","","","","","","","","","","","","","","751013566.127631","870068621.837709","722735356.690082","853246757.46127","1025084275.02698","1304151154.60997","1580852474.82529","1699816739.9147","1900322753.53267","2035566281.90448","2163303671.47806","2363314794.78701","2515701357.21042","2690438065.03976","2713244720.36169","2740152555.56978","2790243659.0448","2623171514.09073","2697246845.87596","2657097172.33403","2808059694.85939","2888593379.10168","2966364824.92701","3211431694.02558","3221343140.83786","3131658801.35688","3408882036.89951","3711320378.40952","3873889008.49746","3874306975.24825","",
"Andorra","AND","Industry (including construction), value added (constant 2015 US$)","NV.IND.TOTL.KD","","","","","","","","","","","","","","","","","","","","","","","","","","","","","","","","","","","","","","","","","332603966.802962","361563227.045522","381645697.726552","426592179.726952","469794805.72984","503153083.359674","531684817.615748","516777661.50798","486738335.615347","441026807.112813","384289608.432458","348647441.980075","307998721.212254","284901067.258106","279241973.279082","278465676.093093","293406584.252425","301810845.092049","326697357.779129","352033897.820406","338319314.20126","357771746.586414","353383979.882996","404248321.591083","428651054.872402","",
"Arab World","ARB","Industry (including construction), value added (constant 2015 US$)","NV.IND.TOTL.KD","","","","","","","","","","","","","","","","","","","","","","","","","","","","","","","","","","","","","","","","","660976960354.321","667828587811.8","655177431055.077","681119552383.67","742565537710.026","776992505893.163","823564492403.401","844124778946.654","890470335734.735","868735664833.915","916095742162.597","949531029518.714","999276058705.607","999025203614.366","1011117228590.82","1043137498138.62","1086184999495.9","1084608109216","1113605473994.37","1116738752464.56","1045415470672.26","1087779708700.99","1180174161285.01","1164105814038.32","1158456214591.94","",
"United Arab Emirates","ARE","Industry (including construction), value added (constant 2015 US$)","NV.IND.TOTL.KD","","","","","","","","","","","","","","","","","","","","","","","","","","","","","","","","","","","","","","","","","","98948834548.4964","95289535559.3713","102047029883.558","111598419925.462","115870872342.027","131883431366.248","128346276237.552","131648957244.348","123075531652.386","126111492137.91","136871391582.603","142406868399.042","146620420421.438","148662587746.867","161035262083.05","169682612919.191","163226628847.78","169109571620.329","168277651532.442","155771541388.194","160930467238.779","174905259363.644","176506489060.425","181764881203.877","",
"Argentina","ARG","Industry (including construction), value added (constant 2015 US$)","NV.IND.TOTL.KD","","","","","","56245012313.7191","56869181038.3357","59275361622.1084","64891232918.5035","72383684858.5866","71710335092.5204","76249072958.1822","78631013039.2615","79264576069.96","84050177434.7076","83133183637.8536","83595112297.5827","90808609667.9668","83239803731.4522","89517254657.8195","88363421591.3349","78940934579.2696","76407419048.4934","80516371512.976","81059282479.7463","74046834313.16","80437271732.8818","83137371510.5053","80184351874.6029","73297509420.8939","69394191297.8103","76810667641.7281","85272709112.5119","89937379582.8031","95519209253.7635","92126904779.4787","97832734759.8314","106022449569.419","108085754207.777","100927786461.202","98712066321.1635","93587440663.1616","82959297869.6097","94707463303.9408","104950392908.948","111808254681.811","121496353134.346","128826650230.193","132784260080.578","124241795959.535","135181158734.066","143063461033.578","139914453094.173","140685653412.771","135815066829.015","137702635919.615","129681238786.156","132667581022.123","128622128322.544","122524467949.996","111149314920.604","128247562178.788","135511047980.007","135231501493.326","125828034688.795","",
"Armenia","ARM","Industry (including construction), value added (constant 2015 US$)","NV.IND.TOTL.KD","","","","","","","","","","","","","","","","","","","","","","","","","","","","","","","3344440449.49811","2810673920.35195","760213375.871432","765416615.030301","832248246.408243","838751007.128435","888912772.453898","906005653.996282","914182305.410867","969165083.24813","1199085509.92132","1260899929.5654","1529945240.6443","1908316355.97057","2049226089.09401","2352459459.42857","2742201691.62554","3051001159.73889","3277795242.65459","2341893901.65791","2515646995.73223","2560129082.96612","2687919108.93697","2701358704.48166","2639227454.2333","2713125822.98715","2704986445.52158","2948435225.54381","3057527329.0859","3378567698.4871","3294103506.16643","3379750197.29053","3710965716.54621","3785185030.86967","4042577612.96881","",
"American Samoa","ASM","Industry (including construction), value added (constant 2015 US$)","NV.IND.TOTL.KD","","","","","","","","","","","","","","","","","","","","","","","","","","","","","","","","","","","","","","","","","","","","","","","","","","","","","","","","","","","","","","","","","","",
"Antigua and Barbuda","ATG","Industry (including construction), value added (constant 2015 US$)","NV.IND.TOTL.KD","","","","","","","","","","","","","","","","","","43761688.3972079","45103562.7356581","54327064.157533","65088444.0347103","73859628.2638492","59102779.8508373","58733387.4767695","64372275.1462116","75616126.6956407","92370709.37657","113075528.87406","123874601.850632","137632583.129686","130787516.279614","136098473.984323","132491244.372253","124617155.908707","129980883.952568","132687248.489105","146939009.370229","157579771.329343","169750873.123881","182917072.742438","194507700.806298","159208113.223193","168819853.568833","183437237.514085","186889925.418636","223105455.317032","302279810.595529","326701169.693333","326655937.97406","305325413.026618","227700244.133242","197387453.600051","202129245.5039","213795259.766549","224436021.725664","228962962.962963","261993425.962509","288220284.521318","349219027.271707","357070499.875616","286644712.966621","318227760.949413","330609944.100561","334062632.005112","","",
"Australia","AUS","Industry (including construction), value added (constant 2015 US$)","NV.IND.TOTL.KD","","","","","","","","","","","","","","","","","","","","","","","","","","","","","","","164181830722.205","161717534604.866","157769404498.931","161957787923.788","168714167687.731","174950989126.679","180361790772.957","183108568740.253","192770653786.322","199494629580.934","206111471765.851","204142667225.389","212942427064.094","225473511541.905","230441145116.452","235211783322.398","240137981910.798","251343930514.162","262668488002.185","264857983464.473","273053747104.97","276837545431.237","293839663569.045","304088408299.725","316745545844.483","321374521499.154","324507391855.273","320969691847.136","333366158736.498","337534875829.614","336586243915.25","334319018497.365","335796101632.082","338342848754.681","340195669620.564","",
"Austria","AUT","Industry (including construction), value added (constant 2015 US$)","NV.IND.TOTL.KD","","","","","","","","","","","","","","","","","51448184863.8962","54478273380.8403","53867596959.3638","55602732326.6404","56689669425.8954","55522727186.6092","54383325007.3422","55703954316.5121","54328980528.7492","57151184212.2242","58174181464.7602","58408433671.3936","60418440638.2729","62007037676.0626","65910357385.8925","68743761003.7366","69485159463.6186","69476070365.5886","72810453040.3484","75139365739.9371","76257978815.9346","77230210609.4954","79497208542.7494","82020107411.865","84921772769.9212","85922905353.5348","85176364635.9632","87285778252.7984","90043964599.2336","92283993834.4338","95376850544.446","99977347571.0769","100554161755.56","89861833415.5878","92264522066.6182","95123678301.0813","96392637064.3287","96896610347.2409","96987706935.1921","96842098489.555","100087240211.246","103242681203.965","106405566433.504","106948530779.444","100808294878.902","106856752276.67","112432491854.126","109316380815.438","104038554326.179","",
"Azerbaijan","AZE","Industry (including construction), value added (constant 2015 US$)","NV.IND.TOTL.KD","","","","","","","","","","","","","","","","","","","","","","","","","","","","","","","","","7164653698.78487","5363883183.04393","3901897610.50986","3379213499.10981","3625792962.10617","4268600305.05101","5032971763.38381","5165646309.99587","4481846098.85671","4605734658.93506","5305234142.85455","6054255001.70925","6773059795.24096","9715474068.73911","14555604553.0522","19341633399.1344","21216799078.3456","23465281159.0878","24566571327.0292","23517320847.4042","23278355580.5364","24300606974.5564","24403599023.6581","23826622836.6408","22456306141.1201","21766701218.9571","21622759720.8573","21876277149.0963","20779214479.9778","21432166869.8902","21516493283.6779","21458129305.6887","21903623852.2176","",
"Burundi","BDI","Industry (including construction), value added (constant 2015 US$)","NV.IND.TOTL.KD","","","","","","","","","","","171862666.359582","181533733.870441","177311595.329616","180614178.099613","187231931.324362","188405557.257677","207894770.782046","258695582.760778","288228689.17117","290567328.605858","320006028.142922","350646841.389013","383069790.501715","395508304.412985","401603341.857372","438985133.954144","444795294.575449","477758184.634583","480411513.440991","483866472.157056","520098819.715424","568362241.198059","617070871.381095","530557535.161572","432563558.409744","360801264.005888","374800353.131621","370861757.21822","364965055.383419","381716951.280701","357935405.741414","335635486.589964","314724886.354183","295117048.175545","276730807.992592","281022678.472209","296108664.618589","314206903.120338","321754703.709827","359835727.102548","362709248.273287","369424661.755","397955210.625661","409214413.798007","435968928.790195","433328915.553981","431112829.375636","449169001.938924","489254065.872644","495819759.561044","497538349.528198","510637706.141416","526081552.56503","538557410.753445","547695108.201926","",
"Belgium","BEL","Industry (including construction), value added (constant 2015 US$)","NV.IND.TOTL.KD","","","","","","","","","","","","","","","","","","","","","","","","","","","","","","","","","","","","66724076598.5009","68277957455.4137","72307541618.7057","73418154262.7318","74672901342.52","79218219648.7119","79558719809.5442","79580349942.7118","79857355196.5036","83758853087.3514","85779825207.0453","86502590624.5496","90642319014.3403","88858480935.2261","85063040471.5228","87667428118.5443","89301848826.1458","87253963637.5337","87886719791.2115","89109370544.3639","89796650582.1093","88723118166.3706","89627895672.1886","90089504643.153","93214111944.5608","88204194326.4137","86886151695.651","93295349541.4807","94476334876.8264","94480621032.2467","",
"Benin","BEN","Industry (including construction), value added (constant 2015 US$)","NV.IND.TOTL.KD","","","","","","","","","","","387384672.588126","359311185.483343","409807902.701546","398170277.256591","510696371.72504","441412094.724824","386792993.750946","441949430.286814","414236481.092091","446669183.091841","440961443.01935","525180985.238218","705769174.530102","678192190.726916","735389360.935818","802799952.057106","631209109.093102","630187738.183083","667978560.464817","720109454.735451","779155648.895838","814505564.299575","888237877.864183","872306041.887554","914472556.83361","950330740.580171","1023470849.35386","1059378715.81154","1057390820.775","1075892367.23797","1174966421.92625","1331912601.46547","1356669983.8879","1372638489.30134","1387401003.18516","1478902507.77819","1523988858.3869","1497011343.98055","1363735181.70813","1384627427.99112","1431258633.34998","1433767977.30413","1486303700.3033","1578448315.64886","1639873703.58156","1865961048.69359","1882598067.26625","1891428422.81852","1982992027.33299","2251853908.17487","2368390205.97323","2584301086.34285","2788172165.02371","2991483433.06292","3280381640.89236","",
"Burkina Faso","BFA","Industry (including construction), value added (constant 2015 US$)","NV.IND.TOTL.KD","","","","","","","","","","","322244664.92204","335124290.943919","341887660.619327","386605628.276997","341435518.347947","413079936.503557","457582469.181792","380176997.664887","409295691.168817","397342754.76058","413828397.657991","408311654.736575","440553487.204511","444003357.305018","451765565.352531","476788528.852824","524977194.378857","568917825.184846","563508819.745986","560449053.919092","603206268.695989","603966175.243035","629108725.957585","662288733.502023","632068519.219321","633322304.289047","627812315.039815","755875925.851521","788713105.94399","1062376898.19866","1029536987.95047","1081613970.02669","1147007658.66781","1306135831.22978","1378882142.48426","1448409405.11972","1524606986.5485","1734864783.24047","1697610472.85637","1891260072.12395","2118533423.53859","2383759357.8874","2342607980.50041","2451533237.08422","2706260299.16614","2882476794.29374","3026572386.93542","3205077891.57447","3510328148.31076","3844871220.22406","4227129324.15624","4508667999.15722","4143795125.81972","4226158870.76037","4083571385.62573","",
"Bangladesh","BGD","Industry (including construction), value added (constant 2015 US$)","NV.IND.TOTL.KD","2134155287.51291","2177558754.40695","2757801472.57366","2865887051.98035","3899144785.81558","4206630998.15581","4038032815.22557","3500087979.46423","4144203193.38641","4393787648.96903","4426199403.96683","3556966600.07939","1896402128.75773","3218004549.82358","3881061970.74649","3392353957.42198","3339916718.5458","3912577279.14727","4092046822.91918","4956819888.43037","4767422233.54608","5006234695.08345","5175322535.10367","5377111851.116","5894851389.85103","6259650464.85972","6692095784.11092","7269415688.87823","7496441493.37886","7779742974.90647","8347472089.85286","8740713018.60803","9351619218.31018","10108556728.5475","10930348950.0689","12038070608.9036","12849042524.7457","13520466925.118","14700384737.9486","15470876744.4724","16438699422.3979","17665302518.1578","18690421758.9017","19920569197.098","21324824257.5525","23016388424.0275","25271511135.4433","27552979752.2958","29490927962.5951","31529686907.104","33746918167.2004","36790596648.3795","40262009730.9817","44143009351.6529","47745085198.7102","52360557158.0435","58169298008.0239","62981158232.8155","69402599930.8005","77476428865.0494","80274163391.8275","88532058911.146","97257480670.354","105395355901.182","109090708115.263","",
"Bulgaria","BGR","Industry (including construction), value added (constant 2015 US$)","NV.IND.TOTL.KD","","","","","","","","","","","","","","","","","","","","","5671781305.30801","5981896885.77983","6540998304.69267","7040675425.91576","7472361648.91785","7853009561.52215","8260809934.41242","8704729376.62092","9567739060.78021","9660087875.53716","8452576889.46555","6880397650.97513","6440052112.41754","6040768918.21956","6403215011.3642","6052928011.83585","6085631665.46047","6591629240.77259","6768306405.54565","6709752818.60165","7440085684.52222","7903608767.3227","8264715140.46758","8895676135.19842","9249764206.9995","9664369458.55326","10558554395.7879","11823471554.8717","12478757921.6364","12129817559.1526","11261846481.0425","11505220781.0903","11960048112.2598","11620647425.4905","11685208041.8382","12199120947.6309","12678045209.8537","12802139937.706","12655338158.531","12656698406.5345","11792813784.5751","11907081578.5389","13427470413.3972","12875171122.409","12345168010.2863","",
"Bahrain","BHR","Industry (including construction), value added (constant 2015 US$)","NV.IND.TOTL.KD","","","","","","","","","","","","","","","","","","","","","","","","","","","","","","","","","","","","","","","","","","","","","","","9669412056.73759","10325094038.9326","10809001188.9796","10817122764.9356","11070673215.2815","11188671112.2527","10988232217.9698","11959295648.5431","12544859274.5806","12713617021.2766","13087114496.8134","13201661724.1974","13308532461.9924","13558781021.6211","13475889936.9719","13995940850.5567","14230811426.1553","14240388284.5024","14400294313.5617","",
"Bahamas, The","BHS","Industry (including construction), value added (constant 2015 US$)","NV.IND.TOTL.KD","","","","","","","","","","","","","","","","","","","","","","","","","","","","","","710898895.164787","676440117.669279","657626765.60887","666546636.016058","595057434.792583","666951904.932135","662716142.248136","682941980.577328","911160963.486905","1014644618.61977","958948537.56452","1038117740.39381","891642095.201683","943131523.609253","1086578378.89505","1040136933.66469","1168355706.3659","1337799675.01434","1032396692.79297","1170711431.8486","1082539992.35328","1245337449.81839","1305492582.68018","1430598432.4221","1339818868.28522","1478301873.44676","1320300000","1562687325.55917","1437244943.60543","1322487459.37679","1347138443.89218","1009849034.60141","1068321506.40413","1022468992.54445","1111986560.88702","1250721965.20742","",
"Bosnia and Herzegovina","BIH","Industry (including construction), value added (constant 2015 US$)","NV.IND.TOTL.KD","","","","","","","","","","","","","","","","","","","","","","","","","","","","","","","","","","","","","","","","","2012857454.62417","2093626100.82535","2170102167.68131","2303851300.11235","2491692536.48643","2751561309.81506","3019521875.86671","3272681015.27669","3575064040.89393","3403935610.2374","3449635434.6366","3439242834.06646","3356435326.81922","3482578333.44309","3547927256.49491","3564082910.49803","3737326342.23969","3928074283.91462","4079307828.17337","4051926598.88702","3969758963.39665","4345399225.64697","4429313650.60498","4393324434.04507","4358733759.15507","",
"Belarus","BLR","Industry (including construction), value added (constant 2015 US$)","NV.IND.TOTL.KD","","","","","","","","","","","","","","","","","","","","","","","","","","","","","","","7483574769.25686","7514994027.5309","6884536683.06142","6078152200.04086","5022907507.51203","4347772484.923","4494408011.41117","5301793013.55077","5876595517.85505","6321493817.38571","6689205620.63921","7010269679.15041","7498980815.81703","8295193044.15351","9857156473.86059","11193241135.031","12776229297.0737","13964444413.8461","16134959862.9182","16183968868.2451","18110980098.9919","19495880517.9772","20023317108.4324","19666808341.3237","19919505514.3169","18456365977.8764","17716003699.0604","18446999221.6153","19404418323.5164","19681247408.8675","19614675665.3625","20171929469.1959","18911274226.6414","20444191866.7057","21662999432.9377","",
"Belize","BLZ","Industry (including construction), value added (constant 2015 US$)","NV.IND.TOTL.KD","","","","","","","","","","","47014536.27226","49935453.0274174","56774687.4207113","61896351.0287254","69022111.1984058","73411460.1041912","73028615.5019968","84149157.3802755","90506377.8577218","95675250.0711908","115973360.256641","119842363.100899","114183946.441171","110653481.345786","113893771.227852","114087221.370065","118101311.820983","133238785.449143","144942519.053024","172557526.853918","204259153.309615","221461113.925673","244763544.461793","266599001.20832","238048379.144533","236921857.581785","233775400.416961","235410714.863093","228563572.32747","250495830.78635","323218799.223065","318840844.568055","318651975.72295","286008808.024504","311042015.76688","308514965.495021","352923119.146711","376271311.263186","356537877.618931","377813393.199292","338260563.658547","333140783.463814","303533789.834067","309101180.299217","327563463.342334","319174317.810794","344330780.102994","320265873.729966","320404909.821583","336192931.696925","324796855.560309","386667631.272725","384849232.210417","375756411.136838","386476622.027193","",
"Bermuda","BMU","Industry (including construction), value added (constant 2015 US$)","NV.IND.TOTL.KD","","","","","","","","","","","","","","","","","","","","","","","","","","","","","","","","","","","","","","","","","","","","","","","","","","","477752400.341242","409246299.259114","371008589.956611","357249187.361829","344534565.109573","341004000","343694152.977761","358067702.899636","386395639.372433","446844836.555661","373565277.980437","375286767.347213","395259589.164661","381064340.079684","","",
"Bolivia","BOL","Industry (including construction), value added (constant 2015 US$)","NV.IND.TOTL.KD","1145288991.33099","1128512297.42041","1242593817.74177","1366728441.47354","1458425876.75557","1608135974.98697","1752231944.88057","1961826082.75041","2079722785.91469","2228809091.9164","2321754111.6578","2490760718.55562","2794467200.38816","3072903096.55052","3146647257.31618","3250103499.72949","3376839310.46649","3596080777.14637","3631000130.49662","3466588175.06717","3270473237.66707","3161786155.1372","2869774314.67369","2836607993.26046","2715823200.71303","2517208537.39603","2277680626.9801","2359735669.76772","2454383656.72522","2650597255.29712","2838525551.56612","2958137103.00051","3011333441.45365","3174701219.98838","3323191451.60799","3555402357.55234","3664213846.42006","3800302990.1215","4069402118.77153","3989589221.68751","4086666829.42562","4095139848.34662","4204850458.02664","4242489072.19311","4509887959.17888","4801888352.67055","5134865469.56484","5494199329.90114","6075477332.10498","6251438451.4212","6491687602.34499","6807597564.97577","7161858947.36664","7701151748.92927","8104416743.23622","8316847337.19247","8650216972.7513","8844782865.70824","9067207252.18262","9183529816.92326","7341993469.72554","8677198808.85452","8850381977.12333","8894499699.9362","8649515292.61733","",
"Brazil","BRA","Industry (including construction), value added (constant 2015 US$)","NV.IND.TOTL.KD","43420980539.8388","47544327325.0438","50845631238.579","50917989447.498","54077170844.8963","53308105987.5169","59045701841.4842","61000800753.2239","69807524426.2451","77565236201.3459","90252628652.7266","100912023106.471","115230272809.201","134863881070.562","146319053718.708","153489976867.214","171503222486.573","176896200721.418","188288011845.962","201086258367.125","219686737266.084","200266429691.762","200186323119.885","188335292791.188","200219249766.312","216777381721.986","242053624430.769","244449955312.634","238094256474.506","244903752209.677","224870625278.925","225455288917.894","215941075720.306","231078545113.481","246633170910.111","251349320241.045","253799012401.031","264902700057.552","259366222099.703","252602170184.056","263746564360.505","262052256484.099","272018678710.708","272300543420.302","294669732341.701","300546587562.217","306576919035.434","325605118776.328","338953663369.489","323015083241.192","355972542471.96","370618410318.019","367939490180.215","375909863266.004","370240451608.477","348909035724.836","332976807470.561","331309492776.591","333684919328.575","331449105098.427","321602048006.654","337795714721.197","342933018784.277","348688610829.665","359444108388.096","",
"Barbados","BRB","Industry (including construction), value added (constant 2015 US$)","NV.IND.TOTL.KD","","","","","","","","","","","","","","","","676383814.537979","781368900.772343","769792434.32221","841159899.49181","885640435.100547","919723052.49173","906871267.684219","844763419.538364","866442694.979017","881814614.146413","827697030.774925","875914449.33732","856502283.30131","917817652.010809","971221650.405946","926548352.921996","881002061.984553","769655135.530785","780226139.135506","785925532.277686","835117326.060421","882385215.671619","946139468.040121","886264249.274426","897484665.178816","890759746.784116","873904894.632356","910467898.421552","906148787.077998","929271822.930784","994734274.541185","956452993.792489","955473679.835717","1017343346.79618","866514794.659659","779575630.29661","773865807.733051","763390953.38983","755257537.076271","753039332.627119","775550000","769182931.673729","775221377.118644","743262801.90678","744043281.25","703581588.983051","705923027.012712","759488556.673729","729173095.868644","765568079.978814","",
"Brunei Darussalam","BRN","Industry (including construction), value added (constant 2015 US$)","NV.IND.TOTL.KD","","","","","","","","","","","","","","","9269169298.60809","9122127709.84934","11093905407.2184","12073502468.6579","12914438098.972","16279382871.0305","14377788252.7655","10898772292.4697","10950503715.1149","11010408239.3829","10644607327.2643","10313385554.122","9661537717.19225","9801570522.49572","9501679490.08296","9054210781.93865","9270481372.40135","9566803303.11177","9077911337.07913","8888238885.45103","8844061337.26779","8955294033.6096","9090922605.16933","9460765042.88574","8661595324.24629","9028698430.70315","9320046650.99203","9346791466.91695","9701821346.66303","10094629170.0558","10023422040.9818","9785427869.41238","10140397632.1101","9464814831.55107","8853494934.11724","8453711446.18477","8637979826.21155","8918573355.63419","8794858125.01831","8299170037.7472","7937071658.73616","7934389280.46979","7700917351.59192","7817545300.57274","7789105156.95597","8115610136.79873","8351705336.69946","8003706391.47815","7610956530.88337","7469527303.70005","7890605988.20119","",
"Bhutan","BTN","Industry (including construction), value added (constant 2015 US$)","NV.IND.TOTL.KD","","","","","","","","","","","","","","","","","","","","","20663238.3437693","35123802.7611487","37772026.2901911","48329598.2419072","49395386.904241","46478524.9180584","58985773.216458","111611355.045486","110716764.448419","121560627.875671","120021401.882903","116911057.121188","134485967.105885","136264111.813457","145851753.582973","169131235.320368","175192129.659306","173716547.249781","181866591.983343","209285662.474428","224472707.547508","254992480.017894","299343319.48214","326320367.835163","333871249.422926","345424984.55407","372088974.223548","515880471.750145","544305043.482982","565296647.587368","637339646.994894","667646239.413794","715373044.651525","745478065.267829","775636774.211624","841611053.906644","904218389.724788","929554439.179845","892404296.541685","880491291.257517","753726639.72304","783457130.284564","827306299.243958","820795754.932571","","",
"Botswana","BWA","Industry (including construction), value added (constant 2015 US$)","NV.IND.TOTL.KD","23727995.9652389","23214953.8049516","23984517.0453826","22188891.0025576","33299814.6835966","55270870.6558087","52797291.3086767","55848770.0367293","51213059.8730686","109614698.294161","186904637.758428","231227212.497623","292215106.500879","354286123.034652","386155868.778956","465192969.01423","526215197.964569","644151161.222968","778405432.623889","861992750.499785","1045917099.58302","1229813015.71312","1505008317.42504","1843540009.12248","1997173609.75779","2067096575.46269","2214420627.57296","2406791605.0381","2800519552.30865","3097230573.81804","3217359901.13671","3365757405.7286","3304474046.37723","3276821530.75606","3360471480.46133","3600234375.51835","3576518721.81197","3811628943.17984","3753492206.37916","4003895905.08212","4276378206.51688","4293739533.55086","4841288952.49955","4930162986.43585","4873563090.75867","5148286257.55849","5549833451.82417","5691386642.3362","5563628021.74034","3797265146.18423","4435957382.69152","4844229261.58166","4663235682.46028","5359831136.04105","5676976082.85305","5079984276.81649","5247809148.63629","5503103209.9031","5802279059.74273","5716100154.20607","4542154453.9579","5420026252.95889","5834710075.03249","5966583414.79995","5159471858.81987","",
"Central African Republic","CAF","Industry (including construction), value added (constant 2015 US$)","NV.IND.TOTL.KD","","","","","","","","","","","","","","","","","","","","","","","","","","","","","","","","","","","","","","","","","","","","","","","","","","610237664.455669","599612190.686095","675563023.082935","724540978.7178","392743482.400796","334147815.944584","375205701.697736","385942773.377685","392652175.01958","391553104.690137","438790335.49028","438753020.868981","568008916.760979","559488587.758875","501957374.636659","506474990.951576","",
"Canada","CAN","Industry (including construction), value added (constant 2015 US$)","NV.IND.TOTL.KD","","","","","","","","","","","","","","","","","","","","","","","","","","","","","","","","","","","","","","273526101681.941","281340405464.964","298157753302.568","317027387442.103","314941058499.81","324303412400.743","327310083631.196","338170477878.871","348253596333.659","352114218723.042","354020439372.323","348830933368.482","314573388103.248","335592813841.583","350837201681.947","359205067375.141","368542123011.182","384321566303.798","380032251381.957","374504304985.194","388477107101.901","401285055799.054","402458626992.328","378918376797.345","401989717933.202","414143128274.877","412747420302.676","412488034232.356","",
"Central Europe and the Baltics","CEB","Industry (including construction), value added (constant 2015 US$)","NV.IND.TOTL.KD","","","","","","","","","","","","","","","","","","","","","","","","","","","","","","","","","","","","200208121402.458","207468691347.646","208583585830.087","211253969219.742","212356565736.454","217885610261.621","224199832298.529","232398627504.181","245287429447.591","264744153920.375","279791358561.404","308075316490.558","331003634832.896","347702177623.396","328078798324.407","339696192464.999","358538299186.016","349066726489.665","341711171811.229","363606188434.225","382912270943.856","389384571978.756","403556877235.565","422500280789.155","435346360436.95","411133582945.629","423968176507.271","432848474288.707","429499204052.534","426690756260.109","",
"Switzerland","CHE","Industry (including construction), value added (constant 2015 US$)","NV.IND.TOTL.KD","","","","","","","","","","","","","","","","","","","","","","","","","","","","","","","129949681013.429","130075852812.655","129857810840.657","129679721263.35","134387725742.11","133482918534.769","130750605323.825","130820233935.1","132557514858.206","133036222723.462","134420158483.488","139508592433.937","141084169070.953","140616590593.862","140646092510.282","146426846706.814","153023822742.832","157970816414.991","162220246849.136","147500258119.647","156652189419.615","166342536073.891","164328456809.14","167820098995.366","168473293158.64","167984415632.042","171142080415.855","178511957169.452","188450179097.642","193454285123.098","186088250504.568","211960972860.461","219181674497.068","214033033827.47","217573172344.139","",
"Channel Islands","CHI","Industry (including construction), value added (constant 2015 US$)","NV.IND.TOTL.KD","","","","","","","","","","","","","","","","","","","","","","","","","","","","","","","","","","","","","","","","","","","","","","","","","","","","","","","","","","","","","","","","","","",
"Chile","CHL","Industry (including construction), value added (constant 2015 US$)","NV.IND.TOTL.KD","12980787025.9831","13612614882.2823","15297370812.782","16458947003.8096","16689557957.8564","16698789497.1248","17975759930.4533","18458285389.9428","19208170433.0635","19937462041.5537","20316665271.5535","22331448734.6815","21846970448.2899","20292166186.5275","21441492836.2346","16764652979.7518","17425418161.6056","18448521262.2474","19788337174.6179","21591327820.9599","23359877723.004","24827692479.7641","21181944556.8042","21019860029.566","22503474919.489","23573090777.0716","24937977300.4421","25991358254.0343","28140938511.9194","30593939180.9266","31104108703.6602","33394787393.2019","36483380704.4852","39269543625.7549","41029200502.4226","44461660653.7804","48995774834.3827","51840105100.0979","52446623522.4779","51331428951.495","52880716018.2421","53492374811.433","53500568350.1906","54592385108.0617","56361821590.0472","57216840203.0875","59009052351.1774","59184671082.0355","58589761545.3642","57600026632.5881","58857460132.1906","60325175196.8028","64128480572.2649","66251833972.9263","66820532941.4572","67596711883.5489","67366274980.3929","67039526080.4504","70475964343.3308","69803852065.8147","67401496577.78","68202668204.0629","66456622822.5467","67842311842.4674","70192421152.3295","",
"China","CHN","Industry (including construction), value added (constant 2015 US$)","NV.IND.TOTL.KD","31406374917.4114","18247103822.9499","16312910823.1268","18678282890.469","23441245031.3114","29067143843.8162","35520049772.6385","30440682656.9739","27640139844.3239","36761386002.964","49480825553.9055","55616447921.005","59342749940.9751","64268198188.2369","65167952964.1853","75399321568.6933","73589737855.2762","83303583257.3967","96045711349.3567","103945183095.567","117966979939.973","120188644869.025","126889720245.734","140065814124.763","160268156240.284","189757780908.148","209147634701.445","237582031301.565","271649326731.238","281833014837.607","290780281491.473","330865420526.551","400459804167.953","479529070309.511","566523621091.23","644846416680.305","722822523988.206","798560089839.18","869656322945.072","940995517935.611","1030143941202.17","1117616250143.15","1228201570354.11","1383780767896.21","1538015897522.46","1724552484027.86","1956516788058.22","2250986539174.4","2472460877569.04","2726946453979.34","3072821317097.64","3401265207104.24","3685734798256.42","3980122334815.32","4264922592372.57","4517694479123.13","4790178456332.43","5071279996112.7","5365029164819.5","5609261634226.83","5728934590566.43","6199270439047.43","6341898320398.7","6619182289061.22","6971285866872.69","",
"Cote d'Ivoire","CIV","Industry (including construction), value added (constant 2015 US$)","NV.IND.TOTL.KD","","","","","","","","","","","","","","","","","","","","","","","","","","","","","","","","","","","","","","","","","","","","","","","","","6964724368.15687","7235350773.11681","6945686056.26609","6414364739.78565","6322630226.10219","8145789698.49815","8512514498.31766","9218692760.03399","9691895302.28138","10566666779.655","11540979476.1876","14116806923.5328","13300707235.4986","14000830643.7468","15685559048.9348","17368717247.54","18209552942.0664","",
"Cameroon","CMR","Industry (including construction), value added (constant 2015 US$)","NV.IND.TOTL.KD","","","","","","1139488529.33048","1199520954.48819","1215103618.33008","1361408936.05633","1450367050.67337","1431466184.18745","1604059130.52571","1549092089.26875","1613884741.8726","1701365389.01297","1763508358.90388","1898885967.77962","2247085195.56075","2481727077.39254","3565240310.31565","3880996146.43197","5071678324.96549","5984120935.08571","7081821584.16146","7430291870.06671","8072234759.92464","8563988095.99171","8608045102.07886","7998067458.41698","7814022360.39812","7282668818.54301","6802012914.74984","6094603473.38784","5488725014.97209","5389514300.8203","5090389695.60287","5167409784.84709","5137563437.48851","5459164580.40768","5582971114.27675","5698836674.92868","5805567573.45451","6546866539.53331","6607190686.47498","7080174596.84118","6878148815.99812","7200579561.98302","7081891328.69375","7069201591.00587","7011489928.748","6904006452.24679","6799998280.42856","7248620416.89741","7473258627.11429","7594739682.26273","8082026755.16072","8482352517.17005","8601963935.79331","8854219534.03134","9187257075.81202","9447213037.53194","9823047410.63491","10155881350.6084","10363662231.7689","10623082000.8337","",
"Congo, Dem. Rep.","COD","Industry (including construction), value added (constant 2015 US$)","NV.IND.TOTL.KD","","","","","","","","","11837424608.5806","13474924400.7108","16032454850.0881","17170652193.7451","17219420035.8981","18789815309.2261","20016886650.3309","19134076154.0961","17435792339.7829","17085835766.6352","15743750930.3125","14665166774.0453","15376472335.2071","15452159708.979","14930462883.1364","15520901818.9409","17460370680.3958","17514912297.3527","18361284496.7628","18532243233.8512","18175187264.9461","17377879878.5498","14091893374.4651","11290681334.3832","7912059798.12647","6765045109.42272","6624594538.62073","5937946281.10951","6286904070.93965","5039625716.77239","4936981749.7986","5229086527.49733","5783993716.89561","5317301390.86882","5587269671.49566","5722637289.48041","6051661131.49437","6912718059.95557","7065450513.19441","7456011757.16843","7687105088.62794","7808895687.90854","8931603671.6921","9875363149.17713","11625452774.4998","13033221400.1267","14359543595.7763","16287849692.8418","15684457461.7679","16962203839.1996","18866835404.676","18284794421.5431","19976178552.7676","21355775867.7973","24564951055.2677","28485058513.2768","31394920875.8956","",
"Congo, Rep.","COG","Industry (including construction), value added (constant 2015 US$)","NV.IND.TOTL.KD","258442646.601354","294303722.836173","308847300.682857","296381493.467693","306769429.064239","337931312.120639","356629306.45682","450116632.639642","452632598.464888","468814626.975823","540344112.317412","545655579.053919","582666071.922819","667278252.074385","833330214.221338","1053112109.51658","1156754881.10246","925650806.372176","967043577.831915","1203843787.11193","1501825619.46089","1444779471.15276","2033271112.49475","2388680290.93563","2593660467.52782","2468027455.81656","2255129092.61076","2290984092.86516","2359189594.15805","2603578834.0724","2719260631.14116","2728479952.03845","2812729071.83697","2949060377.58838","2856930443.60012","3001986470.19209","3194660984.23315","3592593773.46043","3795238026.10879","3915138248.19273","4030687069.38572","3904601881.59578","3958161745.31357","3808896550.89037","3887041270.33427","4326056548.27302","4702164010.50537","3937507899.24405","4357184449.64083","5053014132.51055","5719420583.02242","5596738553.46582","6000329061.57885","5782675974.08696","6139765632.41875","6053127859.45585","4922960073.99933","5218429808.42286","4993213185.17027","5006408885.94231","4883884804.92526","4722363429.42961","4693220924.2094","4728309492.17144","4741187585.0218","",
"Colombia","COL","Industry (including construction), value added (constant 2015 US$)","NV.IND.TOTL.KD","","","","","","12471452204.8046","12861971088.1596","13818505960.927","14514442760.3323","15646474739.1573","16429214525.0528","17594341324.3342","19360280953.0348","21232691347.6295","22353187417.3845","22384391105.4935","23375722817.903","23720476292.3962","25525940592.3367","26876020160.8715","27832744146.8008","27580467056.9343","27468890233.1186","28402164174.5845","30356271497.7479","32166652742.813","35487292487.6115","37652450208.7569","39065882721.1423","40871725246.677","41872701736.9031","43012765494.5765","42821650543.1904","44635744925.6371","46263964409.2419","48828384331.7419","47516643472.3994","48151424268.7509","48492096088.5541","44986068611.7134","46414775407.4249","46788543706.4599","48121282601.7485","50446705813.5012","53576058209.8895","55421626684.9085","59115939810.5349","62556038675.2706","64870227319.964","66048658133.3611","68529891443.03","73926747136.5728","76408345172.5844","80041384272.6303","82328218441.6181","83907848232.0306","85339034400.9474","83628467853.4908","83864810523.5872","84093129214.1432","71805134000.8468","77561974594.6751","82126889500.425","81638885653.8371","80456078124.3272","",
"Comoros","COM","Industry (including construction), value added (constant 2015 US$)","NV.IND.TOTL.KD","","","","","","","","","","","","","","","","","","","","","44417573.5273808","46843654.5474869","48744525.7855433","50252224.8631292","52346006.3010873","53800772.7018708","54915005.5485595","56055998.8040761","58842316.0968646","58302696.8639077","62581421.5720945","58722041.3183474","63042818.1059057","64648736.6059673","62071503.4051537","65570647.5271116","65235995.3148644","68113180.3407942","68130236.4188994","69968176.6661435","69263583.8616512","73017392.9314002","76374500.8299052","77851910.7513108","80265640.7518501","84812851.6879798","83324855.514434","84382927.729493","89372535.2144992","84196892.9758385","100424580.068312","91976365.6894104","93654521.6127223","96378027.4422753","96228570.844065","100548303.765744","95680670.2827976","87022545.0690429","88271409.5427939","90089760.5815297","79984746.799178","81586858.819102","98249708.7198678","102111255.698794","105891982.939152","",
"Cabo Verde","CPV","Industry (including construction), value added (constant 2015 US$)","NV.IND.TOTL.KD","","","","","","","","","","","","","","","","","","","","","36573438.1851778","40949157.4310484","40492190.113398","48709944.9041429","48117283.4995749","55679623.7494704","56818335.5544109","63318891.1977613","65354851.9266767","72190122.1115385","72982797.6750859","75125538.6917156","86790797.0738727","89975937.5831294","106985061.652837","115020904.31647","131696755.068189","133137577.124531","148545083.359784","151871040.916613","164105494.90151","149571399.078825","158600484.291029","160486106.783135","172153545.559585","191387481.783847","206393773.333212","234960844.565818","279006830.701409","262510592.319253","254082952.824176","256232921.208962","244351126.631968","253342893.595933","265286806.771204","255757282.330795","222507949.685394","233382872.991761","241473733.634138","250934333.667781","206210552.798474","206981330.733576","222523338.218074","227436965.927913","236061718.299215","",
"Costa Rica","CRI","Industry (including construction), value added (constant 2015 US$)","NV.IND.TOTL.KD","909807180.778277","900228687.665763","976257976.663968","1070246940.24368","1136847400.09594","1359547364.72145","1467006084.20613","1570423876.93178","1775463494.90892","1885316837.64501","2053090130.99152","2258728404.67464","2540545631.46503","2756959710.02885","3075594269.56796","3184699292.6493","3462774920.45351","3827505978.13444","4116357410.81935","4360309656.91691","4410896073.69965","4225462433.72259","3655691758.04672","3804906720.96324","4234292607.03787","4297600459.91053","4578819030.83463","4810798160.67513","4903440148.68037","5140058861.12836","5256946409.75898","5430377824.009","6022186257.57794","6380500387.96079","6610926552.58279","6892504092.15687","6680801462.63119","7183054694.77943","7770388529.5625","7958539673.66996","8256531375.20771","8490208763.82332","8728497090.59704","8950661781.96613","9348104223.27272","9653237192.12411","10219083043.041","10868540008.7156","10958443149.9083","10325714737.3427","10658506851.0352","10973953849.877","11395565044.6904","11004820198.3056","11119369197.0116","11270254154.3204","11594305711.878","11813976329.1347","12126416486.2865","12092109184.0368","12351236687.4701","13849702221.9047","14133669893.6037","15313664168.558","15941841206.921","",
"Caribbean small states","CSS","Industry (including construction), value added (constant 2015 US$)","NV.IND.TOTL.KD","","","","","","","","","","","","","","","","","","","","","","","","","7069520782.83102","6880200541.81289","6902911754.07686","6555833011.1316","7099203006.47789","7135464796.98832","7155882413.10017","7282622135.37821","7106835591.84787","6874428072.71171","7286516808.43547","7115704236.10959","7571282692.53498","8037203277.80387","8554833634.31418","8980655932.23551","9796772156.56974","10075727276.2074","10581005965.5112","12267312899.0757","13020791341.6515","14226308678.9692","16057677016.9847","16366673548.8243","16784212851.3515","16149228383.4127","15995992357.4661","15781778783.0973","15420999498.3379","15646270819.9622","15618261720.6499","15480090802.9154","15093515698.7949","15048520053.4925","14870502307.9342","14706137787.1366","15207351627.4299","16499350362.6829","21614788911.5317","25485610020.71","33446615458.0728","",
"Cuba","CUB","Industry (including construction), value added (constant 2015 US$)","NV.IND.TOTL.KD","","","","","","","","","","","7181958058.86343","7799375239.59586","8175118036.188","8453785451.37818","8535450516.84821","9352389639.90129","9862486395.1372","10709515000.2859","11403794624.025","11529599463.6164","11037515370.1643","13173405782.255","14234626908.5866","14992961788.9609","16282794426.497","17136592100.9148","16366018400.319","15431969162.3932","16589258924.5847","17396579531.5795","17735192864.8637","14466753703.96","10560109804.8568","8509846047.6348","8934281289.72075","9776400661.26023","11122129423.4473","11714934551.0351","10972588468.9456","11751943006.7405","12660575950.8907","12440367266.4901","12495796220.5103","12500485074.6269","12915616123.014","13918892750.2106","15785864678.623","16335465364.7087","16999440599.4222","17115992116.0327","16891596954.7424","17035611759.7496","17804248916.7068","18437244222.4362","17903049771.3048","19477500000","19110262247.2316","19530594239.5883","20023416586.4227","19296309280.2118","17722193969.6678","16526536169.9567","15414607908.0404","15173466839.1911","14714628972.0751","",
"Curacao","CUW","Industry (including construction), value added (constant 2015 US$)","NV.IND.TOTL.KD","","","","","","","","","","","","","","","","","","","","","","","","","","","","","","","","","","","","","","","","","","","","","","","","","","","","","","","","504808612.905741","","","","","","","","","","",
"Cayman Islands","CYM","Industry (including construction), value added (constant 2015 US$)","NV.IND.TOTL.KD","","","","","","","","","","","","","","","","","","","","","","","","","","","","","","","","","","","","","","","","","","","","","","","448028609.427836","438710835.288343","445337881.236384","362878003.567546","310172230.357853","304426532.786249","308398002.073769","313571737.542283","320298683.007901","329856041.056687","344832297.251274","353768348.41464","371817178.448083","400838844.541185","395358096.339682","420449396.159307","430607757.284761","447701515.239721","","",
"Cyprus","CYP","Industry (including construction), value added (constant 2015 US$)","NV.IND.TOTL.KD","","","","","","","","","","","","","","","","765265648.581214","1009903129.89312","1261966316.79847","1400167971.56344","1545795439.63201","1620465545.67101","1567247524.6874","1601488659.19197","1633254271.98974","1712874991.67886","1742165513.61042","1768155589.82045","1888205388.75417","2007842564.1153","2094888989.39785","2199674755.72633","2248767336.82036","2362628943.46645","2287958654.42907","2349014795.86251","2419887584.56698","2374188053.79375","2373613877.1229","2414495400.63017","2475474900.14352","2474006089.49271","2615216958.51435","2787957118.23818","3034183595.16863","3235159879.07642","3352016309.78929","3480133750.32842","3688827740.99581","3646778973.63501","3196949382.3387","3035060477.20944","2768465580.4354","2445231708.78373","2082696098.7446","1966254402.49787","2028943876.37358","2333116122.54942","2559918457.93007","2895460213.39678","3200395078.77023","3083788103.30962","3083372476.49029","2842756436.05537","3233416588.62514","3381246671.75791","",
"Czechia","CZE","Industry (including construction), value added (constant 2015 US$)","NV.IND.TOTL.KD","","","","","","","","","","","","","","","","","","","","","","","","","","","","","","","","","","35768873480.6359","35978102367.8402","38755165256.3392","40430611621.7991","38412195902.7263","37470860812.2045","36810346515.7159","37941100900.2673","38903251297.8254","40645269475.6101","41038418587.2567","44084441410.4781","48424730289.0588","54797745410.2996","57684642645.2674","61045125285.5004","55729081719.4059","59285191075.5881","61951892098.2657","59564116189.8734","58410316286.8176","60427654070.3474","63379561969.6123","64326992971.4805","68226257532.2312","69134845684.3622","70816796833.2709","64283169316.131","65267770509.1353","67261282200.1468","67439327415.6888","65999763083.1786","",
"Germany","DEU","Industry (including construction), value added (constant 2015 US$)","NV.IND.TOTL.KD","","","","","","","","","","","","","","","","","","","","","","","","","","","","","","","","798610455884.679","797027639882.812","753903034783.417","775996508993.55","767599443567.051","742843893804.29","754780943216.387","753815809515.942","756743072749.744","783998702448.994","775610477973.061","753339745766.77","749233777601.765","768187489287.072","768506641477.126","806456064467.401","834965914699.857","823136814723.42","709637171180.851","813935671989.23","854562269568.955","855914638945.971","846222333425.789","880834787607.083","886200121616.015","917568008193.374","946239557982.425","957856597652.681","944974567007.132","888996373396.457","930628317730.066","912263774749.264","890502673319.235","855074197358.932","",
"Djibouti","DJI","Industry (including construction), value added (constant 2015 US$)","NV.IND.TOTL.KD","","","","","","","","","","","","","","","","","","","","","","","","","","","","","","","","","","","","","","","","","","","","","","","","","","","","","","236878603.189318","254461852.497893","276263067.954828","293156106.307388","334496221.743204","398244451.282507","451651624.360867","474131667.18011","467630707.629609","483928093.515458","510765007.862367","595811551.888857","",
"Dominica","DMA","Industry (including construction), value added (constant 2015 US$)","NV.IND.TOTL.KD","","","","","","","","","","","","","","","","","","21845965.1447119","25174178.6737776","22307446.1501629","29018047.5061443","30122975.9323091","31275391.3103691","31628668.8468149","34558179.0321464","36050521.4425247","35799058.345113","38802627.4890877","44523140.5547013","47293676.5397114","51260821.8608627","52498994.1322277","56011980.9874861","56553347.3243696","56904635.0606673","60843802.3727307","62801852.8417837","64685047.0877565","69395915.9994332","66389695.9201222","80862057.2044714","79232264.5951858","66385170.2391559","72410895.4612597","77064317.4226058","78035148.9847376","81221374.3747416","86039034.7582528","89593884.1624497","80929394.9575591","82192205.9368734","81305318.4571816","80374634.0649123","74473000.0951111","76746789.8064198","69640740.7407407","75097106.0993387","64067583.6152698","101700080.747379","103583347.988206","65556678.6429005","70301344.1721161","74126274.5372069","75929247.4383088","82637474.5480767","",
"Denmark","DNK","Industry (including construction), value added (constant 2015 US$)","NV.IND.TOTL.KD","","","","","","","29476352898.8439","31076965718.5816","33471778716.8488","35469565823.5676","37167038381.2751","38699937288.9041","41408712684.8364","39894776957.6875","39492140784.2303","37878557523.9974","39221082791.2597","39829625273.9714","39835022308.2451","40650049672.4804","41890947290.5027","39708828276.5508","41515727598.04","44100404339.772","46831889334.4663","49705992393.5298","52447351631.6464","52586412028.7947","52826135363.2714","53743043696.8127","52285559829.537","51983940306.9492","52673288633.9454","49839808399.798","53757852513.1697","57083096095.5891","57211165602.0034","60142148856.9936","61521661685.8659","63411691902.2174","65846300789.0198","65118946380.9978","64017658421.4631","63358474014.9476","65095203819.7531","64202310341.7477","66611326397.1531","65081403894.1006","64808632415.3174","57593856466.4295","56729836519.9939","58196015963.1517","58598137142.1539","58734583202.5897","58642461215.3681","59037451908.868","62072195006.2529","66317537707.2149","66962311048.1087","68617026746.9622","64422646549.2503","71824427222.345","78419469435.6334","82809419662.6344","92463376578.5993","",
"Dominican Republic","DOM","Industry (including construction), value added (constant 2015 US$)","NV.IND.TOTL.KD","","","","","","","1390524829.63642","1530205391.28841","1465938142.46934","1689293305.87282","1845139130.44028","2174452781.35502","2541767085.40327","3065883384.41781","3223664263.24419","3482165642.80157","3745418885.96365","3964954984.19867","3869442525.79686","4175462541.5979","4355558171.6779","4500490011.35863","4301386926.66312","4694841232.31829","4738083191.26523","4441566902.93591","4766119186.38863","5667072524.08035","5631433547.04519","5939829494.38623","5577824447.70329","5859130364.25655","6532031905.81072","6959484697.58203","7323820852.55898","7742823658.74346","8302868750.60044","9200630085.67589","9966135639.29498","10998931792.7871","11310350080.246","11170042578.3333","11807042167.6003","11481605368.2481","11865698485.7738","12800861573.9649","14028291202.3249","14605832379.2171","14754873416.3206","13939560000.6589","15144501619.2336","15312570649.9073","15092815614.3642","16439438650.7954","17802045069.8871","19114592965.215","20316291977.9892","20914593027.007","22374316481.1424","23804350569.4295","22237090479.6351","26197092997.9787","26695594618.0832","26555636698.307","27353462010.4321","",
"Algeria","DZA","Industry (including construction), value added (constant 2015 US$)","NV.IND.TOTL.KD","","","","","","","","","","","","","","","","","","","","","","","","","","","","","","","","","","","","","","","","48164135001.7215","50130970489.9046","50137823522.86","52044161088.5002","55989150913.9","58832571574.7669","62332871135.6442","62605901341.3387","63697825331.5557","63700337184.2059","60258796963.2972","62373649237.0657","62570669214.7191","61196173341.6613","59356606266.2908","61037950920.9262","61416426559.3479","66519642480.4084","68796431237.6184","68341067807.3611","67699282244.9231","62690640435.9177","68651797385.1872","70569302571.0869","73253327187.7719","74363281326.5266","",
"East Asia & Pacific (excluding high income)","EAP","Industry (including construction), value added (constant 2015 US$)","NV.IND.TOTL.KD","68393323367.1122","54336964925.1347","52335940407.9589","55706308959.6114","62486579123.3578","70760942514.7696","80074266181.6459","75590642288.4304","76292558570.1745","92792556948.3197","113660902680.817","126058135602.753","136696558942.901","149954278636.709","156749211356.262","172828230081.042","181555001343.066","202875753226.349","224318910019.122","244621235649.58","271429529907.969","282600503902.381","291668677589.376","312486180279.699","341991831839.135","368175706399.562","398573983280.142","438074297050.481","488013739304.19","510615487124.457","535174256737.701","595354193028.862","683965912737.548","787115513101.242","905378567812.783","1021567070938.59","1136353448516.56","1228697865212.1","1257541395707.14","1344601711522.92","1460306269542.45","1557406237665.43","1691837773825.29","1876215569683.4","2059636712575.09","2272983108469.79","2533529179587.68","2856602418297.72","3097145418780.23","3357617057658.73","3738928629313.12","4089648642736.57","4416434758692.12","4742482370893.69","5060870189207.17","5351362459343.81","5667431816880.76","5990748251255.11","6329397929343.56","6612370882695.42","6689360486560.78","7197803894896.4","7387408409394.36","7695923260827.59","8100604322545.59","",
"Early-demographic dividend","EAR","Industry (including construction), value added (constant 2015 US$)","NV.IND.TOTL.KD","","","","","","466905361307.533","494491042781.708","524030898694.062","569008347149.616","622391353910.951","696802901894.885","751626796615.01","825152847493.918","917284809687.437","974196685350.338","948050707306.875","1053161165518.4","1087000149821.22","1067045977003.9","1112969267851.73","1116791596830.89","1162377494722.61","1129756445541.05","1080932250508.66","1091308316812.63","1078652757972.95","1120087861083.79","1153917434972.69","1194747328792.57","1231850014316.77","1319405261136.25","1401264471343.77","1450930861533.89","1492719939912.44","1556501332029","1592957362916.06","1704572102096.06","1790094334128.65","1804452739144.11","1819985156389.01","1919393993770.68","1911229377752.34","1943520405598.59","2058832482184.25","2193837496173.62","2320845013143.94","2469962283067.98","2581908293748.58","2655744534448.31","2611638722078.97","2781677616265.96","2904627719849.07","2988069019912.56","3058731592985.26","3164110783482.13","3284855301731.16","3425063925736.23","3573690044119.63","3682071728966","3685546983939.39","3548695845510.04","3853720294838.5","4042115439169.63","4204456383075.17","4301428545917.45","",
"East Asia & Pacific","EAS","Industry (including construction), value added (constant 2015 US$)","NV.IND.TOTL.KD","186475925453.912","151376392776.699","148750782491.178","159971953332.677","179441210694.286","204066455497.519","231733670803.235","226956817626.971","236882009827.638","287513039079.14","348643085877.482","389982543239.597","428234697417.293","478138671203.067","502428990662.666","550696533623.398","596890025383.391","670359943180.573","747951433933.672","815472713706.877","875416590887.728","911156549717.961","942381869709.622","1024149956361.63","1129207254287.33","1194816682708.29","1299328599702.7","1434982924252.44","1582423537635.71","1656624529949.76","1751599082199.69","1897966590233.83","2071661244216.7","2303307570354.83","2585714670215.73","2767822120010.54","2959836852405.67","3069022291250.52","3051558250216.15","3173760433526.99","3364845796772.3","3411283410344.19","3564630409198.54","3805943864080.15","4071749271545.44","4355419043752.66","4688585920360.93","5091101017997.13","5335878749119.59","5392514195112.64","5993721737617.22","6341124339783.26","6706137804474.06","7085216595705.07","7485635285951.06","7826924548520.04","8184495913049.67","8602503724564.52","9013386402258.36","9283301667037.4","9306955177806.15","9972748868259.59","10193542157568.3","10510236892818.4","11031486248970.4","",
"Europe & Central Asia (excluding high income)","ECA","Industry (including construction), value added (constant 2015 US$)","NV.IND.TOTL.KD","","","","","","","","","","","","","","","","","","","","","","","","","","","","","","","245671919660.965","237157839770.975","211042166638.49","194492984201.709","161342010078.936","159339687378.468","163717679998.599","174767693825.542","177918617135.322","174357726204.195","188792767961.976","185429718077.682","199483597080.567","219225295599.273","246030287580.57","269504833011.903","303785557420.389","330942350681.557","334586860524.886","310368207868.331","339552981210.038","377699010765.385","388659007056.042","415058780039.477","425108312720.219","433414335381.306","447550870856.104","479269410702.099","490100513574.836","491833183039.656","494919147225.884","547023834276.598","541501656645.219","563088828473.541","581131266614.489","",
"Europe & Central Asia","ECS","Industry (including construction), value added (constant 2015 US$)","NV.IND.TOTL.KD","","","","","","","","","","","","","","","","","","","","","","","","","","","","","","","","3855012644151.72","3712319196796.35","3550264342891.95","3543260112129.61","3583615001756.8","3587733992493.75","3672028997804.48","3740408671234.49","3838323760143.38","4012340564945.92","4079654009213.44","4115235681444.59","4191550241705.05","4332088951181.79","4418771514212.48","4615388963222.3","4764810536533.55","4722689072272.34","4248978160167.87","4449260630740.52","4572455679909.36","4524364757782.57","4521906888393.97","4599442701740.81","4718452736281.99","4809754605143.16","4969258847365.33","5081198123357.42","5133461236186.88","4905765944432.06","5250112049031.08","5286690939025.07","5280070957994.33","5305178927959.76","",
"Ecuador","ECU","Industry (including construction), value added (constant 2015 US$)","NV.IND.TOTL.KD","2563034189.54433","2768651874.70261","2783601296.56005","2928004258.51096","3355846533.73626","3709707230.39534","3630069042.41502","3945186344.66742","3989079560.48774","4234375981.77584","4584172586.74378","5352827569.8689","5904235405.41495","7653669757.38089","8223185475.58286","9013369191.96175","9758500349.88611","9464391110.86271","10212252137.3216","10315062576.226","10080987323.7908","10158097585.9982","10130718613.8291","10436836109.5394","10766922677.0207","11261407163.3466","11692256767.435","10796353916.649","12202787137.7375","12158626288.7137","12428132651.2077","12714478054.4164","12965442252.2248","13459951096.6274","14429729436.2299","14379889939.3613","14147315838.5572","14395011199.6705","14461062136.7419","13541614739.8977","15866638342.7048","16527569785.039","17085022244.5897","17363896051.5413","19284145710.2599","20015304528.2353","20891254706.3722","20551191897.575","21570769400.1685","21448698202.839","21944778813.6328","23819279906.2323","24974750846.7161","26952614043.4852","27990228318.3159","27306206000","27053917506.5467","28100072972.9097","26987810639.8318","26591005056.5841","23534940948.509","26323105739.1795","27772731737.9715","27684127620.3211","26671092003.7672","",
"Egypt, Arab Rep.","EGY","Industry (including construction), value added (constant 2015 US$)","NV.IND.TOTL.KD","","4626072112.80213","5056745070.6834","5919555860.56922","6386850668.74158","7164698766.22185","7394683985.26148","7586582480.06116","7547030881.93052","7170558262.19167","8144699476.6089","8658862953.43693","9333087627.75665","9631059581.30281","9839387430.16859","10598205836.6637","12358966219.0465","13961241153.5387","15689094845.0268","17775352140.7183","19503205832.2064","22261056901.5264","25579567700.4817","26169264553.025","28864927642.5605","32328563814.0331","36067584271.699","37107062988.2044","38053454058.0338","40192536692.8914","42659175257.2708","44963460020.0221","47347497509.6386","48059575633.4758","49129814955.4719","51808163124.2022","54405115915.8736","57076864455.8222","59703515565.3811","63725044018.2029","67984271600.1128","73016834311.5305","73228868605.1965","74496322452.2242","76522567495.9648","79121500742.9618","88017771189.6074","94138335947.4893","101097077702.054","106540737265.362","111683703176.153","112161592640.399","113503840261.315","114925269398.916","118023473753.656","120647641509.434","122181575453.256","125205991217.347","133127984802.527","140394103993.866","141254066290.104","139604710147.343","149180010211.278","148333918367.709","145491365249.505","",
"Euro area","EMU","Industry (including construction), value added (constant 2015 US$)","NV.IND.TOTL.KD","","","","","","","","","","","","","","","","","","","","","","","","","","","","","","","","2202056680992.84","2204288008828.98","2113477866297.67","2171554813324.6","2200347345023.75","2194678865411.5","2240794816220.64","2289424293805.88","2340155915832.55","2441179600454.73","2471055914757.86","2467383917657.64","2480063451170.84","2541235235630.99","2572482922527.03","2667607244287.09","2751387415911.58","2698272842490.33","2392106579112.33","2511173931327.78","2552246463168.34","2493051047038.95","2457887693467.25","2494355419346.7","2562249912132.84","2618230401783.81","2697311351252.76","2751124553912.49","2771643806306.75","2607121449738.32","2800854879451.33","2817122218886.56","2787811195245.06","2769680308513.31","",
"Eritrea","ERI","Industry (including construction), value added (constant 2015 US$)","NV.IND.TOTL.KD","","","","","","","","","","","","","","","","","","","","","","","","","","","","","","","","","","","","","","","","","","","","","","","","","","","","","","","","","","","","","","","","","","",
"Spain","ESP","Industry (including construction), value added (constant 2015 US$)","NV.IND.TOTL.KD","","","","","","","","","","","","","","","","","","","","","","","","","","","","","","","","","","","","224694554428.679","228243271875.196","237183710084.534","248132522675.239","261300843774.404","274661577748.015","287352506904.639","291884090115.211","298114106968.857","300978458624.105","308099815117.746","315872255175.724","319262882044.319","314624171665.812","283860993285.659","273272044773.646","260389742812.168","243231714759.65","228683221312.44","230792482444.192","240304958928.906","248832489510.381","258234718618.387","260602957078.445","267533980836.824","236294450583.721","245495946260.549","257718844100.956","255173793810.327","262075695620.141","",
"Estonia","EST","Industry (including construction), value added (constant 2015 US$)","NV.IND.TOTL.KD","","","","","","","","","","","","","","","","","","","","","","","","","","","","","","","","","","","","2201764138.13037","2243113019.21206","2545901496.40702","2709295647.00393","2551168378.9906","3061075087.38436","3318420301.86089","3579828659.05018","3897776344.75674","4044197346.65609","4533155232.62669","4960069491.67415","5307842019.40499","5138718650.14955","3918102471.29518","4336080315.4885","5007990001.06446","5114038858.90532","5230786006.91298","5388092732.52303","5388646702.775","5710173327.87258","6065515046.88456","6378588419.15227","6543964158.82719","6315930426.72414","6801034470.77267","6121931502.30084","5561967542.11632","5233551692.98297","",
"Ethiopia","ETH","Industry (including construction), value added (constant 2015 US$)","NV.IND.TOTL.KD","","","","","","","","","","","","","","","","","","","","","","1099920181.96384","1198018560.99843","1289756011.9303","1349924902.99851","1459822762.28267","1523959402.5125","1616256780.96547","1549818506.23975","1526859448.85909","1452517306.80392","1184799716.59254","949473113.823579","1204860574.99174","1291724368.31211","1396693656.66788","1457332397.47677","1510934729.29101","1589599892.39265","1676769475.23391","1766454981.45445","1856794681.66519","2011389075.65327","2141638267.81176","2391036444.73731","2616539129.18687","2882486113.52093","3156992618.28886","3476806316.36627","3813128504.89378","4225600556.88379","4859899723.92785","5814278320.59161","7215677305.1681","8445397120.47342","10121486937.799","12544980835.6928","15125751994.4581","17052765193.8728","19193862051.586","21043212748.3677","22572227085.6541","23681616869.688","25323064315.8799","27662875940.2304","",
"European Union","EUU","Industry (including construction), value added (constant 2015 US$)","NV.IND.TOTL.KD","","","","","","","","","","","","","","","","","","","","","","","","","","","","","","","","2481235513349.86","2480323527478.67","2377456213804.77","2449970092445.81","2495237566936.95","2496093869218.48","2546966434889.79","2601816430328.78","2661295573840.08","2774051812114.48","2808713714476.2","2813173686292.01","2834715406988.21","2918606503301.19","2962910675582.9","3087738716507.68","3192930728064.7","3148638299198.29","2812613265301.2","2953617752857.8","3017495870569.72","2946285122387.02","2900009786859.41","2953720971678.16","3045246058644.26","3109629597829.07","3207340421934.26","3279381284441.87","3313494277757.94","3122316510801.59","3340077342410.27","3375876186896.74","3342228956570.57","3328288552256.05","",
"Fragile and conflict affected situations","FCS","Industry (including construction), value added (constant 2015 US$)","NV.IND.TOTL.KD","","","","","","","","","","","","","","","","","","","","","","","","","","","","","","","","","","","","","","","","","","","","","","","","","","","","","","","","","","","","","","","","","","",
"Finland","FIN","Industry (including construction), value added (constant 2015 US$)","NV.IND.TOTL.KD","","","","","","","","","","","","","","","","27384948161.0922","26373580025.5707","26588604901.006","26977745537.3495","28232506204.8333","30240202735.7466","30435337363.3527","31104040468.3111","32200131622.0839","32258184508.2969","33245594261.1888","33880936209.4848","35139271687.8652","37169479313.6822","40241218307.9923","40008949566.166","35850887844.2019","34615146192.0631","33870603984.6189","34891090952.0505","34909052844.7445","37202555506.8474","40731583289.6862","43952453180.8604","46035407652.1451","50173959077.6096","50430496699.9262","51809186868.827","53601466316.4809","56281301856.3116","58439017879.9404","63326352259.9471","68431725591.6623","66699201661.5827","55111035419.1818","59755043656.5714","59707193280.6576","55048956274.5246","54649664196.609","53943649258.2602","54347269921.4843","56273957151.9807","59951931984.2661","58801342327.6861","59468710496.1183","58494120015.1019","58099938895.394","55751494453.9328","54659030201.1583","55348286426.0236","",
"Fiji","FJI","Industry (including construction), value added (constant 2015 US$)","NV.IND.TOTL.KD","","","","","","165138408.965849","185941752.965548","210400331.045627","231014564.671781","208159607.423376","228325739.496554","228325739.496554","245579051.151791","268882164.038242","257454657.888602","245130895.513747","252749214.435581","280981876.119512","280757770.775053","325571483.131718","330052876.291153","350891214.778864","330276926.584739","306077556.99017","312575514.34233","291064914.872116","324675171.855629","275828276.545544","257902813.526647","331885734.27106","342007970.694141","336578528.095788","370820992.205377","391363128.986543","406769791.935216","413764681.447848","444406190.672296","457890467.468248","463413229.023233","500781810.090867","473526412.475074","507954311.105162","519430293.411939","523805437.420151","576307938.162562","538078680.152527","541647715.189219","513744407.4272","586110132.470653","592222904.174453","630914927.551652","569147702.869152","556395989.009649","581003681.07223","664582399.776982","710391680.134247","761837976.753661","793902840.79364","837456677.214882","829948510.744344","700540677.37104","641427415.370388","702059647.700821","700371902.889953","718599546.847327","",
"France","FRA","Industry (including construction), value added (constant 2015 US$)","NV.IND.TOTL.KD","119042097413.3","128587605651.212","137077690141.048","146358382965.806","160598927755.771","170823318663.154","180316482147.5","188765842205.844","193732943546.29","207197272143.351","226376027381.263","244081880144.082","250199499978.391","265381077639.495","280088887307.018","273786088578.728","281707630154.574","290804636603.783","294344570498.218","296972575630.93","299162953037.798","296050092631.727","296173651836.173","296105742247.534","293047891806.514","294595953245.487","298978946836.87","302317390743.036","318680723176.608","331592073694.752","345439020052.606","348713605491.59","353641261702.057","338913196427.248","340789398704.259","351892243317.112","350332668164.524","354575471631.794","367642577109.124","381711375670.993","401688734878.284","411822188769.797","413154687903.859","418428608390.463","428655877726.25","435005051134.38","445388075429.352","458597183374.605","447729197197.814","418213259302.472","418770181894.386","425545042880.907","418684895126.865","422633032812.349","421544347224.938","420997232611.289","418179677637.76","423759457794.388","430960965835.434","439589641322.492","402175082670.075","427631583648.318","394398421990.556","420649689033.639","429992214764.851","",
"Faroe Islands","FRO","Industry (including construction), value added (constant 2015 US$)","NV.IND.TOTL.KD","","","","","","","","","","","","","","","","","","","","","","","","","","","","","","","","","","","","","","","","","","","","","","","","","","","","","","","","424322155.463802","","","","","","","","","","",
"Micronesia, Fed. Sts.","FSM","Industry (including construction), value added (constant 2015 US$)","NV.IND.TOTL.KD","","","","","","","","","","","","","","","","","","","","","","","","","","","","","","","","","","","","32522299.5095462","29436269.8764952","24462709.655091","28304763.2994634","28526295.4790593","30390096.2373016","31302589.7625659","27321042.0610912","26169807.480308","24959948.451631","24382945.3142899","19150960.4022947","17699926.3600672","19582687.0124002","26648671.52977","31625639.3936374","35591130.7701765","35361123.0076094","28359745.2808332","20115188.1038837","18789003.2289931","20296726.9015304","20498177.1624936","18951564.6807162","19003766.5744267","17078602.7761785","16624551.4053815","15882513.7484772","16007062.5619944","16174178.6915238","",
"Gabon","GAB","Industry (including construction), value added (constant 2015 US$)","NV.IND.TOTL.KD","","","","","","","","","","","","","","","","","","","","","5355596476.69968","5003625099.49032","5247658587.69395","5084343868.65647","5770453406.76145","5777962136.90329","5879329883.42249","4831863081.53662","4809336899.20293","5960987245.63851","6943691330.92111","6382226590.1749","6449054222.04577","6853586658.61445","7473994872.80927","7865387044.4418","8146025556.01083","8443558693.54104","8557128124.66227","7400784826.46378","6707166565.53814","6763481985.92247","6722718457.67914","6948214481.53088","7045420410.91875","7197553160.48401","6175204266.32889","6367533366.59381","5570728950.90502","5370137706.53565","6079998680.60664","6582647708.17686","6574338331.70862","6733211656.07584","6774277766.14394","6930303038.08366","6917916402.8921","6460941039.50711","6406424474.82194","6845697809.24607","6684724872.6683","6899907838.94943","7258786943.39086","7489219105.94235","7986766007.81407","",
"United Kingdom","GBR","Industry (including construction), value added (constant 2015 US$)","NV.IND.TOTL.KD","","","","","","","","","","","","","","","","","","","","","","","","","","","","","","","450268356389.006","428099408267.95","423723373387.907","427761409662.15","442881668470.045","449694332257.171","458323091970.22","472033610886.428","492510494892.607","513265460946.781","525326495476.512","538918819014.714","544098148247.337","554376069147.317","550730666695.236","549228939575.195","566465235081.393","561519216788.491","550123683456.436","499335233008.924","500863126248.183","490518129123.347","488725332551.172","502944435662.638","513657252710.935","534320396759.841","535878575100.862","547310386494.851","556185202514.431","561275843183.115","538764945595.454","561273460492.299","556856603915.462","548717450932.009","544646980206.564","",
"Georgia","GEO","Industry (including construction), value added (constant 2015 US$)","NV.IND.TOTL.KD","","","","","","","","","","","","","","","","","","","","","","","","","","","","","","","","","","","","","","","","","","","","1558939634.80048","1741605609.45821","1901599713.94281","2152178501.81015","2463710921.72198","2348022567.03015","2259054263.88359","2123307210.74473","2359751951.3523","2549373282.3284","2611405011.17658","2783625110.79981","3009728194.34003","3279780588.38312","3594040925.42353","3591702304.83978","3624096935.44915","3499563568.00933","3533550063.40856","4076543521.4681","4285551689.2394","4537646558.50548","",
"Ghana","GHA","Industry (including construction), value added (constant 2015 US$)","NV.IND.TOTL.KD","","","","","","","","","","","","","","","","","","","","","","","","","","","","","","","","","","","","","","","","","","","","","","","6676846258.49378","7083100625.64807","8150528328.48027","8516228538.50442","9107884714.91776","12900386996.0165","14325050316.3547","15039235929.7587","15209322126.4551","15384427345.8595","16049448049.6065","18555476336.915","20504356918.0385","21809625728.0153","21265226584.0538","21163467675.1439","21289074942.7954","20917460816.7018","22481327206.5782","",
"Gibraltar","GIB","Industry (including construction), value added (constant 2015 US$)","NV.IND.TOTL.KD","","","","","","","","","","","","","","","","","","","","","","","","","","","","","","","","","","","","","","","","","","","","","","","","","","","","","","","","","","","","","","","","","","",
"Guinea","GIN","Industry (including construction), value added (constant 2015 US$)","NV.IND.TOTL.KD","","","","","","","","","","","","","","","","","","","","","","","","","","","1024304985.47054","1057423391.47984","1089824818.67912","1123679036.07333","1163399089.08241","1152610176.35289","1165421243.67357","1247806450.48789","1271590931.4733","1357585930.24692","1465755944.77718","1514284007.90595","1587561004.98597","1686589846.87582","1760904730.1825","1851594798.08102","1945596864.51888","1947235992.68814","2005534282.11666","2080906807.20677","2101706675.82663","2139745615.67892","2296037844.11602","2196037156.6037","2223435983.14296","2239350883.29076","2337563498.79374","2238915496.68586","2379833683.5904","2315042091.42546","2783789555.8411","3381550378.51535","3756573713.31068","3793707514.2605","4148498123.05511","4335333073.90967","4580295821.78344","4935828858.25301","5256094068.72381","",
"Gambia, The","GMB","Industry (including construction), value added (constant 2015 US$)","NV.IND.TOTL.KD","","","","","","","","","","","","","","","","","","","","","","","","","","","","","","","","","","","","","","","","","","","","","145919655.761378","143261810.989118","148899359.292132","152755217.116046","151199859.870392","150091385.372145","154442798.857195","161367172.437707","169700612.523474","175859284.413442","192694472.316441","236267060.096257","281677615.290796","271684367.273409","277194264.254472","318139683.392807","344293788.434476","354209289.512597","367649529.726961","402031899.645992","423187051.476318","",
"Guinea-Bissau","GNB","Industry (including construction), value added (constant 2015 US$)","NV.IND.TOTL.KD","","","","","","","","","","","","","","","","","","","","","","","","","","","","","","","","","","","","","","121953896.791805","71872320.9363831","83958849.8805381","76953563.933033","90190883.0295168","132649580.11707","139789771.209838","112538247.002007","115748889.664223","117202503.154801","121570562.86799","116888763.591413","125400426.363012","141438245.019299","132307754.167611","128184618.227903","143371854.424978","158890588.122294","148966944.155425","150386063.572105","161841159.306696","210785815.844936","220169992.982784","229583266.128134","228598410.78449","233540115.60847","261760123.697688","282629561.230367","",
"Equatorial Guinea","GNQ","Industry (including construction), value added (constant 2015 US$)","NV.IND.TOTL.KD","","","","","","","","","","","","","","","","","","","","","","","","","","","","","","","","","","","","","","","","","","","","","","","7365771595.71255","8339422833.31046","9845983629.43058","9922362369.58744","8509485371.98371","9064278064.45641","9771664854.85419","8870251899.6974","8880595351.87654","7792706090.87305","6932883888.11625","6475567740.12871","5716769990.72626","5218849453.90522","5035605476.60133","4887508440.68868","4973316340.46167","4330687938.47926","4363500365.34513","",
"Greece","GRC","Industry (including construction), value added (constant 2015 US$)","NV.IND.TOTL.KD","","","","","","","","","","","","","","","","","","","","","","","","","","","","","","","","","","","","31153466814.3291","30903618000.3795","31736607784.6234","33481205263.2824","36176872339.8703","37112780093.6279","39517452206.4264","41410968254.5465","46422152414.7861","47780086594.7234","47166106868.6529","51123713339.0555","50076650164.0824","44160711366.2668","43873103031.307","39450967398.8275","34702306822.2702","32589392601.7836","30467955587.0736","28756787919.3788","28096724166.9457","28462978220.8819","28106599919.9912","29780191846.6051","30272202153.5121","28958376365.6971","32709363414.2154","33372493389.6802","34330448689.5673","37795765555.9333","",
"Grenada","GRD","Industry (including construction), value added (constant 2015 US$)","NV.IND.TOTL.KD","","","","","","","","","","","","","","","","","","31702519.6230051","34777385.6585366","39503888.580548","37417271.5688046","39611221.3092442","45037312.2673893","43004733.5115929","40711411.0665462","46370801.5669979","52096173.992171","60565376.2565492","65548272.7804878","66453194.0198735","66796110.3137609","71539638.0608251","71858493.1044866","71052410.1174345","74919265.4019874","78908495.2725083","83118498.8858778","90001127.1303824","105032358.928034","113556168.8648","127247047.034026","115804682.685938","118606538.512496","134929764.408311","134057794.399277","211561729.117736","166377989.641674","163320214.272809","156150607.407407","125994921.168323","124581415.236375","117229858.476363","107040301.114122","118632965.974104","116657717.554953","122874074.074074","132900162.601626","152906931.647094","168309328.515507","167346678.711232","142544823.848238","164399698.885878","192965877.747666","185187485.697079","196303366.455887","",
"Greenland","GRL","Industry (including construction), value added (constant 2015 US$)","NV.IND.TOTL.KD","","","","","","","","","","","","","","","","","","","","","","","","","","","","","","","","","","","","","","","","","","","","207620399.293123","246309199.591836","269234858.463978","240611109.969069","273826620.075541","330510867.576378","320959002.694193","331739433.209756","341785825.56628","372266176.035422","363225230.795649","389129078.181697","426016590.300669","463068818.95113","449502384.410462","442402112.900415","462179198.529137","559183905.538654","493586748.921643","501517105.22894","495029793.956044","","",
"Guatemala","GTM","Industry (including construction), value added (constant 2015 US$)","NV.IND.TOTL.KD","1672933829.76647","1855769384.20566","1828908608.28328","1928181861.08949","2131190350.81945","2255280330.15492","2483678154.78728","2695612096.62386","2886698963.86459","3076444676.12462","3171496511.85195","3355577512.49707","3624196095.77506","3997672095.96627","4099905310.0879","4184425419.14105","5186292347.30465","5795070656.12538","6159602047.05837","6605419276.43894","7063517746.39772","7171355019.69022","6697871733.10762","6039852826.3497","5596944621.14869","5458401079.43669","5597081390.14006","5850126996.27828","6161716552.98921","6400388347.60324","6390815529.85291","6548597783.39005","7169509460.64575","7329263546.88553","7508940955.44763","7912489822.82059","8188649378.97724","8722884960.44117","9270060172.55214","9656918543.09665","9411398157.7844","9691876780.60317","10251791574.3037","10312911268.8819","10347951317.8158","10625856703.0093","11315807340.5433","11926020363.0884","12039638142.1466","11697107375.6531","11729809817.2843","12226604935.4765","12401760143.6258","12817869479.2092","13739624963.7841","14139563398.9848","14386153113.2998","14646942407.8902","15024605294.7027","15662068617.3594","15532509667.0889","16858895525.8716","17678679611.1325","17899201146.8146","18251247199.2509","",
"Guam","GUM","Industry (including construction), value added (constant 2015 US$)","NV.IND.TOTL.KD","","","","","","","","","","","","","","","","","","","","","","","","","","","","","","","","","","","","","","","","","","","","","","","","","","","","","","","","","","","","","","","","","","",
"Guyana","GUY","Industry (including construction), value added (constant 2015 US$)","NV.IND.TOTL.KD","472520496.903013","503123436.465733","572207839.165054","467651188.704034","558972806.740139","611438525.88042","647832488.858903","693967180.322998","741608532.938806","805536845.51166","849244686.095316","841012730.849072","785643990.195931","723616487.900643","789557906.245369","901326934.16048","926607276.435619","908482753.137997","850177079.362835","818473948.605539","872765731.622531","720960821.627727","607337450.597617","420511469.773497","441637933.2306","454466847.712986","500117272.02124","572010001.880954","545522453.136065","466400875.96331","484842747.310345","531839774.095388","516372397.99125","626428727.417991","687703332.630546","692462524.891194","770394304.158773","859629166.016734","859034266.355637","812037239.753435","825125019.041595","845946487.067477","812632138.500327","791810670.474445","781697386.749155","776343294.82741","814355469.192055","892364576.026692","875799182.661597","872617749.498764","892168021.966345","970679941.513499","1009122258.89773","1082615193.36904","1021596585.1928","1057922518.15981","1279032122.9767","1244822574.42692","1281998717.98055","1400685373.25779","3679199464.12587","4912585334.85537","9752806778.33027","13901834441.0317","21360928471.5019","",
"High income","HIC","Industry (including construction), value added (constant 2015 US$)","NV.IND.TOTL.KD","","","","","","","","","","","","","","","","","","","","","","","","","","","","","","","","","","","","","","","8769469905160.35","8982343121526.01","9385832137248.26","9405618865286.96","9462817461722.11","9682894660020.41","10032178292979.5","10277652857797.1","10668316292379.5","10973352712811.7","10947188781532.4","9926740516281.94","10571893544610.9","10806293424814.8","10838916694246","10911526464618.8","11170201527473.7","11445470812234.1","11643741811027.1","11963365678352.5","12265787923380.2","12313439943487.7","11814456106055.3","12550800698791.9","12794953647365.1","12752333497334.6","","",
"Hong Kong SAR, China","HKG","Industry (including construction), value added (constant 2015 US$)","NV.IND.TOTL.KD","","","","","","","","","","","","","","","","","","","","","","","","","","","","","","","","","","","","","","","","","19716499334.1423","18972307690.9632","18364964415.1195","17503078077.4433","17177069579.4898","16935396629.621","16573941980.5788","16544975154.2739","16783053208.8639","15994301365.4877","17217432910.2457","18743822917.1144","19560979393.6169","19854086416.5098","21322501132.1292","21836488534.847","22496844454.478","22351004150.4209","22894720956.2152","21429852515.8813","19028598571.1019","19268925557.6388","20243073915.0294","21632145371.0726","22403725770.9903","",
"Honduras","HND","Industry (including construction), value added (constant 2015 US$)","NV.IND.TOTL.KD","108738647.311361","109912721.862164","110941541.891691","112541380.507324","109335163.007132","114181765.429255","111359389.11239","115776105.278569","114427184.652874","113587427.304966","127685993.298277","139233650.041025","144060201.999275","149815113.292131","163905772.498084","181017376.456763","189128069.418701","219559915.139168","238015967.707369","266686712.770483","310681200.811949","333780614.677332","361761502.973281","370262681.283197","383747390.492865","398019846.917977","403710118.716985","409128201.723734","439358950.703748","476491696.212502","619301758.98517","800309727.924868","899466936.294911","1010831804.51274","1304443378.14812","1730896284.5547","2111690944.56192","2556198092.04341","2879748011.18232","3226271882.72741","3535267927.99067","3551739370.34089","3636646271.11335","3794963908.4426","3927829782.7978","4227745415.28983","4495451480.7203","4778489525.70827","4962022008.00515","4580279408.82396","4716450853.45903","4912630244.57414","5007938974.00886","5103541030.49914","5164598185.29326","5381310470.297","5581156449.60651","5832402354.49658","6069658815.19878","6169051559.79158","5252291693.09346","6287533126.61491","6725673493.13088","6566340492.91703","6617762982.11725","",
"Heavily indebted poor countries (HIPC)","HPC","Industry (including construction), value added (constant 2015 US$)","NV.IND.TOTL.KD","","","","","","","","","","","","","","","","","","","","","","","","","","","","","71614405397.4698","71299986729.7009","67216349956.5426","63675839177.5112","58864222449.7931","56452099527.7349","55510799148.7537","56764339391.5163","59801983248.7424","61676486078.924","64254432620.6775","67222245069.0758","72376970425.4714","74385554187.8121","79109210120.801","82266771181.4648","87819601263.3379","95172687719.3184","102677745151.442","107845414429.298","111930539981.808","115120952936.123","121062012526.062","130650415939.34","137407810432.002","147667007865.717","154560917926.081","163760438839.142","169368583417.923","182847749407.32","195402457969.13","205937876490.301","207779865420.367","218909998373.063","232870355524.255","246577995899.5","266094293320.488","",
"Croatia","HRV","Industry (including construction), value added (constant 2015 US$)","NV.IND.TOTL.KD","","","","","","","","","","","","","","","","","","","","","","","","","","","","","","","","","","","","7949961734.30892","8344861057.81329","9208570553.91599","9379621344.52813","9529404634.09799","9957747604.19238","10100201864.9439","10413382213.1987","11205802025.5017","11762203016.8407","12370184721.6527","12984716521.4805","13542397316.0876","13784349318.264","12361545165.4465","11270525368.0783","11018288411.5046","10186946112.611","10081324103.6308","10186110482.8607","10388544635.7346","10927841354.7968","11086610565.2915","11213512342.8583","11861527575.9063","11290689232.2092","12628645301.8387","13373512575.9287","13770275460.9793","14066705306.4099","",
"Haiti","HTI","Industry (including construction), value added (constant 2015 US$)","NV.IND.TOTL.KD","","","","","","","","","","","","","","","","","","","","","","","","","","","","","3884546693.67117","3817989163.27119","3676486100.70465","3637547598.74927","3278491536.19726","2638928960.7574","1834386165.08963","2242671238.33727","2237917017.9217","2323226737.49689","2419201787.44747","2475027023.65692","2540749426.47771","2520654803.64549","2581641787.45911","2644103363.06884","2640956904.69411","2723916366.9258","2886510664.49142","2909091011.45671","3014480725.52836","3255541504.22472","2859820102.93122","3186688481.73667","3265876536.35303","3437838593.8776","3668513129.97967","3869173518.63379","3911718635.41802","3941371012.69615","3983350249.08927","3633634462.47727","3457840801.66793","3371969142.18417","3359348445.01188","3230956971.38395","3078851908.65807","",
"Hungary","HUN","Industry (including construction), value added (constant 2015 US$)","NV.IND.TOTL.KD","","","","","","","","","","","","","","","","","","","","","","","","","","","","","","","","","","","","18645867102.5533","18943848346.0504","21040449938.7066","22795650590.7239","23945755994.529","25146964362.3181","26157298773.6243","28132896151.5359","29354608910.4713","30793305660.4803","32284712084.7919","33568772901.9207","34575365589.6515","32698172613.3544","28670442742.3148","29679257996.1214","29712195534.1419","28993453952.4871","28767181030.5366","30698994616.1932","33054027010.8204","32721501995.1022","34356766991.1655","35906232567.019","37798061835.3521","34943003082.9661","36994636554.4159","37506083735.0901","35297760087.1096","34716577741.521","",
"IBRD only","IBD","Industry (including construction), value added (constant 2015 US$)","NV.IND.TOTL.KD","562921106897.434","569259047809.031","600255628667.667","636865382158.354","689462792682.477","739613946128.25","796737245933.085","829510611312.062","894748105101.53","992087168345.291","1081321271392.41","1165734813617.44","1262878972020.44","1377309785597.77","1443619327144.86","1476152856787.43","1600240942213.54","1653106628127.42","1695174906032.3","1766902730845.27","1812337674548.79","1838842480478.12","1889272181669.81","1887958947542.76","1974534280755.84","2058480722528.44","2158203157286.37","2275723915550.58","2364670189458.91","2443713858210.96","2543716481097.77","2566906333776.46","2556308785241.05","2640779993569.27","2738074117498.55","2861859694905.75","3040510861697.16","3231162982158.33","3300639760783.42","3423364865105.85","3653460948474.99","3770147744500.82","3961287928521.39","4250100300349.02","4621028294165.75","4963458777804.06","5412587921670.33","5906092931860.42","6238837785672.36","6405062964724.64","6983000987677.83","7465535194604.38","7870355272824.31","8254880555178.83","8650732557362.77","9007788200786.88","9426056832746.83","9861900093982.12","10283300155537.9","10555520155167.6","10482269813695.4","11290626654538.1","11578709159499.2","12060011322470.2","12569820245171","",
"IDA & IBRD total","IBT","Industry (including construction), value added (constant 2015 US$)","NV.IND.TOTL.KD","626386105238.497","634774702930.682","671090803461.645","711173376963.64","773005206353.99","829685530130.526","892643749686.519","928300451118.636","1001463832028.06","1109471173037.54","1210028944666.82","1301287631725.3","1402738456160.62","1530453004271.1","1606699276594.53","1639585956170.2","1769769692580.67","1827628519094.62","1872111092529.02","1950121053966.2","2002620297724.33","2035275817493.71","2074236167242.61","2058682606217.09","2153441073290.15","2245020281214.78","2345483234517.73","2471672508333.96","2570307933833.85","2650748142926.91","2764391623082.95","2784448892165.16","2773263108380.31","2850763921363.59","2945221470943.77","3073176311668.55","3266691723314.67","3464704028995.54","3537529893478.08","3668516155049.67","3915419653770.94","4041243412200.06","4241346023955.96","4549112413366.02","4940745426135.4","5304033553570.76","5769083200745.26","6278175663102.83","6623486630334.13","6801146799029.29","7408707143623.57","7914089544162.13","8319099077673.69","8720697815193.32","9147075453450.2","9514015639324.83","9943439380179.78","10415632755270.7","10871618711541.1","11172950295011.3","11074651606410.5","11903878057743.4","12229817040114.6","12735036399980.8","13278381398167.7","",
"IDA total","IDA","Industry (including construction), value added (constant 2015 US$)","NV.IND.TOTL.KD","","","","","","","","","","","","","","","","","","","","","","195325699588.534","185006140532.609","171817558771.55","180026510872.962","187705046751.267","189131866886.335","198072008549.666","207507602340.837","209972422724.198","222784439342.797","219551960185.198","218962990201.83","211670793670.436","208316639926.102","212276568509.029","227348334619.422","234179789180.424","237396218294.657","245628320979.892","262501733598.126","271697571290.21","280432718923.632","299338171916.065","319793220978.348","340511540016.125","355828725452.542","371013051028.198","383348971249.951","394715219697.608","424398534787.977","447343631609.415","448155442879.315","465338446796.798","495603863159.431","505765105769.944","517256638480.47","553240830724.591","587489146045.695","616186501980.974","591748443391.156","613288201351.437","650699140807.446","674651939159.346","708198439051.631","",
"IDA blend","IDB","Industry (including construction), value added (constant 2015 US$)","NV.IND.TOTL.KD","","","","","","","","","","","","","","","","","","","","","","114424860080.219","105779318145.629","93695190582.7809","96511924070.8528","101437336215.711","100376179501.539","105663714035.489","112210042877.645","114073337952.874","126682548572.25","126302715123.57","129456209789.35","124047847743.28","120856719248.975","119217768202.021","125289411020.561","127290852537.428","130007579964.255","129371824119.542","134402638066.606","140318907700.135","142543284019.12","153610173914.247","162559065651.937","168908396211.322","170537191309.039","172665930892.004","175448568587.101","177277213595.871","189032568649.709","199527059694.967","205328002475.013","212406008785.651","225621559464.12","231165607217.114","228068379322.485","238283385406.763","249611104215.785","258122040137.221","231594026083.341","234297265366.567","250850720958.632","255086263239.757","260646304029.834","",
"Indonesia","IDN","Industry (including construction), value added (constant 2015 US$)","NV.IND.TOTL.KD","13113859180.0799","14659421154.8798","14612585943.5165","13886640167.4798","13980310590.197","14214486646.9851","14472080309.4455","14917014817.3402","17586621864.7175","20841669054.0606","23768869763.8983","26461894416.9479","29974535268.7607","33721352177.3523","37478733022.1954","39589407484.6374","43983793685.2556","50209332595.1823","53223223606.8603","58444766015.743","65723740648.3587","71439675273.6635","70428072738.5101","72567269828.8246","79613465371.1699","79292116790.4051","84563501069.6516","88959568433.1353","93618770755.7484","100965658432.479","110951407135.49","122345080445.837","129401134746.69","138725642432.884","154218547351.615","170288377216.578","188491408802.99","198238917275.341","170581949535.781","173939160820.672","184184222003.457","189219716310.011","197285608812.605","204693842026.47","212760975395.651","222769170388.224","232768275311.646","243754936890.58","252866879922.228","261940471519.281","274825976400.438","292276750357.238","307782864823.711","321147264890.201","334738896327.124","344753718607.342","357938763419.054","372582508767.288","388764748178.136","403576523248.413","392275831805.196","405680517072.425","422336304150.791","443443325112.501","466350918580.295","",
"IDA only","IDX","Industry (including construction), value added (constant 2015 US$)","NV.IND.TOTL.KD","","","","","","","","","","","","","","","","","","","","","","","","","","","","","","","92902596445.5774","89732683021.8954","85128674528.522","83664245317.462","83869576556.0905","90321299309.9249","99625439979.7124","104749584702.581","105020199975.616","114866712483.166","127409094440.675","130559490297.134","137242715415.216","144930905167.38","156494064956.944","171111517677.835","185055577521.421","198249038491.808","207884068111.06","217443251421.329","235377446480.282","247827655988.007","242818391323.701","252925986309.762","269977087979.667","274591639133.895","289203289378.829","314989134082.816","337921149889.879","358119848090.312","360252615379.063","379108530596.811","399931286179.107","419774872009.123","447841019948.714","",
"Isle of Man","IMN","Industry (including construction), value added (constant 2015 US$)","NV.IND.TOTL.KD","","","","","","","","","","","","","","","","","","","","","","","","","","","","","","","","","","","","","","","","","","","","","","","","","","","","","599759833.166551","609522187.168186","587319130.082729","616857511.706605","599144902.18396","579130388.284992","638909471.464911","606335240.510584","646708629.658771","711087702.144238","501563767.641913","","","",
"India","IND","Industry (including construction), value added (constant 2015 US$)","NV.IND.TOTL.KD","26828070040.1296","28628951618.219","30653599070.8801","33549528747.4225","35723293222.0768","37339906855.5803","38672298950.695","39964509908.5873","41853282788.0166","44905952670.1503","45062228836.4429","46193268813.7298","47921974981.6454","48206029208.9044","48960424859.8948","52592690620.0944","57014768930.0156","60904696053.6683","64935903023.2088","63014293146.0107","66574946198.6067","72097093763.3039","73509580499.3363","79058675155.8374","82160535410.02","85829365544.8105","91087805811.0168","96069373509.7323","105209665429.561","113894303959.605","122499592170.873","123218275596.968","127012064993.255","133621824422.429","145843883800.604","161731298030.084","171451509267.207","178991315208.498","186319391369.126","197257253336.688","208692942643.102","214058562726.482","229631437231.922","245881807671.636","269846130228.95","295679275082.146","334829675850.759","361695975411.234","376161017397.684","409430861082.824","441763535230.113","457783870689.53","472749651916.461","490647442724.523","524995871899.066","575276543905.867","619688376211.08","656005475735.785","690881426229.937","681208860054.912","678212319968.726","761253476550.091","780166819895.682","864570854498.056","915579019891.717","",
"Not classified","INX","Industry (including construction), value added (constant 2015 US$)","NV.IND.TOTL.KD","","","","","","","","","","","","","","","","","","","","","","","","","","","","","","","","","","","","","","","","","","","","","","","","","","","","","","","","","","","","","","","","","","",
"Ireland","IRL","Industry (including construction), value added (constant 2015 US$)","NV.IND.TOTL.KD","","","","","","","","","","","","","","","","","","","","","","","","","","","","","","","","","","","","33350873547.9558","36101071747.8804","41664203790.7256","46710022895.3823","52517591634.1675","59117710529.0369","62056262501.9155","67836107558.7287","68486752523.9861","69543245531.9555","74039768394.2073","76029537408.4827","79492752548.3999","73195275626.6588","65959259260.1904","65319371762.6916","67428411347.033","64336495765.0731","62938534321.4801","70129942244.2756","116128296181.388","115426426763.44","120147781504.897","132765240333.451","135705127668.649","162822580386.339","197244491378.25","224159455444","188775244965.264","187952138644.762","",
"Iran, Islamic Rep.","IRN","Industry (including construction), value added (constant 2015 US$)","NV.IND.TOTL.KD","26635889737.1068","31127222696.5553","34444381668.2025","37290836189.5412","40668344039.8159","47542871993.0407","53300463322.9444","59765436295.521","69390228664.979","82182300056.1738","92252547297.6808","106001994923.145","119896155629.371","134447618702.94","135913763735.051","123506955640.686","147968505354.072","135227176053.583","106986413286.657","83947368227.0962","44398305546.0953","43594028683.547","71449802456.9946","76672518211.8111","64802301782.0856","64198189194.4664","59841402769.2996","65171627167.1642","63963810379.3338","67081741134.3207","79684151149.5162","93028004345.719","93956402360.6522","96244401351.6378","93062395262.0376","93069523917.5247","99278916491.652","97506544923.1221","97206786049.3589","97771778389.243","106988379961.081","106928919710.914","115853007962.041","127835336938.991","131419248693.976","135245945951.171","140437271265.166","147636110849.552","151835288616.084","150575937572.161","159885225730.471","162824249457.671","140985638963.527","132922486325.07","138174874678.736","131656359812.928","154355024636.219","161184623634.708","148950686052.609","137683315818.685","154149723086.768","160942185684.881","175424637290.952","188262760612.095","193546298155.629","",
"Iraq","IRQ","Industry (including construction), value added (constant 2015 US$)","NV.IND.TOTL.KD","","","","","","","","","3688354401.44979","3805803317.0196","3847605037.61135","4195838919.95834","3691452291.23166","5064749802.74724","5459358644.19618","6697339429.37732","8293304436.82109","8011613252.26309","9820890221.7752","12919084787.4322","13528035479.8375","11245737273.8205","11782267671.127","10638352115.1158","9559919323.24793","9339142342.9912","9735480237.53163","12832384632.4096","12276794027.4902","11008515950.3773","32593456521.163","6421960832.96628","9133366171.20954","8262918698.36252","9381871238.68151","10730116656.207","11678586986.3788","24686142170.8032","39407545318.7227","47315383403.0326","48509991180.4954","49262436222.4413","43230749983.0835","26420692214.7912","37652216155.0647","36658297311.911","38717782821.3459","41469857929.2892","46585229475.56","47919017919.7775","50346318053.972","53991485280.016","62440080285.566","66057964088.803","69850686078.7253","75615860872.5345","91606562833.1654","88328021293.9812","86897026730.623","93288153094.2679","77957043016.4069","77871354325.7041","87205899141.5401","83324467010.4988","81115299781.9418","",
"Iceland","ISL","Industry (including construction), value added (constant 2015 US$)","NV.IND.TOTL.KD","","","","","","","","","","","","","","","","","","","","","","","","","","","","","","","","","","","","2136108815.96773","2231271123.26114","2272684891.28811","2335187971.25136","2392284808.76459","2579709527.1183","2660494020.66205","2597694449.27179","2625121002.54567","2973474923.10894","3305258065.41774","3647066930.39994","3853961749.60889","3733549345.6829","2977261992.72009","2933626393.73503","2996184810.09643","3059772832.74185","3247062690.13627","3378990552.62755","3531144206.44986","3766957258.8008","3897329009.76665","4039711703.77788","3995559383.16937","3884472398.82869","4044715900.07965","4348563167.34809","4440480882.74512","4446597358.49613","",
"Israel","ISR","Industry (including construction), value added (constant 2015 US$)","NV.IND.TOTL.KD","","","","","","","","","","","","","","","","","","","","","","","","","","","","","","","","","","","","37553733421.481","40524016020.1712","43155238349.6691","44025156096.4639","43707317431.1058","47449359574.8318","44945399042.875","43741067588.8966","43905718302.6882","43700837251.6974","47204578771.058","49045392141.7866","51793338987.6401","50709084232.9495","49868335577.5182","56354807221.3954","57874438027.8598","57628123902.632","60433706860.0015","59875461615.5204","60617201921.0154","59717028839.9362","61851734086.4813","66267845879.8342","68703140896.1647","71155539578.7355","78001914619.1972","81056519542.8224","80069397582.7862","76678032501.5877","",
"Italy","ITA","Industry (including construction), value added (constant 2015 US$)","NV.IND.TOTL.KD","","","","","","","","","","","","","","","","","","","","","","","","","","","","","","","405335817240.632","407939084964.747","406810879174.65","393431794058.073","408190068021.889","424182677157.946","425936324627.806","426152295096.791","429885586609.692","430203966571.549","442717260760.101","445250386677.709","447880909036.091","442079682378.9","450992172860.016","452777126328.695","466924470887.039","475066383645.56","461846760647.026","392148558097.217","408969803260.674","410355656397.989","390841890721.624","380497815791.192","371647630386.16","374428646614.687","382988074997.997","394645467271.092","399619335717.633","402414572644.971","358182265527.606","415407073691.28","428926865972.62","437411405496.007","438655153952.402","",
"Jamaica","JAM","Industry (including construction), value added (constant 2015 US$)","NV.IND.TOTL.KD","","","","","","","2570537983.40114","2554611832.6032","2744796065.45635","2729678203.4764","3126740733.03875","3213283628.96196","3401810288.86748","3387945622.68451","3345907182.63992","3211626365.7902","2839867839.93455","2669288128.26716","2638284956.73247","2553399012.56612","2310990045.51225","2330998943.84866","2290172858.35784","2357515456.17753","2272225754.41226","2168584419.12136","2218158184.90732","2402341985.52967","2562486315.38328","2909941533.22","3068527211.88504","3008338392.64549","3030134376.46485","3098430634.85086","3095005071.07008","3130932515.12504","3008628414.97079","2945902900.19054","2867901665.584","2855543411.56144","2845447013.04965","2846692672.6063","2838776178.31864","2918514780.20156","3030197993.60963","3088727602.51486","3048194496.15176","3094087216.65992","2995663721.42724","2607591598.7588","2523214554.0531","2595495588.85344","2521116601.11558","2534376319.29097","2538752517.99657","2579187282.81572","2637878038.72513","2687027806.49253","2780488453.77609","2748266245.61548","2601509433.38811","2739409199.27577","2758790400.09829","2928818332.14874","2902931134.93189","",
"Jordan","JOR","Industry (including construction), value added (constant 2015 US$)","NV.IND.TOTL.KD","","","","","","","","","","","","","","","","","1106618693.41648","1225138010.41073","1424431249.8155","1791955472.38422","2023066908.49391","2303348797.38786","2641357005.19107","2726262796.37939","3011011602.74946","2604556477.18494","2587582191.33765","2591361890.84858","2316131054.34994","2426154666.73143","2265826690.8695","2332967916.2717","3038775191.68504","3297169202.7873","3694587372.4234","3801449811.66631","3626896434.46123","3825536753.23087","3883915967.48845","4142688016.25423","4312671366.24559","4685521442.70155","5384456608.70416","5483622167.40198","6196748426.1791","6639076374.48056","7283618087.87163","7943828486.06433","8581291862.14052","8415426889.01422","8599259117.08358","8925880427.27745","8968432633.26748","9133371126.12959","9508101416.6653","9736587464.78873","9815864814.61892","10124357736.7593","10236899029.4063","10504974091.9788","10365216335.2737","10644695463.7881","11112830698.9634","11588971454.129","12020802149.2415","",
"Japan","JPN","Industry (including construction), value added (constant 2015 US$)","NV.IND.TOTL.KD","","","","","","","","","","","","","","","","","","","","","","","","","","","","","","","","","","","1186408264805.15","1217854363087.42","1265417103616.2","1260964568465.1","1223552104642.01","1212913306858.36","1241414792158.9","1192671903753.73","1167600360049.15","1186286301849.17","1221379724970.75","1260239714753.57","1291732202685.11","1313921464677.6","1299227213850.1","1102238149592.24","1226287744530.18","1187479318997.57","1190411848396.07","1209554110280.47","1240075710081.36","1270526150555.11","1281965986672.34","1335288600109.05","1368331193370.29","1345277986617.62","1285372169910.51","1365631426982.83","1370845119754.79","1390670543078.85","","",
"Kazakhstan","KAZ","Industry (including construction), value added (constant 2015 US$)","NV.IND.TOTL.KD","","","","","","","","","","","","","","","","","","","","","","","","","","","","","","","44692903689.4863","43473088198.1847","33509255498.0274","28052438272.7531","20876668237.5319","17906864165.5824","17413245505.0437","18202721386.8371","18129808047.5226","18781153382.5026","21651687669.401","24987048727.008","27929733191.6325","30505943814.2393","33912188593.798","37557715929.4145","42576161527.2942","45966919086.8672","47116306513.765","48055583743.9997","51806027784.2455","53634391305.2343","54587022485.9881","56271070783.6023","57099369237.5685","56892650250.5208","57526148747.9817","61437973653.8274","64162055402.3053","67719219425.0332","68740466133.7231","71807183584.2985","73709094283.9058","78137543790.4649","82343074363.7537","",
"Kenya","KEN","Industry (including construction), value added (constant 2015 US$)","NV.IND.TOTL.KD","","","","","1053625988.19444","1091516255.88052","1178960331.70966","1246964811.16004","1411110030.37146","1516663624.42145","1430720149.78283","1806756964.28481","2647775265.09029","2856563348.35477","2879345191.4076","2892611860.09011","2881630192.89681","3251937442.60011","3595779557.9881","3722853125.20089","3921341632.02417","4078222580.22634","4147113775.03553","4166690168.28401","4255430522.8572","4505381810.10197","4684566763.34477","4932336690.35738","5196715534.49878","5517844016.77556","5775265189.80426","5921641937.15542","5918572527.68798","5930440910.24009","6043395195.7733","6257026123.0626","6469497494.43898","6546601800.80481","6562022663.25944","6406921931.53179","6289544959.37853","6635303617.68991","6790999093.11759","7206555202.96612","7500061353.32167","7829167178.18672","8290295294.03296","8798854745.95547","8794676340.47965","9119725678.42363","9933825502.85195","10758745597.7828","11345816652.8582","11989470141.5807","12731461084.152","13248589280.5828","13579449326.2963","13954909759.0678","14489464596.7993","15062249744.232","15566529484.7885","16729496884.2745","17378644195.5088","17727688990.6475","17874535518.8968","",
"Kyrgyz Republic","KGZ","Industry (including construction), value added (constant 2015 US$)","NV.IND.TOTL.KD","","","","","","","","","","","","","","","","","","","","","","","","","","","","2357690973.86907","2806824433.27372","2883458106.02782","2820475090.3414","2609118156.75483","1928569289.2128","1487543632.37111","932616384.473863","818094242.084311","839051645.669985","1005222207.14558","987274161.444709","949614013.071197","1046054559.97348","1093105694.54238","994376567.465772","1120922076.37714","1155083567.68201","1041321321.7328","967920181.369039","1067580528.63188","1216552391.44354","1212684615.39845","1243315024.01908","1334197660.57243","1182577723.32369","1539548415.60677","1627582161.2417","1674757518.01353","1793112320.01109","1946646327.84959","2062124595.57274","2226418483.88235","2014618430.41138","2065584577.04538","2294280941.55209","2523866595.02399","2762310227.90876","",
"Cambodia","KHM","Industry (including construction), value added (constant 2015 US$)","NV.IND.TOTL.KD","","","","","","","","","","","","","","","","","","","","","","","","","","","","","","","","","","","662311823.313407","787538879.82308","822078792.497512","960283817.359536","1019892954.62897","1235965326.63268","1621445330.65252","1794576777.64951","2071462417.69557","2314648508.36723","2669656674.61575","3017636449.18569","3545408816.79016","3866460083.68595","4100390127.90782","4171947108.86892","4409037319.16818","4984465012.9474","5459122917.52993","6078738208.8811","6756623952.42393","7606138040.85797","8647282568.33561","9776476285.08578","11223143607.6934","12686563259.1926","12406423397.5699","13449603421.2442","14556724129.7354","15340786927.1244","16864937874.46","",
"Kiribati","KIR","Industry (including construction), value added (constant 2015 US$)","NV.IND.TOTL.KD","","","","","","","","","","","","","","","","","","","","5767362.83567575","5348817.63774485","5606571.13227179","5490815.31710218","5030811.89032887","5428651.06316151","5992585.27853138","6817354.7845887","6609319.73000919","5887204.04769282","6348264.77201123","6311025.95465178","9295866.94911477","7677877.1942694","7652166.71683085","7899413.66787234","8806044.59300595","8756395.81948889","9601611.02523956","12178633.6858947","13054678.8153143","14468115.5718399","13988003.8726494","13855617.529583","13111650.6336699","11533455.2814638","12005057.6473316","14833592.1793646","14712117.4877156","13680695.9615651","13302766.5038068","14249172.1977039","15693085.7426811","19444644.3236252","22936372.8054377","22899698.6839969","28210518.8523015","28199865.2649393","25642661.1749911","23739687.7769678","22486609.7634979","21950643.664457","25238650.7815784","25970491.8506442","29711254.0482755","","",
"St. Kitts and Nevis","KNA","Industry (including construction), value added (constant 2015 US$)","NV.IND.TOTL.KD","","","","","","","","","","","","","","","","","","50472476.0346037","47098484.1399735","51780343.1792794","59189894.0067025","56599604.6034344","64060045.2030239","65118552.4640844","62833601.6938145","65581649.3907983","69830945.3666901","77846084.482893","95179140.8827579","99291034.4738004","103341860.338243","96258004.0526849","97911921.6480918","103591220.221858","106695496.324007","117916691.086691","123738481.022524","134552557.607877","139926517.548645","153605688.306965","224500229.911932","262224818.01886","256194380.017146","212556400.384485","203095991.738758","216922742.83636","204994180.240563","203910228.09342","212469887.771803","212337574.36417","195503237.731536","175101528.070039","159946553.918894","186312544.87829","206225712.726989","217655555.555556","224780123.658847","236729042.16351","219899794.508092","230942875.068194","193462557.867664","211141664.71826","211620028.576624","203742291.845271","206246068.635856","",
"Korea, Rep.","KOR","Industry (including construction), value added (constant 2015 US$)","NV.IND.TOTL.KD","2389772767.39963","2540840347.79574","2960643715.21253","3401827551.84552","3745016482.95433","4541534083.53931","5349897751.1723","6526254392.08868","8021273523.34621","9669848698.55383","11007006924.9182","12441102418.1311","13828597269.8009","17718236004.4307","20413951025.325","22798095296.9324","26988964458.1385","31744535009.477","39789136562.7491","43184216573.5515","42658371157.3125","45206777283.2659","48197710703.2652","57152879615.334","67065270572.3489","72384448042.0833","83134421690.0938","97700624368.7988","109637638013.225","116207498903.019","132044251378.05","149726419235.048","156355331353.004","168646081317.369","185910669878.689","206512965430.997","223760671432.509","235214686714.683","216716672563.785","246371968212.075","275898352165.645","285581771086.317","309170252317.659","325870977421.773","353120505046.06","368349223475.641","391425809323.425","417691553450.615","427519521120.753","423765015596.876","469552308837.302","486559658943.555","493939075834.807","510687662455.374","526846740242.078","540467172582.403","557010775812.822","582983017971.603","596133304133.563","598014238293.922","590066183592.925","619595755030.388","633504031999.998","640094927951.626","658802108237.017","",
"Kuwait","KWT","Industry (including construction), value added (constant 2015 US$)","NV.IND.TOTL.KD","","","","","","","","","","","","","","","","","","","","","","","","","","","","","","","","","","","","","","","","","","","","","","","","","","","52157727068.3637","60263236136.157","66395387200.0814","65526432269.0541","65210677928.6185","64094399571.8825","66332025303.8773","62291935917.654","63717304594.1471","63645673651.1537","60221057004.6302","62178592195.7019","67081022134.7172","63677412117.6636","60360199045.1563","",
"Latin America & Caribbean (excluding high income)","LAC","Industry (including construction), value added (constant 2015 US$)","NV.IND.TOTL.KD","","","","","","229082505557.994","244675294365.821","257769745811.102","281090871166.387","306344966518.456","328948215870.778","349554697214.795","381551688240.935","420312702580.103","448786854930.804","463316709928.257","493517900666.665","512503905820.63","537280912952.56","578002227068.32","611412963173.245","607247688677.118","601524400158.637","569685855022.388","595219298165.893","615593085362.523","637698945763.674","653316173623.865","649606424284.965","659139531618.785","649997351964.615","664217821462.16","669750186425.338","693353961004.76","731980362942.944","715497234950.771","750454207034.457","798097192132.66","816328546105.026","806419678759.783","836560230895.64","824110092852.098","823901637370.356","843797093842.628","897288241026.296","926090305937.802","970456414599.145","1010032856511.48","1034553770049.73","979897211986.67","1046994540793.02","1092507146626.49","1106559916176.01","1126478948553.95","1132589935169.17","1126425151726.49","1109774405716.58","1116735551524.73","1119878633517.96","1105506838508.47","1020599260518.19","1101887800104.39","1139598205088.02","1157680476395.4","1160754282382.06","",
"Lao PDR","LAO","Industry (including construction), value added (constant 2015 US$)","NV.IND.TOTL.KD","","","","","","","","","","","","","","","","","","","","","","","","","","","","","","","","","","","","","","","","","720219977.103652","793148600.176599","873332568.371247","1033408545.12312","1111903958.21047","1252824950.92723","1473123130.63026","1587606295.09681","1792292775.75475","2054920436.38706","2453063583.42864","2859792825.12138","3230261742.12713","3479081344.41633","3733392306.24599","3995147111.00828","4474481783.78511","4993842366.10135","5383850923.68656","5685509607.77626","5910803148.63341","6360372313.01564","6572525935.8346","6743985342.20137","6995572713.01122","",
"Lebanon","LBN","Industry (including construction), value added (constant 2015 US$)","NV.IND.TOTL.KD","","","","","","","","","","","","","","","","","","","","","","","","","","","","","","","","2926599924.88766","3293471468.55618","3616360953.90858","3905704625.52934","4090668696.51102","4568248593.84096","4608523272.35137","4757946096.04071","4463205304.60818","4427245824.43364","4505363815.42621","4694022311.00706","4853417893.73322","5154896650.14436","5416226288.54429","5405578504.93927","6359184649.05466","6945614758.07479","7270046559.63668","7718222508.61495","7886495333.52504","8024604908.00733","8498035624.96322","8266630876.67917","7841494699.17081","8019773056.50937","7780977460.49537","7475176704.10581","6211540971.09041","5810793094.67552","5412478406.14193","5382151800.46801","5387693258.08431","","",
"Liberia","LBR","Industry (including construction), value added (constant 2015 US$)","NV.IND.TOTL.KD","","","","","","","","","","","","","","","","","","","","","","","","","","","","","","","","","","","","","","","","","108849388.248499","82783516.6831438","68489391.8268171","61496485.5413493","120399700.57041","129466973.057362","149727454.953163","171848791.927653","203980269.84347","339128084.415422","334283355.79381","406953656.766432","439103006.897734","535865863.99297","562647889.952056","542950500","479346722.16353","518633029.269859","544270815.735052","549462145.609677","550705024.673224","624011043.844296","665903443.206931","757978001.503945","786923952.227865","",
"Libya","LBY","Industry (including construction), value added (constant 2015 US$)","NV.IND.TOTL.KD","","","","","","","","","","","","","","","","","","","","","","","","","","","","","","","","","","","","","","","","","","","","","","","47297646569.8244","48913325717.7808","47424223927.1805","43313493408.7581","44077450053.32","15276817169.3681","40077549983.5449","28901968872.9365","17116333993.1758","16967803592.5022","15980287158.7133","27093204835.5483","32388010259.9948","29466676639.5958","19015684438.633","27572744520.1675","22885399256.3802","26958985596.0248","25476228883.3454","",
"St. Lucia","LCA","Industry (including construction), value added (constant 2015 US$)","NV.IND.TOTL.KD","","","","","","","","","","","","","","","","","","30751485.9974075","38568488.1428102","43002651.9123299","46717720.6243306","50342012.8720069","46460167.0530849","43380189.4120996","51335728.231739","62498007.9750552","71066838.7604582","76168508.7000416","88992508.3273436","104847682.714388","98478784.9285287","105206405.805352","119485103.846913","118621253.726127","120563640.754597","127630751.942159","122533062.683576","121004306.013749","134435331.44527","146426847.950809","140713363.736209","126720975.06268","123308063.164807","132658809.141068","157775498.408525","135739991.590404","172889889.740088","157704997.757669","193341484.348389","188332536.155463","185672222.324612","188723148.84781","189399926.142992","182469292.344742","183468172.202871","196370370.37037","198549086.582666","206239737.664276","198509276.153538","201053524.48783","204980280.451852","224302815.098775","228215094.543114","256581834.86201","271007686.726148","",
"Latin America & Caribbean","LCN","Industry (including construction), value added (constant 2015 US$)","NV.IND.TOTL.KD","","","","","","320920436911.033","342967405648.554","360731585509.569","392205304773.187","426044348118.202","456041377550.028","485716081111.901","526697854160.554","575085789433.333","613693907216.408","626702834882.559","667048006860.721","693035620658.136","727344967749.458","782632654623.304","828412365897.226","824691026600.15","811800848727.735","770079294154.942","805007338242.595","831313069013.234","862246020783.049","884671219203.42","882816363304.063","898001556578.271","887179802033.221","909099143265.901","921496698444.589","955351911723.739","1007806262198.35","991078643870.617","1040539888522.71","1106390201220.6","1132184500718.68","1119240920090.24","1159850479171.5","1144383993202.56","1144033428277.95","1173421597952.79","1245195394112.71","1286064058484.59","1348019024327.38","1401929704132.44","1433597855316.09","1362984100051.89","1451199390493.12","1511736929158.85","1536676116843.15","1567190999705.36","1578143531795.57","1573295767360.02","1553580391622.67","1562826894431.44","1572122371583.55","1553234648688.9","1435390477576.56","1547920273509.55","1603438188779.64","1635984645274.26","1653557068890.15","",
"Least developed countries: UN classification","LDC","Industry (including construction), value added (constant 2015 US$)","NV.IND.TOTL.KD","","","","","","","","","","","","","","","","","","","","","","","","","","","","","","","","","","","69137307686.2984","74731355481.8206","83371281113.036","86859030710.5886","85871393802.2877","94727919333.0558","106030690779.897","109310650753.854","116894374561.609","123924642080.367","135231935289.327","151118214248.073","165280387442.328","180030508295.891","189747910693.579","198595702960.033","213804963284.835","221162360394.565","221609367897.527","235309226576.883","248754077505.886","252236662676.334","263742630412.572","280666432612.228","299266799797.586","318866526845.65","317860195446.355","329902621613.796","350089763335.19","366862794374.951","383174902705.162","",
"Low income","LIC","Industry (including construction), value added (constant 2015 US$)","NV.IND.TOTL.KD","","","","","","","","","","","","","","","","","","","","","","","","","","","","","","","54477333022.5477","49627575326.6264","43944134912.143","41153160483.8359","40951778811.2965","44784191919.2668","52903573049.8246","54415197797.6867","50245680366.9454","58569732121.9664","69005418699.192","68765209760.7814","71920247013.6928","75051312957.6752","81619204333.1799","90604475376.1893","95975760881.7029","102128962110.896","104593847918.187","108882132502.095","116911373956.87","114205532532.265","96552359579.8582","94553609007.4185","101915376471.563","92883140391.7891","86607920752.085","90690869416.8012","96545361596.3618","100170320410.545","101536092061.357","104058463761.788","108282019421.717","113339465996.822","118183700446.32","",
"Liechtenstein","LIE","Industry (including construction), value added (constant 2015 US$)","NV.IND.TOTL.KD","","","","","","","","","","","","","","","","","","","","","","","","","","","","","","","","","","","","","","","","","","","","","","","","","","","","","","","","2335665396.55292","","","","","","","","","","",
"Sri Lanka","LKA","Industry (including construction), value added (constant 2015 US$)","NV.IND.TOTL.KD","1420410221.03208","1430155869.83351","1517094462.32992","1570441761.55175","1652142924.34928","1661526492.272","1797245741.45686","1957741803.10845","2264681294.70732","2497737540.43796","2729954941.53203","2733830601.03661","2696204005.87103","2854045769.66094","2744399707.28154","2783565025.93912","3003705852.74803","2885390045.83448","3319882252.61609","3655968290.63471","3828512075.47688","3917945563.68345","4011004668.81031","4074546731.7674","4353486025.80532","4569472299.51171","4847608572.23375","5146349312.90951","5365170203.48398","5543402456.44168","5972146088.87038","6198598086.2882","6604611889.4221","7222685816.27197","7788609043.41435","8328330695.31595","8764241411.86422","9412532020.46072","9948474183.9307","10424807645.6959","11178257975.0107","10926585339.9429","11017836446.1589","11531931140.8175","12155962813.5411","13126777055.2138","14192270870.6706","15271805536.8544","16175613184.6745","16856931046.7028","18280370389.0527","20358492481.0467","21967281820.765","22620572019.2951","24859808966.5811","25131775985.5444","26998421109.9464","30497867371.1422","30171646751.7828","28937707864.2028","27399048286.0887","28968364061.4938","24338879284.4675","22090752886.7186","24518629892.8154","",
"Lower middle income","LMC","Industry (including construction), value added (constant 2015 US$)","NV.IND.TOTL.KD","","99910139121.0691","107482509436.439","117601292160.209","127179469690.869","135144391271.036","140399377139.192","145630786028.009","153066889187.5","162035651028.441","167658799980.483","173783008203.001","180084389583.471","190653350561.828","199266075263.357","211085493738.823","229691647890.256","246519014535.603","261551860248.613","271264837144.492","285825602237.921","307856176530.65","306881423270.684","303379873988.807","310094382871.646","317875348881.681","329825913128.532","345876890922.65","369344867813.048","385829733363.321","414053819642.663","417849910645.881","430833686373.49","436417883607.596","453410683978.803","480302216045.961","508061306466.117","531249887732.14","549647618712.987","569748513789.457","601579794297.457","626107396214.654","654548072729.505","695839461461.881","747925114272.146","801514166603.548","871156834141.485","928654482940.462","971698320773.18","1019566159102.31","1084311129450.84","1133289191439.99","1180988075152.5","1230602212593.21","1301437833509.76","1383823938196.48","1459732584354.21","1543183518541.15","1629067943250.31","1664435319797.28","1611491498947.58","1725138196723.69","1800165157807.24","1907247405078.26","1994391172073.22","",
"Low & middle income","LMY","Industry (including construction), value added (constant 2015 US$)","NV.IND.TOTL.KD","454234507859.436","459248914339.857","483327061478.474","511868963481.073","559019820445.635","602390812123.805","648095486642.678","674227983670.627","728260908433.521","808715607003.488","883953227960.108","950025824786.378","1026773876485.17","1124377526606","1179707544522.55","1211082308619.57","1307878318793.43","1350804833496.9","1382637628941.67","1438407909400.98","1474363642926.21","1499679431977.9","1534660690945.94","1523850175100.36","1594242587246.54","1663697070720.55","1735684569647.55","1827263045994.38","1899979036520.38","1959000061205.31","2046524124443.8","2098197683980.95","2182954428181.8","2300092577221.67","2448420143525.44","2577826400302.11","2774013734939.17","2962127716373.39","3042313286164.86","3149781016337","3359091971377.51","3463432497037.3","3645928597943.24","3909156465111.05","4246109381494.93","4577411881528.08","4996618242641.76","5457316700255.98","5772544164251.24","5986961421752.37","6547107781474.46","6998600877722.32","7379712211925.21","7768930950709.21","8164824986623.77","8510823703554.13","8913050709052.63","9356645812105.71","9769280613363.6","10046706128369.2","9979540625525.54","10746220430054.8","11044403642565.4","11506615962024.8","12003372269828.6","",
"Lesotho","LSO","Industry (including construction), value added (constant 2015 US$)","NV.IND.TOTL.KD","","","","","","","","","","","33831626.9003599","37828153.3722738","37953089.5058461","46837967.3976525","53410783.3211249","52745267.4967653","61269777.9920787","68402332.9584771","64854121.0285817","68801905.5367342","76756639.7762849","70385540.3751789","100180663.528566","85986243.0263458","96531879.2979666","100220497.823385","102808883.403234","109228353.019478","142512365.60125","172109618.400722","202951971.724769","300721716.747176","335153274.43588","348774101.109934","380880299.667999","425517543.810081","457431719.906042","447365253.312197","454952199.480807","480813264.229066","549813926.597202","581352407.814958","618471893.926489","665146134.6515","665919400.384604","681282855.923804","725228232.983323","754508255.524662","819615008.339017","769056466.332342","825997231.602783","852118434.599407","896549987.368455","803295815.68463","766138454.107566","796124455.881139","811845490.702155","785375373.02625","813703204.36235","759929894.64311","669704730.74425","723906595.136362","730023032.432289","669319098.739377","687155740.679187","",
"Late-demographic dividend","LTE","Industry (including construction), value added (constant 2015 US$)","NV.IND.TOTL.KD","279460601771.576","253635724969.91","263763934870.586","274996797449.857","300880432192.891","316765874320.441","355648873459.855","351968766055.511","373796970755.714","424419622655.246","496078996336.23","549331994010.317","600827548168.434","664922823251.862","702638022131.516","735084820769.35","790570286586.054","836462392113.872","908515778288.032","982255127213.023","1063140537148.41","1017520996603.71","1026814893820.83","1038987982407.16","1130488139675.55","1240676909685.38","1359455142160.33","1445669921913","1531270413962.93","1580983455281.22","1569161311868.19","1585593419389.07","1535833668723.47","1600861617296.09","1664951344183.97","1779500880042.44","1884177590126.02","1999764309809.12","2055354796763.19","2162240076178.05","2334519117593.69","2459570779803.71","2620371454698.17","2851633139330.52","3122416155504.44","3380223247344.37","3718586672482.84","4110559668762.52","4394473596517.36","4577278297433.1","5042129013004.89","5472924036671.23","5806940534653.74","6134649181110.97","6462557245428.49","6789577936153.13","7096330363090.68","7407339922985.17","7781456430617.8","8055177805570.92","8115762917200.4","8715742579494.63","8948861462575.87","9231023201527.05","9657978319267.03","",
"Lithuania","LTU","Industry (including construction), value added (constant 2015 US$)","NV.IND.TOTL.KD","","","","","","","","","","","","","","","","","","","","","","","","","","","","","","","","","","","","4110405117.33285","4312083962.5591","4613348671.54604","5251343646.80294","5004271824.03926","5055102385.66975","5676497412.30453","6077229915.4445","7152081375.33285","7948301325.43851","8721356231.2604","9896934894.4501","11061446925.225","11250244482.6252","8349895417.60731","8612813032.67036","9630145447.20811","9857549638.93097","10347092824.5205","10988375666.059","11200977545.5285","11243979347.5884","11847822422.9087","12454353443.2609","13091359186.6699","13252978396.8162","14202547366.0815","14624398373.6393","14459126451.4868","14925173785.1531","",
"Luxembourg","LUX","Industry (including construction), value added (constant 2015 US$)","NV.IND.TOTL.KD","","","","","","","","","","","","","","","","","","","","","","","","","","","","","","","","","","","","4506992188.74979","4533200676.33845","4825768637.45718","5015699682.06456","5399877879.7005","5614204099.63233","5533237833.98816","5778151422.32535","6240454928.47906","6310336804.02354","6286004401.09461","6320525168.80005","7242540288.6472","6368980395.8535","5675571203.46157","5846666479.58022","5567421453.18216","5714355431.77258","6062681479.44321","6340811789.59175","6932034609.2789","7358800839.90292","6833249082.97027","6966726482.38504","7684927733.63439","7407146721.4932","7283858699.31293","5928116700.14471","6137655006.23096","7056524419.09603","",
"Latvia","LVA","Industry (including construction), value added (constant 2015 US$)","NV.IND.TOTL.KD","","","","","","","","","","","","","","","","","","","","","","","","","","","","","","","","","","","","2996071321.16057","3099477843.72693","3512152741.53269","3754932075.28482","3745201779.72024","3856531627.27372","4040273091.0814","4490457629.07763","4783975752.33766","5155319518.01317","5520152484.4224","6335539842.35924","6734890176.5057","6449633754.86789","4917850926.85639","4592137840.61327","4817721936.11587","5104844347.51167","5072569708.63486","4955174656.62816","5211865794.88593","5200521324.73366","5590385309.26177","5768755043.98754","5766798558.15273","5845388498.95617","6068711176.19118","5578382775.2465","5461775629.29998","5306772571.80191","",
"Macao SAR, China","MAC","Industry (including construction), value added (constant 2015 US$)","NV.IND.TOTL.KD","","","","","","","","","","","","","","","","","","","","","","","","","","","","","","","","","","","","","","","","","","","","","","","","","2382720281.28379","1950013573.7067","1876345443.85233","2011065100.77033","2224691985.31172","2289592645.43016","3035148334.07237","3466892758.38577","2875943914.11134","2317285019.35219","2123331481.53532","2228434198.00389","2017694163.25359","2117450861.59049","1994492444.56216","2129639782.93069","","",
"St. Martin (French part)","MAF","Industry (including construction), value added (constant 2015 US$)","NV.IND.TOTL.KD","","","","","","","","","","","","","","","","","","","","","","","","","","","","","","","","","","","","","","","","","","","","","","","","","","","","","","","","","","","","","","","","","","",
"Morocco","MAR","Industry (including construction), value added (constant 2015 US$)","NV.IND.TOTL.KD","","","","","","","","4939825173.13171","5129775487.91389","5530093018.18905","5717197275.78144","6172730599.91043","6525152157.45228","6895454556.87553","7342506867.99473","8258775725.36609","9046884246.39408","9753826364.57679","9625417811.72776","10263556693.2373","10060183225.2343","10358048623.0907","10429360019.1054","10541081731.0528","10915167025.6238","11261951379.9075","11232546182.9625","11320093278.7259","12424762157.7126","12099915036.6632","13069735349.8204","13134021305.9828","13464793443.8035","13337341814.853","13778909414.9833","14174428679.2691","14589780606.2903","15436805253.6215","16030026571.2791","16384368479.8409","17053721333.8428","17758877987.4107","18245264403.9349","18950997232.4066","19637781993.4895","20572340903.4069","21478860903.8836","22863392354.9894","24212263794.8157","22619885488.4286","24936256907.4958","26507635584.8178","26710231129.2596","26868537074.3492","27803442543.1838","28290982664.69","28827117989.1373","29803139164.0244","30741085460.9571","31991444673.029","30317766626.0545","32676853491.314","32164881465.1918","32434046361.3577","33810537179.2608","",
"Monaco","MCO","Industry (including construction), value added (constant 2015 US$)","NV.IND.TOTL.KD","","","","","","","","","","","","","","","","","","","","","","","","","","","","","","","","","","","","","","","","","","","","","","","","","","","","","","","","1102079671.93907","","","","","","","","","","",
"Moldova","MDA","Industry (including construction), value added (constant 2015 US$)","NV.IND.TOTL.KD","","","","","","","","","","","","","","","","","","","","","","","","","","","","","","","","","","","","1406877757.09775","1383558497.69973","1202331676.71663","1005848816.12352","946083266.577127","1094487714.86531","1155878252.62143","1192405723.63063","1405527057.85139","1519555351.85503","1559365038.87802","1500235901.15565","1483194472.45327","1509891986.46543","1209876443.22933","1280318973.77444","1376201339.37527","1389768347.32889","1474769671.82516","1606195268.21382","1645905526.3511","1650483102.37679","1717799827.03168","1890804653.40576","1993870879.54789","2009270171.99853","2005406298.86322","1798948581.1151","1640791445.64052","1694477044.50015","",
"Madagascar","MDG","Industry (including construction), value added (constant 2015 US$)","NV.IND.TOTL.KD","","","","","","","","","","","","","","","","","","","","","","","","","","","","","","","","","","","","1350717694.96512","1157190780.55764","1186270769.31093","1219850205.97551","1240671115.98409","1334799287.23109","1449722510.54209","1119712843.89515","1232737465.74976","1289814135.24309","1329316250.20773","1374737607.34658","1441356389.74845","1668593047.15942","1478648173.00514","1515217864.43909","1542317030.49434","1644826238.70951","1886413960.96413","1991190539.19216","2145812601.20797","2258376546.68255","2397616753.44561","2498231255.19621","2701285085.24351","2118998645.52825","2536958022.15781","2706072288.60192","2756911953.83691","2854972740.56175","",
"Maldives","MDV","Industry (including construction), value added (constant 2015 US$)","NV.IND.TOTL.KD","","","","","","","","","","","","","","","","","","","","","","","","","","","","","","","","","","","","77226426.4345556","76677389.1687693","94459444.641207","114168333.301326","128848166.757185","124006146.43341","138153473.102621","145504676.635232","168621317.904258","214172181.042296","246739020.838515","277659941.173194","324077974.20995","356270386.313241","261046177.016303","280028232.966334","324658190.225212","335339313.970731","311671660.430959","366888052.474867","442816210.040321","484986842.110075","549356381.740187","645196248.715523","662155647.3764","436478434.626993","416327541.982577","498128715.99092","514177154.301712","518419220.151534","",
"Middle East, North Africa, Afghanistan & Pakistan","MEA","Industry (including construction), value added (constant 2015 US$)","NV.IND.TOTL.KD","","","","","","","","","","","","","","","","","","","","","","","","","","","","","","","","","","","","","","","770259279461.629","786497822228.884","840462008513.66","845227929833.705","841375232762.974","882546359644.721","951452894522.375","996277267919.529","1049167555545.62","1081998515124.25","1135671978687.76","1110142093874.96","1175370043338","1216215474462.39","1246877654527.8","1241946768506.02","1260666804681.72","1289903048676.86","1358262167904.26","1368924430963.02","1396872054364.99","1391753963779.55","1335333384348.24","1396495806325.2","1511133946513.52","1506072334207.92","1502393056977.78","",
"Mexico","MEX","Industry (including construction), value added (constant 2015 US$)","NV.IND.TOTL.KD","","","","","","72166773899.8068","78451686914.2486","84258885447.3117","90963380911.5146","97950927258.1698","104628889393.223","105984913542.539","115974811345.985","127729574454.744","135365047841.039","141557888065.273","148389742637.042","150652316739.102","166241512740.009","184417647501.357","198925137326.678","221464076054.403","218907001804.353","196888106632.29","205741201545.449","213076038545.979","198113939253.125","204801449476.51","208329193306.132","216537279973.499","230348038143.265","237033004231.309","246456182406.728","247738627128.547","259040461022.432","233742316147.591","258567406710.618","280927039480.012","300653300888.562","306101688214.378","321567493301.518","314062897477.701","308810894053.816","312191360075.238","324115222439.745","331486467608.103","348229015460.57","352214441578.021","349256348306.02","320979437735.247","336067406819.363","346639600360.941","359005239224.221","357113887386.246","367493529901.435","374183090870.44","375251938413.628","377601474863.481","378226707730.933","371641649204.531","338795816288.971","360411192926.56","377546395902.95","390739572602.839","391769820285.01","",
"Marshall Islands","MHL","Industry (including construction), value added (constant 2015 US$)","NV.IND.TOTL.KD","","","","","","","","","","","","","","","","","","","","","","","","","","","","","","","","","","","","","","16655400","20416400","21549900","21483200","22858800","25051200","22382600","24787400","22397800","29133700","29477400","25023000","27876800","30054400","29219400","22001200","24601000","24063500","20756000","20073200","20152100","21798000","24980700","23659800","23626322.8654861","25902401.6857147","27402052.1640778","28561855.0777435","",
"Middle income","MIC","Industry (including construction), value added (constant 2015 US$)","NV.IND.TOTL.KD","438027198860.83","442862688869.987","466081715963.698","493605228968.632","539073720337.557","580881044697.621","624818407531.97","650085598000.641","702378233187.022","779757786050.861","850800985922.737","914652234468.124","990427095377.613","1084824145499.98","1137828979135.98","1169638950813.19","1267299638134.08","1310150860416.38","1343299386052.76","1399779759910.49","1434013833185.33","1459012468642.15","1493984309773.7","1482272846745.52","1549561739276.43","1618052320292.06","1688275716496.14","1778338787493.43","1850353974030.49","1909295037821.75","1999136194006.34","2053512527871.06","2141272356943.8","2259382383982.8","2406809438567.26","2533009819145.72","2722804811039.64","2908759981929.45","2991085110030.21","3092583111912.62","3294002931206.97","3398116142977.9","3577523170031.09","3837401921447.55","4168093757826.66","4491287260863.4","4904982013793.03","5359391001438.9","5671713084495.9","5882019131486.79","6434317347563.83","6887846024217.91","7284682496579.04","7675351767202.15","8064159203549.45","8418059347891.85","8825621589031.26","9265072705875.23","9671978576153.19","9945835960514.18","9877489835597.09","10641139743421.5","10935264834297.3","11392471196330.6","11884340454674.9","",
"North Macedonia","MKD","Industry (including construction), value added (constant 2015 US$)","NV.IND.TOTL.KD","","","","","","","","","","","","","","","","","","","","","","","","","","","","","","","1665715364.58989","1411506683.10287","1220781853.29774","1064006169.96669","973573213.861961","1090488405.77265","1103411302.86367","1138083046.59942","1174544348.61732","1228482404.07576","1268929476.47946","1252185013.91894","1279428034.86423","1406489186.87789","1445970320.8976","1547972017.75493","1655515726.04445","1485673816.6144","1564183927.76029","1637240297.81417","1766083710.16846","2077425010.71499","1958079609.21096","2079107448.72226","2275284696.0819","2407652905.73909","2337617395.46199","2372590607.52458","2395044081.38993","2451041107.72371","2302349490.50019","2309246318.80722","2271701313.1425","2362928345.19671","2490999335.06219","",
"Mali","MLI","Industry (including construction), value added (constant 2015 US$)","NV.IND.TOTL.KD","","","","","","","","","","","","","","","","","","","","","536465873.698027","541518147.902194","488068797.660827","551313862.969435","632873229.555189","692447219.000049","707612442.849972","628446911.311965","642510701.897216","796245583.448471","838603785.746254","890608013.840631","887277972.482708","997489822.286688","960076697.164055","1035129351.99667","1017567135.482","1235793179.64546","1295844765.14483","1343284602.80293","1889613551.02914","2208458935.214","2505232156.69782","2671508722.54204","2797197686.61441","4054593180.83053","4451678117.21975","4652066242.4643","3912177351.39228","3737965448.93839","3700474513.99323","3863842515.03491","3346760110.5211","3578308721.00758","3452692603.47223","3483703057.58057","3578663966.15177","3829339293.0762","4178060310.00297","4375477968.55867","4362980300.5304","4489367008.05913","4359709613.44434","4503195610.21502","4458162163.73828","",
"Malta","MLT","Industry (including construction), value added (constant 2015 US$)","NV.IND.TOTL.KD","","","","","","","","","","","","","","","","","","","","","","","","","","","","","","","","","","","","","","","","","1412280014.26951","1255479525.25186","1358307953.44072","1429687889.47131","1326196463.65742","1278013065.09679","1232759855.22156","1240743002.10193","1377752584.66222","1240183336.71705","1340729684.16732","1259636259.66129","1238072367.26868","1313509681.35414","1295420624.4041","1371035724.52101","1426396367.54868","1486488928.16056","1623534491.90156","1735672983.97805","1632281674.48384","1719288308.40679","1701286231.98768","1848211689.93482","1950792699.29079","",
"Myanmar","MMR","Industry (including construction), value added (constant 2015 US$)","NV.IND.TOTL.KD","","","","","","","","","","","","","","","","","","","","","","","","","","","","","","","","","","","","","","","","","1684478155.40838","2051899219.39239","2769731635.78224","3344804073.39456","4060348920.60039","4870118472.15602","6303019257.53357","7488257973.28313","8814797273.81298","10430690794.1511","14256735133.9526","15714512322.4292","16972162163.7284","18908171990.4939","18966991486.8982","20545930390.0945","25020389822.5727","27440642426.5933","29064606347.9842","31377819836.0663","27678603846.7104","25404937181.7986","27442173951.8755","27448680144.9319","27397759814.937","",
"Middle East, North Africa, Afghanistan & Pakistan (excluding high income)","MNA","Industry (including construction), value added (constant 2015 US$)","NV.IND.TOTL.KD","","","","","","","","","131622329136.79","151301395662.365","168821516755.207","191432244851.494","212516996521.842","237688970058.437","242082887710.221","228298552398.463","270807944409.301","255602247739.698","220530941093.503","196722355898.851","143616691473.803","145180724652.998","193629068427.199","201504645765.229","188629643289.298","193762163281","194890492085.013","210613750467.4","212796063312.597","219437508763.145","275822235777.044","262089821095.525","273934683776.563","278364558065.636","280013427957.102","290856651242.133","311808886956.786","333907228162.47","356499010268.127","381226759554.423","405378583618.008","414294595368.741","422526251275.819","427819290936.359","461960046217.674","481934274162.014","505171120738.487","532212944062.748","555757283009.377","552259586262.573","581777118718.455","559346836393.405","561124046296.41","544292267305.882","550029432035.586","546101390330.6","590146682236.404","614723397165.011","621538110482.67","621023553355.469","598352635202.577","625903910965.255","661260864640.594","673353808140.473","672956681374.006","",
"Montenegro","MNE","Industry (including construction), value added (constant 2015 US$)","NV.IND.TOTL.KD","","","","","","","","","","","","","","","","","","","","","","","","","","","","","","","","","","","","","","","","","530751577.77655","522738490.757407","504096791.971382","500311539.475985","537337816.927729","538189003.230279","536806261.100868","572855904.502035","645686181.950355","542638581.327563","569391607.560262","571980116.986879","522961387.437019","565861706.171899","566509151.99674","578832703.129716","618727849.89289","646557086.286639","747475514.765007","784747969.849458","711258569.409428","710376730.998712","698741283.462494","722093812.546949","720149033.482988","",
"Mongolia","MNG","Industry (including construction), value added (constant 2015 US$)","NV.IND.TOTL.KD","","","","","","","","","","","","","","","","","","","","","","971970055.039507","1060961916.58439","1144238649.51496","1273235890.68036","1344266068.29728","1432849585.50035","1497348336.21492","1601852466.65151","1688352450.38252","1220537876.46347","1039703999.24878","940261634.07547","869054801.695025","888969251.597103","1141507154.68671","1119421347.73498","1120796591.45065","1152016136.14285","1161369256.61126","1178635654.93489","1329140684.47555","1375109455.11923","1466423901.60479","1690159722.1343","1761453166.50582","1872298869.37611","2003749257.88544","1987931747.5575","1979737626.92429","2064744286.53687","2245894523.95046","2579157814.43364","2956786286.41179","3330933287.50481","3662111124.20815","3575839957.3083","3625560997.35387","3933147573.16479","4054430711.35909","3876238626.65438","3790179607.6788","3618898362.2613","4085381900.80591","4329430590.08115","",
"Northern Mariana Islands","MNP","Industry (including construction), value added (constant 2015 US$)","NV.IND.TOTL.KD","","","","","","","","","","","","","","","","","","","","","","","","","","","","","","","","","","","","","","","","","","","","","","","","","","","","","","","","","","","","","","","","","","",
"Mozambique","MOZ","Industry (including construction), value added (constant 2015 US$)","NV.IND.TOTL.KD","","","","","","","","","","","","","","","","","","","","","","","","","414241130.664558","343202641.563132","362042062.236385","315969821.505934","316235612.984763","323109638.221806","293060456.587538","303317563.458461","276402793.695419","269412940.810443","263603987.93627","290232623.525888","334405378.624878","433419737.441216","548555676.807189","656051540.094839","742041958.431333","941312750.373695","1038980785.98199","1191851385.83026","1393553625.88718","1442486825.17341","1548678618.7","1657715357.45033","1744782409.72688","1856757722.25643","1957066646.69633","2099412385.29697","2281691916.59235","2411806119.05397","2647463712.12222","3017336853.64242","3292173659.59599","3462343021.40162","3627992549.18667","3618490359.98414","3391491629.39574","3448931286.19756","3607988394.2162","4108118565.65184","4206366559.71561","",
"Mauritania","MRT","Industry (including construction), value added (constant 2015 US$)","NV.IND.TOTL.KD","","515831025.666398","406154572.521726","290537314.375065","418330148.674765","574697305.280546","627173166.44448","668175650.271418","752689562.894959","760343195.215122","833369626.14324","882173682.876094","795496212.590067","770491556.894253","888911088.696909","803065268.247745","897551381.917981","799548515.340733","833820666.357096","922485533.673173","862468800.223359","862067120.749969","827090261.475511","779237576.346199","1041201017.43958","1084120466.40138","1178557291.45331","1146561489.74471","1156991879.94837","1299986100.89408","1212949238.86489","1206535934.40377","1200156540.57269","1276364167.86908","1346535162.23784","1361614479.04076","1391713174.85484","1461390878.77162","1471588942.96554","1414554871.39622","1158994784.19025","1069806772.73624","1081707281.90294","1101449580.55573","1129823662.53192","1214104249.16009","1867853715.25725","1536786573.75481","1390403834.89855","1321478662.17461","1235179596.17645","1244275909.24419","1224751717.36761","1309243497.73977","1355069687.42424","1402746349.87401","1322499126.55855","1311717036.5014","1334613674.09865","1345854774.04516","1399565621.87578","1238646113.88654","1394022906.87197","1446831740.19937","1426855683.2101","",
"Mauritius","MUS","Industry (including construction), value added (constant 2015 US$)","NV.IND.TOTL.KD","","","","","","","","","","","","","","","","","289063386.20345","312645607.328564","334408457.1257","340719783.375119","309653790.975473","325814687.039878","338899756.444735","341197498.798256","375692337.031867","428536090.913288","505336614.202238","572493120.032807","624014326.327491","662704165.477426","717539029.847504","755150918.871165","807825674.261427","845416218.064879","884197474.08629","924988451.997381","982495551.918813","1030852250.95425","1099392181.46405","1137742932.00405","1222484699.16692","1277168570.34728","1247198984.48259","1289782703.4541","1299901437.21395","1254308546.60856","1943161305.60625","2046715739.18989","2154600902.6937","2218249787.21544","2279055796.02973","2274961102.12326","2290628179.26287","2317525003.56549","2314628968.50231","2304580864.71345","2326186478.71964","2405211535.79914","2480940328.18208","2549833426.83865","2048106505.84956","2270902426.21153","2424481462.07578","2515283590.51587","2633313272.87959","",
"Malawi","MWI","Industry (including construction), value added (constant 2015 US$)","NV.IND.TOTL.KD","","","","","","","","233751556.130299","245056757.132873","259686994.588259","269994670.357049","283959926.822319","333835794.131947","329845711.85049","355448670.02652","417959724.312275","404659535.931466","425274886.579104","476480760.291464","480138340.987945","487120937.677375","472823179.844868","473488223.781107","488783459.841295","486455922.965965","523364049.453499","514053916.56679","527686630.461598","557944668.291996","602500434.730071","658693885.543331","684629356.882505","701254637.043009","649051245.265646","664679003.358712","697168598.877062","754632749.85845","752132646.425268","768472736.489204","793591391.861981","785825926.230897","701590271.56269","650334278.918797","722195600.763788","758398804.034617","813217027.029962","894085887.665809","1020702432.90906","1107462139.75967","1316772484.16869","1426164249.1562","1453949209.08147","1445999887.02411","1493717883.31431","1563851821.48705","1618586791.79993","1657432389.16046","1693895901.75238","1815160136.01303","1953485736.42872","2034555419.34973","2089107367.50066","2074909378.15854","2120963046.04965","2165462534.44428","",
"Malaysia","MYS","Industry (including construction), value added (constant 2015 US$)","NV.IND.TOTL.KD","","","","","","","","","","","10243710516.0064","11148238311.7219","11984423663.6902","12440996289.842","12461585069.392","12424981481.9841","14724350749.2266","15505506287.2968","17019207832.351","19509547639.0439","20209019312.7937","20414567726.1314","21870082253.8711","24550082458.4547","27490450012.2136","26722787027.7102","27939366712.6361","29035690263.5108","32548785843.7371","33365877200.1698","36158991305.5813","39677982836.4862","42363453509.3384","45566711279.0341","50107482408.1153","58384934095.4051","65503083399.9489","69936929131.1163","63428015175.545","68651381720.2126","76022031425.474","74119553173.0429","77224826974.5133","82932413799.6371","88720018543.1087","91499860888.2769","95441229150.5249","96194509273.3467","95353437362.8534","88991789386.9508","93312949398.9749","95622267631.1883","100339077463.696","103998419790.173","110107608538.126","115870263019.224","120903057590.154","126544609209.488","130765258120.996","134157006514.413","125989564444.344","133223068067.702","142128990852.374","144022969181.363","151076654323.371","",
"North America","NAC","Industry (including construction), value added (constant 2015 US$)","NV.IND.TOTL.KD","","","","","","","","","","","","","","","","","","","","","","","","","","","","","","","","","","","","","","","","","","","","","","","","","","","","","","","","3764350370381.96","","","","","","","","","","",
"Namibia","NAM","Industry (including construction), value added (constant 2015 US$)","NV.IND.TOTL.KD","","","","","","","","","","","","","","","","","","","","","1241179161.55517","1187757637.85541","1151824303.84412","1119830864.58922","1106670109.7608","1117070011.91825","1176897133.97559","1200573057.46558","1226746240.02119","1230955985.13607","1251017233.84269","1275374247.36575","1465160382.52369","1277148190.86377","1396958543.68304","1428615864.04698","1341611293.84352","1436126824.56289","1502515843.71617","1531709183.74674","1560575499.57029","1568689615.46962","1735032469.14804","1817288376.47739","2127095694.81136","2134023822.99969","2452952063.59362","2580835948.30305","2677955593.73482","2279642818.80008","2551224937.64711","2611728491.42608","2781948802.51167","2927861752.91713","3083485428.92011","3124384538.61035","2931823856.08482","2910990239.7321","3063915358.58666","2999216320.29881","2614067769.86134","2628357719.31841","2925422039.15084","3205790200.07963","3239175686.60761","",
"New Caledonia","NCL","Industry (including construction), value added (constant 2015 US$)","NV.IND.TOTL.KD","","","","","","","","","","","","","","","","","","","","","","","","","","","","","","","","","","","","","","","","","","","","","","","","","","","","","","","","1931146022.07127","","","","","","","","","","",
"Niger","NER","Industry (including construction), value added (constant 2015 US$)","NV.IND.TOTL.KD","","","","","","","","","","","","","","","","","","","","","","","","","","","","","","","1051185739.78217","1014900165.08435","1039709474.92991","1007321629.31593","1020509098.75603","1040706223.30616","1085543185.7507","1119645050.39276","1121208426.7656","1037173548.11203","1047403861.75512","1087321346.6084","1122773750.15675","1162689060.3237","1175183518.61164","1157895527.80466","1205250750.80635","1183743051.03821","1210259015.883","1403022193.92147","1547627708.81438","1567469814.50966","1995610117.47775","2139623563.23335","2191196376.15831","2182581982.67247","2139581367.34974","2285481050.81642","2422675106.98004","2641263178.45626","2691746366.79804","2801986927.87029","2777012918.64492","2886516092.07503","3245105042.55956","",
"Nigeria","NGA","Industry (including construction), value added (constant 2015 US$)","NV.IND.TOTL.KD","","","","","","","","","","","","","","","","","","","","","","71380809338.4306","61880452460.6972","50138913908.0743","50967817609.2164","53251653820.1758","50696274741.6269","53440400242.0522","57785348436.6866","57348212486.3644","67704684112.7057","66262078028.2668","70321515792.4278","65531725068.5659","61653320435.2715","59796602816.4743","63174603055.9578","64374129416.8612","64626559505.3316","61957681412.4367","66579577087.7445","70305318813.6046","71210890911.0119","79870071976.0988","81276844125.0037","82654843038.761","81031536495.327","79469487878.348","77845024420.0015","79795495155.9155","83970747594.1033","91016806100.7583","93226419333.3786","95242799553.4527","101678505845.379","99398039146.1414","90600940626.4262","92545176641.9301","94276935509.0562","96456722911.0346","74544207901.1228","67598511347.1599","74464833846.6644","77453242119.8585","79624933229.5921","",
"Nicaragua","NIC","Industry (including construction), value added (constant 2015 US$)","NV.IND.TOTL.KD","614451334.562389","678222430.322053","858740089.995338","947565151.427293","1054286399.19713","1175877026.79238","1334732105.5785","1389835950.32359","1380189365.80506","1423077586.38955","1463913367.55753","1508726373.95249","1582730998.84431","1697859115.75997","2133463953.48196","2074571469.85203","2201330929.42737","2488714549.58655","2003787166.47414","1163124018.13324","1469398678.02546","1531446244.93978","1426141931.61821","1529762500.99207","1557131763.65743","1539257551.79206","1576760842.48128","1589949064.99265","1286865334.74562","1228136679.84426","1193911206.13171","1217122705.01852","1207449221.6517","1214773343.79588","1276443464.59323","1375364037.16858","1445546900.0755","1490800995.19821","1510339534.34779","1724562606.40752","1758882465.16416","1852819638.34502","1816991625.36458","1853324926.5438","2036959201.61399","2139652198.89249","2213937479.73854","2216487703.30515","2201007657.95853","1970927249.89204","2079493703.77138","2301661681.12944","2623120168.31214","2911102796.96228","3085540944.61205","3282897246.54486","3368797364.76664","3440923776.99688","3401968110.29314","3171432656.38599","3177839529.76693","3831926228.12648","3874166816.95089","4122438581.81808","4269340722.41081","",
"Netherlands","NLD","Industry (including construction), value added (constant 2015 US$)","NV.IND.TOTL.KD","","","","","","","","","","91580906644.3888","94243416001.2388","94852306175.5184","95969105171.0962","99256134742.9964","100610594764.547","95600771774.0691","98873485236.3959","98050728309.5955","96195752987.3582","94835909674.8827","94362991181.5423","89866326358.8443","85548900461.1449","86844755536.9268","90923667841.6465","93857120229.261","93888772576.6693","95692492888.6532","100538271143.94","104432859950.105","106201012697.367","107908870247.562","107866261032.153","106933031831.879","110471465554.766","112498796545.932","114906831660.131","115420776485.747","119533342863.154","124555177268.355","129159207066.072","132249561548.333","131587482673.794","128719094330.617","132185747652.025","135080467771.702","138117434763.142","144448291195.426","147434947166.016","135556472302.474","136969340605.335","139368952102.376","135954540302.67","135913248207.611","134939474237.223","135094289562.5","139225401929.928","146523488189.842","151463471910.205","153890572846.427","150843766253.724","161989857356.216","168723931208.372","163549955051.487","161583120174.051","",
"Norway","NOR","Industry (including construction), value added (constant 2015 US$)","NV.IND.TOTL.KD","","","","","","","","","","","35519379964.4202","37094347437.4726","38850305995.1376","40341363176.6377","42296817312.4357","45659479436.1557","47921278814.9372","49317120913.3369","54806704194.1511","56633599443.9685","59887264170.1834","58836589523.0538","59598696493.6855","63683330606.4582","69067283404.7266","71852835725.5129","74750554901.2196","78286109156.4857","78719945459.4904","82967461495.0204","83903698664.3313","85841935807.5574","90540908246.4351","91497963995.042","97941405378.6644","103226854356.508","109137159537.868","116011090305.237","114917506134.201","115139181804.443","120729305273.392","122553577753.805","123478934207.053","124121297618.519","128060492169.316","129278669828.943","127564437160.792","127473641960.694","126756345910.699","121200816253.64","118121772453.925","117252598642.916","119725068974.76","118895874900.932","120828360225.317","122653094967.449","123816275840.974","128189743823.009","126090479913.699","125669465020.595","129219577256.821","133286257174.418","133888675702.321","133133990608.113","136337216873.684","",
"Nepal","NPL","Industry (including construction), value added (constant 2015 US$)","NV.IND.TOTL.KD","","","","","","","","","","","","","","309761163.277394","299009342.855083","274010147.337037","307246995.824054","394948353.467706","436066377.836241","448791920.708563","436995441.080383","488688664.576046","529964835.001683","511918463.364605","552250679.704868","709215362.591562","787400774.819781","805107166.163162","879345977.377871","923931939.530579","949744853.546741","1068782955.92734","1248620084.98691","1308032472.04393","1426110589.07004","1482643020.79736","1605734392.68223","1707919429.1823","1747385463.38983","1852023797.88838","2004021375.49563","2076166142.77873","2094116438.52549","2158889908.95033","2189823120.93187","2255781989.61795","2356625392.67387","2449594376.19251","2492296886.05745","2477592319.04756","2576685852.52552","2688310722.56361","2845628371.27531","2924754635.50681","3143355623.94207","3206284530.38622","3073763818.25868","3600527150.70014","3973703321.06595","4266934790.55198","4095256588.87844","4379723922.6172","4848560918.80371","4911091234.96448","4916634471.99323","",
"Nauru","NRU","Industry (including construction), value added (constant 2015 US$)","NV.IND.TOTL.KD","","","","","","","","","","","","","","","","","","","","","","","","","","","","","","","","","","","","","","","","","","","","","","","","","","","","","","","","","","","","","","","","","","",
"New Zealand","NZL","Industry (including construction), value added (constant 2015 US$)","NV.IND.TOTL.KD","","","","","","","","","","","","","","","","","","21790812984.8633","21396366100.8906","21693572463.1523","21460212397.1283","23050182813.3945","23331646595.8935","24261309769.4848","25981379471.0387","25148289255.2848","25406929535.5501","24825891174.281","24338241856.6972","24324301250.503","23228542926.7316","22229208785.7557","22773366968.4132","24326736800.5433","25917261275.5864","26644951428.1041","27470763850.9651","27796317630.1649","27228257326.2195","28667137068.3043","28918952934.7916","29214028351.086","31558034286.4589","32595420850.7735","33953936419.3331","34450205711.5461","34502164112.4055","36549631249.3903","34671497043.5632","34304741555.5461","34387444447.0799","33619681223.9942","34469441939.7078","34914457588.6955","36535561747.5778","37797730085.9499","39068867250.7737","40424347038.9514","41507522970.0581","42442661321.702","42085381264.8053","42109935559.4452","41987245527.7556","41572130455.8423","","",
"OECD members","OED","Industry (including construction), value added (constant 2015 US$)","NV.IND.TOTL.KD","","","","","","","","","","","","","","","","","","","","","","","","","","","","","","","","","","","","","","8422307778810.5","8513551654149.66","8692613947401.87","9048982492367.4","9034447316177.51","9077234091590.03","9219429212147.52","9501899138002.39","9712928679991.8","10074926777578.1","10348389080682","10250035439743.1","9244893034139.46","9825014314284.06","9983061877763.33","9982730803660.22","10065650882942.3","10306863385350","10566699057666.7","10726554983116.7","11069739820333","11318697149946.4","11343093255283.1","10832288529245","11531264426269.3","11674608127940.3","11679568461849","","",
"Oman","OMN","Industry (including construction), value added (constant 2015 US$)","NV.IND.TOTL.KD","","","","","","","","","","","","","","","","","","","","","","","","","","","","","","","","","","","","","","","26068465603.9175","26101508392.5639","28190087991.5891","29400050661.9538","28832127732.0936","27194444519.8059","26866540735.2523","27681825652.3405","28403489334.9305","28716936899.4513","31699736966.22","34610255932.8246","36040274397.0221","36496448451.3906","38764009822.2505","40015964369.8534","39550152835.463","41794538361.5085","44292251933.843","43311753073.5228","43510698196.8314","42505187781.2163","42486371748.7927","42984308216.5893","46430625179.6479","46432001962.5082","46445769791.1108","",
"Other small states","OSS","Industry (including construction), value added (constant 2015 US$)","NV.IND.TOTL.KD","","","","","","","","","","","","","","","","","","","","","","","","","","","","","","","","","","","","20444967003.0712","20838525194.613","21820249211.77","21384856214.9487","21845684048.616","23140304259.8792","23577588294.3662","24462733950.3492","25604265796.6162","26175214686.2363","26925398083.3276","29076457646.6545","29655127218.5133","29134248554.6253","25980117219.8865","26804767777.3268","27644880011.0935","27348912482.0343","27033824854.13","26936190518.8115","27479785404.5138","28442447909.8182","29509769992.0652","30772407256.5036","32243797977.6392","31482351149.6086","32438771754.49","31190976055.4678","30840065474.1524","31368434969.2329","",
"Pakistan","PAK","Industry (including construction), value added (constant 2015 US$)","NV.IND.TOTL.KD","1728358048.25233","2036566470.54225","2226492442.09102","2502790315.7484","2876506131.37039","3198674603.41058","3455256314.90638","3578256826.30445","3760773717.04963","4211114299.22422","4853229875.69943","5163376327.0281","5086666330.86743","5613055617.94773","6085218873.91921","6204251627.39732","6508446441.83555","6700221433.55436","7337707958.25185","7897161899.07316","8747584792.83629","9568249499.52342","10595743570.247","11118970662.5552","11904239507.5922","12836756713.1531","13876549878.1219","15076232642.3283","16556916571.8474","17326981925.8439","18441083213.256","19387948652.7515","20776901855.6402","21794488158.3829","22640910874.8459","23578894152.2944","24692653208.4955","24612366894.7277","26117479016.3585","27402743300.977","27751220060.3518","29598958874.2884","30147982553.3147","32105521904.9858","37623843787.8674","41018403711.8668","42364462588.4824","45442792345.9284","49431085401.3293","47381797215.6995","49254483064.4473","51655548579.8218","52860363369.5675","53471077696.7303","55790133902.0439","58800706799.2706","62337518347.0948","65209628379.2543","71197850804.6699","71374285218.7262","67273735754.263","72788646704.745","77890824339.7089","74869525371.9827","73982158189.2776","",
"Panama","PAN","Industry (including construction), value added (constant 2015 US$)","NV.IND.TOTL.KD","","","","","","","","","","","1527352998.11876","1716878501.21007","1783073136.95087","1983747319.94709","1924520517.26294","1983747319.94709","2056212931.11398","1898042751.28422","2134252809.99826","2293816704.18052","2523058929.83791","2664701102.23937","2794355672.07432","2388987858.73088","2488673643.39782","2668486506.14491","2785207196.71641","2829371761.48897","2234096477.81376","2150183700.52748","2359019072.65426","2701294516.65218","2958710777.64325","3410135899.96272","3556194394.63867","3606037501.86012","2893647423.06387","3132683447.66582","3313173538.27665","3753532974.69837","3728023182.2876","3391766566.98046","3425608197.74254","3782499873.97723","4155647076.05111","4393781025.45893","4897601742.54555","5696829006.83343","6603980918.06343","6835411362.07261","7322497348.58858","8568973276.06032","10341920567.1658","12098197457.8012","13396189075.1065","14822496800","15781849589.323","16899790886.7608","17325853034.8754","17609016096.4477","11550495024.2025","14975254851.8337","16868728749.5468","18702944382.0028","18144707290.9048","",
"Peru","PER","Industry (including construction), value added (constant 2015 US$)","NV.IND.TOTL.KD","8770385740.78634","9653551541.71351","9945827305.17824","10313108776.6165","10993794379.9626","11582923720.0548","12581239128.9976","12900277492.4904","13130224569.0476","13261572592.8697","14382784678.2573","14649354260.1161","15307855076.5969","16227291243.3516","17662259600.1213","17586901752.6737","18301744885.0031","19088776609.5136","20607906300.5821","22698206218.566","23771879474.9564","23797585656.5623","23899353964.5639","20380424200.3433","21333313617.1331","21993222991.5101","23472913061.4846","24997324844.6639","22035127588.9226","19589518941.6182","18453869137.7944","19201109101.7368","18904607664.5834","20300488539.7331","22682007802.7596","24093734954.2416","24685329270.6522","26572092572.633","26655549627.9837","27009097659.9339","27520052036.7861","28433149693.0078","30754453105.9711","31957713688.8133","34021603146.2432","36840127496.5705","39037477814.6669","42440201552.4497","46455647975.0863","45720732892.7358","49271707349.0953","51547936909.3796","53680141424.776","56842706041.254","56617336777.8595","57582198936.7672","60044005999.878","61281776251.1774","63020288834.5815","62984018468.754","54799944952.2674","64231296485.8529","65246162450.0762","64356658138.6161","66336738401.2211","",
"Philippines","PHL","Industry (including construction), value added (constant 2015 US$)","NV.IND.TOTL.KD","9467227768.6961","9985305355.87063","10386789987.4233","11407822856.4461","11903314723.8471","12574752816.178","13216819221.5123","14277102922.424","14943132402.8771","15652762204.9011","16507449761.6934","17706481863.7552","18995342575.4962","21534208525.8601","22859862492.9041","24745649506.9647","27553959517.1427","29604735539.7354","31239729176.4257","33483486775.9242","35127989041.9912","36825437593.2163","37632340828.0345","38018871906.0814","33822529197.8126","28559104949.7403","29234044062.1924","30390576448.469","32982865308.6138","35348828592.3535","36179390056.7045","35276667568.4181","35103950354.4435","35704731887.591","37752820799.4237","40211136700.008","42765056206.9969","45363168292.4824","44156301398.5679","43538515701.3392","46427542398.7225","47048719817.1833","48777696832.2558","51199299480.2819","53455590798.7823","56155563693.9313","58251329586.7066","61132112898.9059","64476955574.6293","63563897895.1215","69808149859.2289","70926276435.6184","76379102470.2785","81584720927.8317","87703869748.854","93410680263.0341","101059833269.956","108153685577.171","116052132046.682","122399752813.631","106339562083.736","115409697314.65","122937736838.34","127396609617.387","134581659823.287","",
"Palau","PLW","Industry (including construction), value added (constant 2015 US$)","NV.IND.TOTL.KD","","","","","","","","","","","","","","","","","","","","","","","","","","","","","","","","","","","","","","","","","33252381.2305355","44594310.9419085","54389958.5475203","42937866.6937431","39854002.2095014","39112156.4838259","35246239.137804","31746938.6160349","26239758.0107108","19123438.9019277","19858711.8925677","20067487.768319","19366965.6163767","17706255.4996304","17850316.2417915","22774145.5078125","26855963.7783632","24566754.7775562","24150945.3089114","31149253.15612","29834949.8207293","30065659.5310895","24291237.2948229","19512459.1429561","","",
"Papua New Guinea","PNG","Industry (including construction), value added (constant 2015 US$)","NV.IND.TOTL.KD","","","","","","","","","","","","","","","","","","","","","","","","","","","","","","","","","","","","","","","","","","","","","","","3605460974.70912","3778806255.43559","3653021378.05436","4205115180.2247","4710145373.22919","4312402283.51766","4217850861.62683","4300299002.90731","5982951957.02835","7560827073.42693","8471740351.85994","8868243085.84693","8200320491.66935","8817423947.63679","8155727238.41506","7511731198.51468","8008559805.81849","8137073010.82908","","",
"Poland","POL","Industry (including construction), value added (constant 2015 US$)","NV.IND.TOTL.KD","","","","","","","","","","","","","","","","","","","","","","","","","","","","","","","","","","","","70241555434.7534","71011987785.9053","72339465726.9033","73825711110.2645","75663902023.2439","74473934524.1183","73696374429.2574","72722265403.9313","77125342540.0092","84385866779.0383","87790112299.3842","96014048158.8046","104795172739.098","108107161378.153","112569786298.564","121918441836.602","133699822842.698","134282330985.431","130743541075.434","140561972906.398","148787637617.721","152210638015.652","154238943064.346","164513406424.453","170801716229.653","163185364879.465","167702262170.632","178365255800.206","177285059439.403","176344378056.192","",
"Pre-demographic dividend","PRE","Industry (including construction), value added (constant 2015 US$)","NV.IND.TOTL.KD","","","","","","","","","","","","","","","","","","","","","","154481496527.086","144533777320.729","130429312173.758","133934346883.502","138014813864.41","136828984490.468","145672481182.8","150464836391.575","148360971871.382","185922027545.87","147915055508.77","152246867979.656","142827305880.492","139066649550.22","138239251666.781","146013325697.83","164543453944.127","184740230144.099","193188944855.614","204658262820.35","212314639995.537","210338638212.012","204578432591.582","226244739263.59","236218104099.021","245867547634.319","256722227382.945","266339943276.347","273971184323.451","285978544678.158","302008017335.138","315115769534.715","327015479184.257","345548375918.526","352778671508.745","360807511814.323","365990164177.415","373278707283.572","389694039263.882","351440662633.739","348904885330.103","374160522356.188","380712089165.668","390141012283.671","",
"Puerto Rico (US)","PRI","Industry (including construction), value added (constant 2015 US$)","NV.IND.TOTL.KD","","","","","","","","","","","","","","","","","","","","","","","","","","","","","","","","","","","","","","","","","","","","","","","","","","","","","","","","52657700000","","","","","","","","","","",
"Korea, Dem. People's Rep.","PRK","Industry (including construction), value added (constant 2015 US$)","NV.IND.TOTL.KD","","","","","","","","","","","","","","","","","","","","","","","","","","","","","","","","","","","","","","","","","","","","","","","","","","","","","","","","","","","","","","","","","","",
"Portugal","PRT","Industry (including construction), value added (constant 2015 US$)","NV.IND.TOTL.KD","","","","","","","","","","","","","","","","","","","","","","","","","","","","","","","","","","","","37311773653.6281","40098519106.9535","42734265640.3851","44476255445.6514","45404911527.6562","47238371030.3287","48253838845.8138","47339193615.1734","46251250161.9363","46653988219.4895","45502141640.6633","45701872303.7561","46704856226.806","45417696376.7268","41398641212.1201","42068676281.402","41360582341.6027","38805277820.8623","38087420214.2168","38148317997.4045","38999309315.6695","39641596183.165","41434962982.0575","43175321285.5634","43686627601.3678","41172298590.538","43506477071.3771","44217912157.8237","45987579413.6675","47219388586.5446","",
"Paraguay","PRY","Industry (including construction), value added (constant 2015 US$)","NV.IND.TOTL.KD","","","1073122682.29254","1125888928.30863","1176197388.52359","1240109768.54821","1293234631.44051","1450800828.87041","1474640650.19444","1553095778.17478","1610856455.21901","1693309365.91439","1911236180.7892","2079305550.89586","2328927320.49588","2390754175.71344","2543142124.25205","3050013072.92871","3493880406.85994","3888594058.53574","4521157311.34354","4903938355.87427","4769563939.03516","4595788885.00841","4734686686.35402","4974324064.48295","5335017997.98778","5756725444.23504","6279998833.33665","6393459530.30043","6862773836.8441","7185265883.19604","7217186636.41605","7548060610.92756","7844767506.01728","8362482315.76016","8511393671.09954","8853642312.55193","8776474358.15331","8658826325.21241","8495279339.68994","8138266374.16345","8049339850.22427","8462635409.602","8705221890.08027","8700115518.63762","8966846204.43109","9061069927.72311","9808272385.81783","9692883617.36042","10069650457.7729","10589965907.4214","10926565976.2685","11589310833.3395","12054696700.3856","12522734779.8469","13370678611.8475","13840414119.5999","14084333371.7402","13679967947.657","13790033876.8986","14485651965.8927","14575703277.076","15161947259.5734","15500964148.8525","",
"West Bank and Gaza","PSE","Industry (including construction), value added (constant 2015 US$)","NV.IND.TOTL.KD","","","","","","","","","","","","","","","","","","","","","","","","","","","","","","","","","","","1425200000","1361300000","1245700000","1276100000","1463800000","1731400000","1319600000","1269100000","1004800000","1281000000","1409100000","1702200000","1324900000","1309300000","1562900000","1885400000","2250900000","2527500000","2678700000","2949600000","2416400000","2295000000","2609700000","2913000000","2977400000","2963800000","2388800000","2497000000","2584500000","2208300000","1497800000","",
"Pacific island small states","PSS","Industry (including construction), value added (constant 2015 US$)","NV.IND.TOTL.KD","","","","","","","","","","","","","","","","","","","","670267701.176489","678084630.423448","700906405.651579","684808098.610069","638313797.91401","652914462.794826","621600568.674806","676329008.15055","606991015.923279","578405835.176929","704614400.155578","730799939.721506","714647605.34172","760651193.722504","796402218.600234","849310501.826907","868413881.527384","907939251.542696","903160841.578532","920090854.040387","975328881.04602","974317385.927095","1038654505.1843","1072113735.72121","1072011679.99239","1130725182.84664","1089120349.03741","1113476402.82857","1094185002.20786","1206265235.23956","1178475729.95295","1213635880.69382","1208017052.21953","1175218038.07152","1166503082.13994","1211930427.7688","1281760608.1559","1374329412.40333","1428042501.7068","1449520956.22196","1468305663.44981","1313370584.26786","1263158390.08451","1314131039.68431","1338005098.10758","1423685433.84732","",
"Post-demographic dividend","PST","Industry (including construction), value added (constant 2015 US$)","NV.IND.TOTL.KD","","","","","","","","","","","","","","","","","","","","","","","","","","","","","","","","","","","","","","","","","","","","","","","","","","","","","","","","9607722834281.96","","","","","","","","","","",
"French Polynesia","PYF","Industry (including construction), value added (constant 2015 US$)","NV.IND.TOTL.KD","","","","","","","","","","","","","","","","","","","","","","","","","","","","","","","","","","","","","","","","","","","","","","","","","","","","","","","","576514510.014641","","","","","","","","","","",
"Qatar","QAT","Industry (including construction), value added (constant 2015 US$)","NV.IND.TOTL.KD","","","","","","","","","","","","","","","","","","","","","","","","","","","","","","","","","","","","","","","","","22298788408.3042","23040643896.883","25071481773.4689","26270343161.4428","30619900610.6023","32585211266.2457","38175068896.365","44410259972.3778","53907829662.377","58089273610.3971","72898589380.3553","82924431025.1959","85121226969.5405","87551806652.6568","90059824339.4453","92904670329.6703","96781271395.1329","95596377022.323","96320436506.5371","94812535868.6499","91948240947.2561","92559692178.4654","94123490039.6963","95121038477.2994","96071933331.3516","",
"Romania","ROU","Industry (including construction), value added (constant 2015 US$)","NV.IND.TOTL.KD","","","","","","","","","","","","","","","","","","","","","","","","","","","","","","","","","","","","33821417432.8692","35599499533.6909","32418373251.0103","30268965929.3583","29642308703.3399","31212710589.7602","33912115881.0919","36173066540.6739","37994283054.0277","40928419417.6811","42740501333.1543","47381587313.9031","50575983500.3071","60151049010.6806","57669161793.7437","55043032196.7494","56863912735.9396","49667792739.3752","48617235792.4546","52313923067.7125","54809623465.9546","55744274299.386","59415618049.913","62172120294.3456","61948921923.2727","58882801638.0295","59784019145.4194","54899357484.3045","54842509700.269","54208261087.8324","",
"Russian Federation","RUS","Industry (including construction), value added (constant 2015 US$)","NV.IND.TOTL.KD","","","","","","","","","","","","","","","","","","","","","","","","","","","","","","","474020070815.933","439458578546.245","344553019083.484","298907007206.883","239541037195.046","228637909746.575","215896186072.187","217795236047.918","206775941091.4","226384428722.287","253870527087.451","268520844027.126","278622391232.287","303839746275.56","333340468436.905","346965834189.641","362532742695.62","379960581402.865","386994201159.944","346706637335.945","369629274088.017","393259243247.749","407426628940.636","409070006101.882","409445758455.064","406236699281.971","413071879567.702","420536720165.276","432658678128.154","439367567754.219","427299338130.183","449732450465.059","452015046482.097","472539952016.695","491813942202.101","",
"Rwanda","RWA","Industry (including construction), value added (constant 2015 US$)","NV.IND.TOTL.KD","","","","","","189940804.113241","194172788.179364","197791796.980553","202230245.813628","206783849.874303","212510809.05573","218383917.661358","224452182.78629","232512671.134833","238223304.032786","244867531.832733","252857268.572163","273420082.144795","287062395.433815","303162528.317474","387912975.543826","358132959.203348","393614387.46391","463430665.742202","448090343.782152","469395841.411292","490523695.411431","474963613.259677","455420771.422607","468003884.145387","478217298.56977","368914730.666068","421418306.568882","367626305.873777","127394738.286893","189050297.945996","221286404.234516","260660097.628729","287385059.176256","382589270.471461","388656558.522637","438659150.477619","470096977.864435","491993025.096546","568253182.361096","620867276.518215","693696399.682026","756305805.47046","870487802.721765","881994652.885897","956079124.993133","1126392063.01256","1220148480.44242","1334234366.90538","1368158923.11008","1490601065.6612","1590300021.06357","1614262297.42369","1753861560.62215","2043853521.57458","1957677519.39296","2218598823.50305","2328593719.26989","2566501464.09908","2822055722.76852","",
"South Asia","SAS","Industry (including construction), value added (constant 2015 US$)","NV.IND.TOTL.KD","30577223534.7263","32443128514.3414","35152197307.3205","38229140982.1506","41538927241.6941","43484793802.5034","44792629798.4246","45713250648.7726","48571266133.5055","52129218892.4608","52552819936.1848","52820204355.7501","52850914893.5527","54625707770.3584","55923662714.6222","59083577068.3921","63709802759.951","68144850413.6542","72834387991.7581","72125871610.4276","75660324430.8631","81579358346.0823","83298638698.6531","89108016480.2667","93049609453.2244","97455123533.9814","103517384836.024","109447836562.895","119111379096.253","128316848445.588","137946928732.452","139401844058.834","144412070315.668","152461413279.005","166204627450.948","183826700016.856","194922397115.328","203900409575.151","213011670679.68","225343095353.976","238662400269.987","245119762680.482","261878659871.625","279988139604.241","306064783851.44","334670386556.398","377299832164.943","407810313522.537","425220430860.807","461121414180.282","497284877518.853","518613574971.159","538875284198.105","561392928456.677","601886646514.986","657259588843.788","709319064379.144","754563939311.363","795966976778.844","793432578513.351","791170993309.871","884333408117.615","907937175784.542","998303027430.155","1055501322017.13","",
"Saudi Arabia","SAU","Industry (including construction), value added (constant 2015 US$)","NV.IND.TOTL.KD","","","","","","","","","48001128165.3996","50410111018.7698","82351212953.9126","96728884499.2042","117827255616.85","146297002674.958","165130080762.568","139754310308.357","169434971919.543","180510404976.597","169226268446.949","191587954545.139","202298490911.053","203621895728.404","149836515371.885","115106677641.488","106565418369.908","90099571841.0801","112076672054.931","103924334663.934","116569150154.907","116040828853.822","136966626814.353","161106218333.615","165337882675.988","163750902095.949","167475355063.605","172288765116.082","179980961126.326","180695938209.685","186071013322.968","179124333060.976","192098943318.098","188628267999.882","181246096712.775","206680378741.065","224581196470.559","236323608254.263","238752425713.636","236893591669.841","249257777202.437","231005325080.732","237647643393.18","270001845067.616","283218072147.277","284233365297.235","293438388281.233","309270933333.333","316796784411.517","313234454197.892","321476020130.749","317491766688.852","300289826866.603","318221691752.246","370344067954.257","354872871410.826","351817935151.884","",
"Sudan","SDN","Industry (including construction), value added (constant 2015 US$)","NV.IND.TOTL.KD","","","","","","628828582.435035","783062198.135952","759080307.503173","755977680.177156","725337619.159646","709112835.100249","689785155.284702","645893840.814675","665092155.480951","753844354.062313","877567543.723196","992887200.913397","977631853.678314","913637202.561236","940463257.25355","1025143123.25445","1127405306.98494","1261858729.78281","1424930100.04486","1340123154.74505","1346172013.89262","1246551609.08578","1465173352.53691","1482579103.35599","1462704375.51154","1460111948.58635","1723914937.72634","1704780902.29046","1843039617.22071","1751813496.62762","1856742136.67906","2210783447.28903","2368274482.22999","2576422896.95854","2876673045.78256","4293577589.54776","4706614810.38154","5604877105.24865","5557762024.56846","6091266914.40705","6621276620.21891","7554770370.07537","9191634953.46901","9078418952.47549","8966597529.90862","9369185129.15404","9049761798.83305","7464432305.83978","7675462709.5094","8105134909.19996","8313116393.93939","8440867467.22644","8504569852.45327","8342983021.06244","8284582130.96733","7812361797.85326","7757675309.72703","7700268449.96912","5713599138.42798","4962275218.88835","",
"Senegal","SEN","Industry (including construction), value added (constant 2015 US$)","NV.IND.TOTL.KD","603589831.314511","641594217.260485","687535218.121663","675676399.501089","726442600.566027","751576460.508188","767072882.466741","801587640.263544","831876101.138007","850894436.976256","924150249.509082","947394882.286552","966413218.124802","947394882.286552","1055869835.3381","1082636382.33287","1199563928.87462","1260845233.68307","1147439601.00414","1274522944.01913","1222579148.27933","1269563734.5004","1336091056.25815","1321735314.01541","1384211583.33076","1389653268.45852","1444085725.1836","1585569260.91333","1622672585.13243","1610246267.50297","1653630830.95823","1707718030.8558","1824849251.18076","1815801849.80689","1840837245.76484","1939759331.39222","2030475269.30252","2108883167.1545","2263677166.21111","2302145084.29381","2497829223.14889","2648508484.33452","2809954250.26922","2850959328.6856","2972857363.06684","2978160481.99889","3012099752.19712","3109906966.06235","3045680701.50929","3192641997.7303","3242355068.84501","3530855121.41539","3559478050.55847","3692674804.87224","3820246602.67097","4194242110.54768","4343936329.64017","4652231423.38704","4955387963.41621","5204085247.52098","5124964399.05183","5488524889.7348","5628336157.38807","5921244596.61572","7028473235.83109","",
"Singapore","SGP","Industry (including construction), value added (constant 2015 US$)","NV.IND.TOTL.KD","1107208980.08251","1231732210.359","1354413513.52284","1564422780.21538","1686715045.39903","1871287238.43762","2071318890.10727","2377662877.25728","2823672621.63736","3348413631.79816","4050920798.469","4722388007.59347","5541339610.65639","6036014842.57236","6288437946.65055","6460924021.82098","7185186183.56152","7650330197.68843","8194609723.39192","9180664483.60664","10091821592.8018","11163518978.1948","11737021759.1129","12972364259.848","14251178310.098","12845191383.3031","12648787566.4885","13908209871.0025","15728943773.0935","17012778116.0614","18565418382.8017","19933532776.8989","20923957230.9203","22883610641.3544","26162703107.6682","28650451875.6933","30473061589.6569","32438621933.7006","32525055552.5249","34790249231.7204","38657173385.7036","35228116378.4482","36936347535.1408","37523002636.6992","41645671339.9887","45085844161.9843","50188736311.8942","53779170658.0838","53354420380.7757","53638976306.0753","66553324386.7401","71053393413.7072","72593566890.3315","73924024875.8933","76735181350.3537","74806757223.6467","76777044351.0992","81987668321.4227","86598709217.5368","85697490735.1845","85548721473.6421","98806583019.6571","102675401669.303","99926236575.5642","104109868601.458","",
"Solomon Islands","SLB","Industry (including construction), value added (constant 2015 US$)","NV.IND.TOTL.KD","","","","","","","","","","","","","","","","","","","","","","","","","","","","","","","","","","","","","","","","","","","","148668314.86691","142625641.071944","137653896.810453","153080321.057409","166807632.25049","185355119.527059","184845736.741185","209281422.942554","265267630.186709","262811434.027971","243991736.214979","211959873.538224","203408833.010506","213561817.258451","233755853.61865","236833926.338111","245107769.137202","235704304.913664","242909891.110052","247994022.743366","279056115.355083","302303760.509674","",
"Sierra Leone","SLE","Industry (including construction), value added (constant 2015 US$)","NV.IND.TOTL.KD","","","","","305019044.647706","336165073.025184","332467257.149941","317238617.190796","307185398.110024","332417657.208762","366545704.115304","371770743.64584","360741959.743084","357087730.386478","360841158.186134","358046764.773348","335145910.170112","299959640.508795","273884106.126785","279869739.978896","296536920.723549","274393567.372229","265758625.080797","260207900.715527","274865753.458023","248433737.400169","273028203.807618","267978870.496265","276462748.935042","302259108.232447","590567048.819147","621999318.584584","752304933.440645","707110557.396816","705239890.15552","589063962.21843","621698805.791251","575134780.737477","540028085.571951","460528704.152022","483910954.96476","431650898.338252","566367113.237005","710532370.616319","791316317.576778","798659663.262869","845509089.593016","855151161.135486","837448719.025317","779192955.155937","873985350.503884","1012952650.17748","1388661261.19073","2004939434.50677","1456825879.10448","1129776280.53586","1325092132.08019","1318052965.20969","1281040751.09649","1395917503.67699","1315244846.89355","1419984302.37737","1560927541.69871","1785601967.53024","1842492999.07823","",
"El Salvador","SLV","Industry (including construction), value added (constant 2015 US$)","NV.IND.TOTL.KD","","","","","","2516351314.25484","2844082472.06678","3018018463.58595","3083955073.52136","3154618603.91412","3269811193.74202","3418674045.57088","3670466515.61012","3804155739.13751","3955416154.2984","4015495787.06158","4329628523.5274","4809373987.5462","4998483867.48367","4534494631.90911","3606824901.56547","3105055184.79309","2913102071.04946","2930228372.55931","2891694000.31553","2891043195.95168","2936702050.99204","3060354833.46195","3183904789.36657","3270907148.34634","3340968033.7155","2940267907.22","3069609908.38519","3374682967.30701","3623537134.81031","3793458751.24883","3915455728.27325","4124067538.84993","4401825550.84411","4448194949.75153","4444131766.03137","4630612697.79641","4772474161.65759","4861556233.118","4730771774.92623","4806428938.85051","5019573334.81447","5135342499.40714","5414646320.19092","5094976438.06485","5240490458.46869","5571723427.17834","5685180034.02303","5728962759.69961","5835115444.83378","5927280000","6005803710.94945","6140978980.92855","6232249409.31512","6505617900.17801","5760486338.07175","6317877387.4166","6427629414.35282","6667873814.09488","6691372689.00875","",
"San Marino","SMR","Industry (including construction), value added (constant 2015 US$)","NV.IND.TOTL.KD","","","","","","","","","","","","","","","","","","","","","","","","","","","","","","","","","","","","","","","","","","","","","","","","","","","","","","","","454551357.23175","475067234.687532","472655478.687367","535353819.860067","524713152.188856","501608842.426038","587694049.231589","650722872.574894","621538814.702239","","",
"Somalia, Fed. Rep.","SOM","Industry (including construction), value added (constant 2015 US$)","NV.IND.TOTL.KD","","","","","","","","","","","","","","","","","","","","","","","","","","","","","","","","","","","","","","","","","","","","","","","","","","","","","","","","","","","","","","","","","","",
"Serbia","SRB","Industry (including construction), value added (constant 2015 US$)","NV.IND.TOTL.KD","","","","","","","","","","","","","","","","","","","","","","","","","","","","","","","","","","","","5985632338.45775","6532295820.62913","7188489991.30413","7587788098.81979","6339595897.24632","7204842942.08348","7403396654.39676","8188441479.92394","8467736292.3102","9165141740.88766","9676870709.2563","10047333302.8954","10619867710.9053","10882126302.8493","9638529551.52299","9672801904.52283","10142070685.9522","10162263721.2793","11094300026.7093","10518267530.6525","11001610354.795","11203356633.1308","11491646223.6331","11771163251.0776","12359030400.5131","12096733646.3024","13150884580.6448","13313747321.0668","13777804307.8172","14343851710.3028","",
"Sub-Saharan Africa (excluding high income)","SSA","Industry (including construction), value added (constant 2015 US$)","NV.IND.TOTL.KD","","","","","","","","","","","","","","","","","","","","","","221621316483.417","210052432118.465","196920656020.603","206549578646.69","210063540059.324","207710114785.385","211434842166.372","220978001242.744","223971997951.186","234458489888.91","227001531003.756","226916451145.278","219024028147.362","217458530401.079","217359666175.128","226167554651.911","231368214220.93","232434469399.417","230680271977.222","242672469030.616","249915130986.946","257662204091.023","271290711662.951","283984489877.503","299513544765.641","310857901771.369","323316489425.543","327426264993.925","325917107673.168","342410106229.363","361370925594.119","368356328624.024","379899671577.69","394650686599.817","396227981670.376","388549150802.875","400781262876.523","412213557514.98","421944472827.479","384941050957.598","389633198406.428","406228043338.867","417579525194.244","431353341434.228","",
"South Sudan","SSD","Industry (including construction), value added (constant 2015 US$)","NV.IND.TOTL.KD","","","","","","","","","","","","","","","","","","","","","","","","","","","","","","","","","","","","","","","","","","","","","","","","","11206452375.1994","12568508929.0234","12697861531.8801","12284914650.4116","5882555123.17349","2891565609.13482","6280811960.28614","3970616419.73253","","","","","","","","","","",
"Sub-Saharan Africa","SSF","Industry (including construction), value added (constant 2015 US$)","NV.IND.TOTL.KD","","","","","","","","","","","","","","","","","","","","","","222512725239.504","211093771030.566","198115202592.345","207803226501.73","211462428425.676","209196793044.7","213021597286.997","222466879888.86","225430506404.067","235810531553.002","228058794027.903","227682830765.369","220131406695.041","218676220108.165","218732189192.389","227627539182.829","232918433087.701","234095722765.403","232434474218.725","244542969608.011","251877703423.173","259808690965.148","273537963455.432","286502733274.056","302300159008.606","313944603317.059","326687158206.368","331123778810.563","329933127826.81","346839334373.081","366481833577.038","374411257106.595","387299839825.709","403284912587.319","406552254234.771","401316271178.973","416123638194.586","429498716890.408","441374821078.616","406237534309.612","412429898823.918","430153498105.508","443194968361.374","459318078346.591","",
"Small states","SST","Industry (including construction), value added (constant 2015 US$)","NV.IND.TOTL.KD","","","","","","","","","","","","","","","","","","","","","","","","","27460308050.1836","26870995308.2182","26307107980.4557","26560366351.428","27173917710.8051","26973202796.9821","27683078901.6497","28364372830.1922","27826084804.2074","27280042949.3188","28019495693.6669","28227991202.2417","29140121408.5697","30590738516.1943","30753374459.8609","31712020510.9831","33849094971.588","34624561608.5003","36049227579.6551","38904728221.5087","40295299981.2227","42221537574.9219","46237659612.1811","47105245324.775","47127167864.6728","43330032960.4255","44026561396.342","44635273064.7856","43942439320.8992","43850478492.9298","43770751812.863","44241488064.9471","44909671634.4253","45985562703.7636","47091724866.913","48417657443.3759","48003409143.4772","50202340849.6253","54121345185.9882","57669047697.9974","66282170730.2849","",
"Sao Tome and Principe","STP","Industry (including construction), value added (constant 2015 US$)","NV.IND.TOTL.KD","","","","","","","","","","","","","","","","","","","","","","","","","","","","","","","","","","","","","","","","","","","","","","","","","20389832.3069268","23840409.8616666","22725205.1224056","20372853.4995395","23001950.7043226","27189464.2608517","29231367.8653171","30366552.1196444","31136009.1769414","33307231.4685651","34702792.0900058","36032686.8312757","34939767.6627463","33552164.82356","35763568.2449399","35151329.3679307","36311322.6227543","",
"Suriname","SUR","Industry (including construction), value added (constant 2015 US$)","NV.IND.TOTL.KD","","","","","","","","","","","","","","","","1055078419.40698","1179002581.46316","1300708553.39429","1283434735.6649","1199610717.69652","866108289.745533","900951726.638856","768214823.979042","683595048.624873","706824006.553755","741667443.447079","803058260.872365","660366090.695991","794762204.511005","814672739.836806","819650373.595086","830917060.398336","823405939.179909","733272543.095362","752989214.342516","747355917.33113","793361483.57449","775522577.997798","832794855.337088","779278109.338721","872228168.563106","978322675.285593","966117095.988576","1014000457.17069","1157650540.71702","1275950568.19994","1307977599.2217","1360333125.82116","1470507368.73099","1337569859.74928","1431354533.52639","1512847052.40517","1351227819.39241","1427257148.56028","1389925386.34874","1397408058.78946","1219532368.82611","1461035564.77702","1513579462.08981","1439834493.67468","1188378030.40214","1058451116.24867","1084952879.51679","1107401233.26586","1132663454.9299","",
"Slovak Republic","SVK","Industry (including construction), value added (constant 2015 US$)","NV.IND.TOTL.KD","","","","","","","","","","","","","","","","","","","","","","","","","","","","","","","","","","","","8165304384.53504","9731734354.97795","9724866131.51617","10737920555.8073","9997009066.8561","10546899785.4874","11141955676.4753","12244543052.6694","13629261864.0646","15711566820.3017","16673515797.0825","19485147952.5161","21535337260.5466","22882766408.9269","19975169936.9099","21944327464.4959","22634557309.1684","23065637503.3597","21759674789.6536","24752614386.3645","26692829768.6156","26400727910.4684","26793139574.7324","28543359549.4585","29423418092.328","27031968764.1045","27138727007.5437","26299736202.9434","26184041937.8105","26817341551.221","",
"Slovenia","SVN","Industry (including construction), value added (constant 2015 US$)","NV.IND.TOTL.KD","","","","","","","","","","","","","","","","","","","","","","","","","","","","","","","","","","","","7267681468.63884","7665842156.45013","8176632175.05028","8291361102.21803","8757443997.31888","9193457710.62688","9349834802.74092","9654973322.52168","10210202858.6343","10680768418.4474","11068568629.4168","12092199607.362","13367085105.9296","13716198799.2378","11787944293.1109","11752538857.549","11696552088.8183","11269968048.9197","11060802767.1428","11648067807.2994","11799435484.5769","12219876221.8213","13133678741.1244","13759768861.7259","14637097636.9822","14309474925.6519","15472741226.7011","15391063225.5036","16322189265.962","16727063373.5298","",
"Sweden","SWE","Industry (including construction), value added (constant 2015 US$)","NV.IND.TOTL.KD","","","","","","","","","","","","","","","","","","","","","55091315081.5534","53276901654.2491","53607675136.1151","55508403599.0787","60571581707.763","62284304122.0353","63316437006.8789","64787653742.7811","66138981347.2244","66615418217.1353","65480005708.2133","63724497319.998","60986318297.6092","58748588231.3633","63978716728.754","70292810796.5917","72131162173.5111","75227038428.514","79740871630.8417","84954860081.0251","90811114809.747","91966204188.2211","95833897500.6804","96885152575.4538","102834266375.775","105321017249.172","111199437642.726","117007272229.826","111076558083.32","96144539609.265","108526215423.926","113320347446.089","110168196226.489","105228588578.831","105035338413.602","111728723590.813","111645548547.537","114671807398.919","116912476352.561","119211249476.149","117685261812.85","125742265778.454","128875048941.404","123868513897.993","122530719185.132","",
"Eswatini","SWZ","Industry (including construction), value added (constant 2015 US$)","NV.IND.TOTL.KD","","","","","","","","","","","","110741337.818734","124463224.149379","133137454.786468","135649916.778857","129067501.851322","131102478.318895","169232686.495877","202883691.219409","200200701.531027","199328521.757556","220784204.005211","224796250.90327","218690962.578835","216038810.248012","210953168.672693","282351322.37023","438692059.216797","532004397.715972","576145288.43469","685952841.55517","690803062.951874","726128617.273534","735095654.762042","765306819.73214","799323771.766262","812668990.35642","863411116.511114","885967557.077885","891676997.337219","908991642.166081","915128935.855875","975134310.465592","994990351.440448","1008306182.46465","1037229688.88817","1157877416.55003","1244974219.69765","1198877744.42811","1169946130.44997","1274838661.37558","1290970296.18401","1341770057.06441","1401206505.23607","1424415472.01225","1444706518.75446","1520757891.25775","1551854716.00483","1517323257.15937","1607463876.89669","1441242152.32026","1659854220.39719","1649414040.26067","1641041307.41283","1760344578.62182","",
"Sint Maarten (Dutch part)","SXM","Industry (including construction), value added (constant 2015 US$)","NV.IND.TOTL.KD","","","","","","","","","","","","","","","","","","","","","","","","","","","","","","","","","","","","","","","","","","","","","","","","","","","","","","","107209916.738256","98791396.6480447","89429908.2945642","82018382.6754425","85209678.1171062","94378103.7191592","80441809.6702315","80814157.3815306","","","","",
"Seychelles","SYC","Industry (including construction), value added (constant 2015 US$)","NV.IND.TOTL.KD","","","","","","","","","","","","","","","","","","","34299133.8595694","43685763.9280988","45270341.4840984","48479254.0915631","42589184.5295686","43062865.1285249","48602792.2458187","59106434.195688","58617209.6173107","53960784.3234959","58970038.8725076","62928703.7375777","70645171.0449081","82989208.4977316","79096324.2963552","90100310.8571443","91147939.950665","113258677.139756","140174859.18104","170226111.147676","185389434.357754","172227285.084375","199464661.759126","197847290.294526","208977624.082675","184874261.679837","191042796.611904","222392985.287948","238415030.823423","239856977.525265","230581737.316801","211495426.533079","212288587.950091","259362879.502597","247644029.271415","189622935.835946","192455088.421698","203444716.715769","218025940.199799","208466059.945601","221293470.482886","221994838.348522","233620301.198626","202349134.737247","218247503.227592","249738576.789801","233756059.610898","",
"Syrian Arab Republic","SYR","Industry (including construction), value added (constant 2015 US$)","NV.IND.TOTL.KD","","","","","","","","","","","","","","","","","","","","","","","","","","","","","","","","","","","","","","","","","8568851586.45381","8640748610.00344","8355377980.35093","8190916026.5215","9321225935.30356","9296691680.13419","9566852777.32365","9897425568.8757","9992605970.15849","10319426129.4019","11579457714.1258","10434421566.4356","5569645500.87094","2340476486.95973","2577041000.55898","2550937098.8962","2173797551.87784","2666813835.94179","3030193731.16179","2877018103.29093","2758952330.73197","2629799235.44293","2277762524.24676","","","",
"Turks and Caicos Islands","TCA","Industry (including construction), value added (constant 2015 US$)","NV.IND.TOTL.KD","","","","","","","","","","","","","","","","","","","","","","","","","","","","","","","","","","","","","","","","","","","","","","","","185907620.487055","188697455.000311","124797487.94818","91850078.4977267","73058906.8656964","69694096.5183632","74373401.4574294","78877070.6915523","89051000","94253514.4601076","193241797.766105","221016273.506758","213839243.96371","183382163.929661","211456144.767164","252040934.187307","270209061.266012","294655702.597214","",
"Chad","TCD","Industry (including construction), value added (constant 2015 US$)","NV.IND.TOTL.KD","","","","","","","","","","","","","","","","","","","","","","","","","","","","","","","","","","","","","","","","","","","","","","3489652737.23767","3448730939.07973","3477532096.53637","3657153342.82815","3558804714.80938","3954909720.37308","4350028671.56713","5080205768.32631","5227501389.57093","5232956957.93074","4938367249.1203","3728114360.76082","4187134488.95588","4511476678.07498","4837331671.49451","4741788193.89849","4576306422.4768","4689533698.55121","4944512152.80842","4973393510.43913","",
"East Asia & Pacific (IDA & IBRD countries)","TEA","Industry (including construction), value added (constant 2015 US$)","NV.IND.TOTL.KD","68298504508.1088","54261633463.4911","52263383118.5914","55629079072.3241","62399949232.5467","70662841245.5091","79963253144.3919","75485845239.5335","76186788401.4221","92663911578.5572","113503325938.308","125883371634.612","136507046120.442","149746385630.448","156531898018.662","172588625178.501","181303297854.681","202594491160.21","224007919676.004","244282098650.376","271053226534.209","282208713358.88","291264315147.919","312052956953.067","341517702586.643","367665276452.969","398021409893.406","437466961378.516","487337168790.275","509907582090.821","534432304016.388","594528808290.898","683017678842.042","786024275080.017","904123372736.133","1020150794914.95","1134778035419.08","1226994428035.72","1255797970553.63","1342737588040.92","1458281736043.32","1555256231759.81","1689508139957.87","1873614644741.97","2056774226084.93","2269819235748.37","2529994279294.71","2852608756991.52","3092807286842.79","3352904763319.98","3733679741443.85","4083905743222.24","4410230664911.11","4735817163326.13","5053756466497.6","5343844310543.31","5659472357782.66","5982330898535.67","6320502949419.87","6603084147078.85","6679963946011.03","7187691107223.01","7377022664296.59","7685097990269.3","8089216063522.59","",
"Europe & Central Asia (IDA & IBRD countries)","TEC","Industry (including construction), value added (constant 2015 US$)","NV.IND.TOTL.KD","","","","","","","","","","","","","","","","","","","","","","","","","","","","","","","948927838199.948","889353588076.715","727911577567.205","645708649930.034","526119126281.225","508465782725.728","502620813467.967","514639391280.847","506009471594.787","524084013148.552","567698973797.232","582015749649.357","607918364010.792","660582010596.094","728012139526.115","771054053327.791","834860467697.389","893064571164.237","917835410755.306","853450148701.947","910044342544.693","985071257013.997","1003044770842.29","1025275026407.12","1049373564276.36","1065835961330.32","1092027213989.14","1136583194877.58","1172720601721.98","1188079024731.09","1166446678851.14","1246986887000.93","1252132374938.94","1292724015071.65","1328032801492.37","",
"Togo","TGO","Industry (including construction), value added (constant 2015 US$)","NV.IND.TOTL.KD","","","","","","220381546.29412","266693548.02374","313006777.598168","314603393.886795","336960207.837259","314603393.886795","322587786.984677","376885549.018661","415212878.902627","450345608.569365","461524880.632247","501006803.988671","576362207.359346","578122486.117588","576089343.64309","667533894.490013","563998014.218433","580345796.589311","542200989.744784","491795388.259077","562635703.811289","553099474.408238","563998014.218433","643611656.71417","686814321.6077","656301612.196156","702782382.397009","648740772.040459","458154369.861917","578802246.512814","698916141.24812","735432971.698505","752321571.262351","683881620.802397","702954024.158517","732924967.878396","740622979.647571","799534703.714127","827182194.194057","796188522.152321","836540800.554248","902629142.14473","851300924.195379","833445587.503415","855820549.059115","931036673.285237","1011143457.5958","980460558.462301","1199264931.77237","1322461452.19068","1316068343.42442","1278369305.22437","1298710034.24227","1406136842.73888","1387019184.04037","1463805229.34424","1562927208.85434","1650333018.83625","1757937663.61835","1999480380.15177","",
"Thailand","THA","Industry (including construction), value added (constant 2015 US$)","NV.IND.TOTL.KD","","","","","","","","","","","","","","","","","","","","","","","","","","","","","","","","","","66015040611.6847","72370241971.1991","80051059121.0709","85460334914.4179","81779462042.2868","72476044523.6778","77371962709.4575","79398146350.1548","81308121502.7926","88132931706.9241","96135663060.3988","103104448444.948","108533246947.934","114306829000.856","121871708547.508","124751416123.027","122369739977.092","135154385073.982","129522681070.114","138942417748.481","141133215803.939","140978680338.804","145185677632.176","149112523033.287","151681100871.321","156064077865.675","156111949108.049","147950816846.623","153341935443.328","153882931896.634","151144927712.637","152496405043.674","",
"Tajikistan","TJK","Industry (including construction), value added (constant 2015 US$)","NV.IND.TOTL.KD","","","","","","","","","","","","","","","","","","","","","","","","","","1971936196.62693","2050813542.1569","2097982353.40324","2408483711.00639","2463878843.89254","2495909165.24884","2312665214.17172","1652868963.7989","1486586915.31297","1100302143.71611","950980292.236181","742380543.183067","728615902.16428","781606444.195488","823844835.051298","895858621.50897","1024134262.39396","1107529134.56616","1217058404.354","1394399040.82129","1535134834.31824","1618871534.18911","1780230411.02157","1720927640.33102","1604260212.25516","1761237156.46805","1864389953.88769","2027329481.79579","2115302286.75242","2239037517.72718","2499644254.68476","2904712920.25297","3498753318.36555","4082752510.06314","4494015434.64832","5248085774.46547","5973332577.34937","6526432392.8043","7171363473.31393","","",
"Turkmenistan","TKM","Industry (including construction), value added (constant 2015 US$)","NV.IND.TOTL.KD","","","","","","","","","","","","","","","","","","","","","","","","","","","","","","","","","","","","","","","","","","","","","","","","","","","","","","","","19436857142.8571","","","","","","","","","","",
"Latin America & the Caribbean (IDA & IBRD countries)","TLA","Industry (including construction), value added (constant 2015 US$)","NV.IND.TOTL.KD","","","","","","304177920032.567","325074691700.185","341912108890.62","371743834639.986","403817484793.441","432249560069.027","460187382379.638","499370236718.758","545841627756.222","583097474020.765","594658004804.985","633055480834.327","657138902991.649","689465627057.328","742802107880.112","787712954815.087","781437214057.471","767636075779.633","726318261158.966","758508223722.124","782899599219.25","813759558419.047","836592624301.59","833378394718.333","847076186614.758","836230621528.073","861458176256.268","878214635976.603","913572508069.018","963737299221.899","946524077555.436","992730532885.667","1055465000315.77","1081210965203.15","1067799713715.83","1105900135998.47","1091377646964.98","1090907849694.1","1119171847229.38","1188191689455.03","1226367532845.38","1283848403855.35","1335763721899.14","1365442643948.36","1297199561630.07","1382812837777.33","1441222197099.6","1464283483077.07","1493162371744.69","1504242236057.01","1497763833926.39","1478780895690.27","1487223045481.14","1495704508778.13","1478227238260.06","1366538431216.07","1476860924893.39","1531974668545.21","1563636665867.28","1581009987175.08","",
"Timor-Leste","TLS","Industry (including construction), value added (constant 2015 US$)","NV.IND.TOTL.KD","","","","","","","","","","","","","","","","","","","","","","","","","","","","","","","","","","","","","","","","","247918362.696569","239469075.841925","185777967.395325","153829691.661515","55066991.5750766","50889421.7254841","44213877.360995","64096852.4280829","127661389.383911","197297352.401398","212858585.697227","236353948.327045","190188932.762857","268270883.981328","239058850.938072","292146983.261438","314436119.409804","231108679.834394","243327949.063092","592487627.898066","1292865029.56837","1365941911.41316","757975301.357809","326327896.971924","115484022.581958","",
"Middle East, North Africa, Afghanistan & Pakistan (IDA & IBRD)","TMN","Industry (including construction), value added (constant 2015 US$)","NV.IND.TOTL.KD","","","","","","","","","130890812980.741","150460509347.06","167883259030.967","190368323700.608","211335892848.854","236367968349.589","240737465967.388","227029739723.765","269302877694.398","254181689579.315","219305298397.643","195629033948.543","142818514365.25","144373855132.249","192552938011","200384745328.404","187581298130.23","192685293164.808","193807351066.651","209443224446.753","211613408672.784","218217943025.659","274289301183.107","260633207010.934","272412239612.272","276817494031.503","278457200014.59","289402654533.624","310541687649.809","332629202664.118","354996211064.41","379393127975.36","404035286868.775","413012014787.536","421546793558.951","426529568081.423","460538152573.194","480188445335.427","503860403617.325","530920488071.622","554207670780.766","550380085010.68","579526613513.041","556819556889.491","558445504818.152","541342667305.882","547613032035.586","543806390330.6","587536982236.405","611810397165.011","618560710482.67","618059753355.469","595963835202.577","623406910965.255","658676364640.594","671146977600.846","671462810947.557","",
"Tonga","TON","Industry (including construction), value added (constant 2015 US$)","NV.IND.TOTL.KD","","","","","","","","","","","","","","","","27181071.2980591","23950498.5249008","28956385.2224454","36979754.2889387","43373604.9747583","46894510.4274431","41934285.959372","43273651.4330761","55103165.0759994","56282592.8981749","54693163.7977082","53827558.9358382","49276976.2009444","50046402.7448289","53923737.253824","54480552.786984","48988510.7609343","49140331.1299461","51985092.2884978","57947921.4028762","63501192.095392","67464140.6558778","58579208.8783899","64259289.5053266","67237891.6441683","62856344.7457026","64130219.5918764","67346420.8593302","66653360.6236827","67042729.8995505","63666321.2297984","58649921.1111284","55616577.2580219","58629581.2998649","65394903.8566643","68081868.2572158","71292243.8009497","74012354.5605973","63337318.5048907","68375857.6168004","68023009.6648262","76492410.6594039","83854894.9196953","71513255.4588325","77009579.3901057","75130400.2756558","83977828.0733768","90214004.047947","84519277.8053569","","",
"South Asia (IDA & IBRD)","TSA","Industry (including construction), value added (constant 2015 US$)","NV.IND.TOTL.KD","30577223534.7263","32443128514.3414","35152197307.3205","38229140982.1506","41538927241.6941","43484793802.5034","44792629798.4246","45713250648.7726","48571266133.5055","52129218892.4608","52552819936.1848","52820204355.7501","52850914893.5527","54625707770.3584","55923662714.6222","59083577068.3921","63709802759.951","68144850413.6542","72834387991.7581","72125871610.4276","75660324430.8631","81579358346.0823","83298638698.6531","89108016480.2667","93049609453.2244","97455123533.9814","103517384836.024","109447836562.895","119111379096.253","128316848445.588","137946928732.452","139401844058.834","144412070315.668","152461413279.005","166204627450.948","183826700016.856","194922397115.328","203900409575.151","213011670679.68","225343095353.976","238662400269.987","245119762680.482","261878659871.625","279988139604.241","306064783851.44","334670386556.398","377299832164.943","407810313522.537","425220430860.807","461121414180.282","497284877518.853","518613574971.159","538875284198.105","561392928456.677","601886646514.986","657259588843.788","709319064379.144","754563939311.363","795966976778.844","793432578513.351","791170993309.871","884333408117.615","907937175784.542","998303027430.155","1055501322017.13","",
"Sub-Saharan Africa (IDA & IBRD countries)","TSS","Industry (including construction), value added (constant 2015 US$)","NV.IND.TOTL.KD","","","","","","","","","","","","","","","","","","","","","","222512725239.503","211093771030.565","198115202592.345","207803226501.73","211462428425.676","209196793044.7","213021597286.997","222466879888.859","225430506404.067","235810531553.002","228058794027.902","227682830765.369","220131406695.04","218676220108.165","218732189192.389","227627539182.829","232918433087.7","234095722765.403","232434474218.725","244542969608.011","251877703423.173","259808690965.148","273537963455.432","286502733274.056","302300159008.606","313944603317.059","326687158206.368","331123778810.563","329933127826.81","346839334373.08","366481833577.038","374411257106.595","387299839825.709","403284912587.319","406552254234.771","401316271178.973","416123638194.586","429498716890.408","441374821078.616","406237534309.612","412429898823.919","430153498105.508","443194968361.374","459318078346.591","",
"Trinidad and Tobago","TTO","Industry (including construction), value added (constant 2015 US$)","NV.IND.TOTL.KD","","","","","","","","","","","","","","","","","","","","","","","","","3903927877.63825","3705973666.50421","3525891067.88475","3236114279.58783","3488651404.32726","3453220600.20426","3508454642.12273","3610760204.51352","3510662758.67369","3300286611.54568","3566256818.97654","3321041388.59463","3567613196.71377","3634257530.30514","4004329360.8104","4510218603.71582","4979869550.84556","5322777856.10533","5793101682.05947","7329959340.36496","7919704445.14504","8708995250.09171","10227682602.3317","10672698721.9162","10783901774.7939","10573384798.6409","10375368735.7079","10008090748.7349","9708797733.02646","9836467720.06791","9725912373.79159","9656650722.97012","8907333752.68943","8739626638.106","8523260392.84464","8257022853.79179","7296342127.55545","7260288162.77775","7436411839.9945","7064870778.46331","7206402808.17945","",
"Tunisia","TUN","Industry (including construction), value added (constant 2015 US$)","NV.IND.TOTL.KD","","","","","","","","","","","","","","","","","","","","","","","","","","","","","","","","","","","","","","","","","","","","","","","","","","","12211526514.6346","11582391180.8597","11706372797.5634","11646421160.5389","11633523401.8933","11397744217.1669","11262445199.5963","11229104748.3939","11320561582.4262","11217736368.2439","10056224380.1775","11044253867.5684","11123475673.6365","11026869932.0026","10784310502.6127","",
"Turkiye","TUR","Industry (including construction), value added (constant 2015 US$)","NV.IND.TOTL.KD","","","","","","","","","19205210731.3142","20994232445.3694","21771502576.4591","23110184232.8126","25529313022.8571","28373843396.457","30021773342.9964","32205661484.7001","35364014773.2723","37259254418.9285","36950391159.5079","35680905525.9676","35336397504.8349","38034953683.7602","38779837955.5098","42009493916.7051","46320133165.5427","49892575590.5595","55406569633.3138","61130566443.6232","61253724000.3598","64277721121.341","68513037499.7853","70163961344.9429","74369943484.6568","80424149394.0209","76438253661.0484","83123077974.298","88784996151.6904","96987991853.1996","98116580856.6944","93704378731.2598","100502438222.556","90273196464.2178","96344968806.9929","105396233212.648","120240045338.253","133138282265.869","150106964792.235","161304573735.163","160134646009.622","142632636572.652","158981754307.563","189730997194.333","198712552069.998","220299813980.082","231324253316.704","242011167940.988","253934410909.298","276687288457.805","278721361460.895","271928021154.344","275127632799.525","315192357216.99","314320953162.921","324179759250.257","330833208923.549","",
"Tuvalu","TUV","Industry (including construction), value added (constant 2015 US$)","NV.IND.TOTL.KD","","","","","","","","","","","","","","","","","","","","","","","","","","","","","","","","","","","","","","","","","","","","","","","","","","","","","","","","2582545.1321849","","","","","","","","","","",
"Tanzania","TZA","Industry (including construction), value added (constant 2015 US$)","NV.IND.TOTL.KD","","","","","","","","","","","","","","","","","","","","","","","","","","","","","","","2411886313.9555","2415966944.13862","2417019255.81112","2323784454.96443","2361351976.28067","2316009042.12635","2470804066.7941","2635935129.19046","2907221039.30532","3124280290.46409","3261501936.80952","3502351055.71924","3875108213.0068","4352812668.01976","4877347721.90769","5402583204.98289","5918776434.98382","6475637409.38619","6870610473.28118","7103483668.47581","7754952206.32126","8672880333.53468","9039326397.14741","9986437007.06799","10582002376.5803","11610412546.2972","12974449697.9403","14355327493.7999","15751550212.4995","17378859592.0537","17817145101.0076","18547648050.1049","19345196916.2754","20273766368.2707","21370369771.3498","",
"Uganda","UGA","Industry (including construction), value added (constant 2015 US$)","NV.IND.TOTL.KD","","","","","","","","","","","","","","","","","","","","","","","671530120.595566","653929680.125964","708286729.164689","676294790.820992","644060722.263763","734013358.199944","874766583.590898","911801229.30764","965561260.08816","1044796328.46437","1132737528.2743","1227763221.99048","1387535210.06625","1668600772.19906","1945009566.29302","2165955326.21487","2354685939.91905","2599211251.88624","2863686748.3259","2957028373.84638","3176332237.67189","3477092430.10507","3755979289.88285","4190098280.38897","4807502240.4537","5269140462.43729","5733845383.37526","6063361476.39998","6540318748.28689","7279182479.54286","7501677233.74735","7662403026.68923","8148334495.27907","8780128223.91425","9179852933.17175","9808498573.87789","10283483208.1866","11213000706.5381","11577222390.7663","11979040185.8122","12593201226.2628","13100643427.3498","13819936809.3485","",
"Ukraine","UKR","Industry (including construction), value added (constant 2015 US$)","NV.IND.TOTL.KD","","","","","","","","","","","","","","","","","","","","","","","","","","","","","","","68167520117.5224","61338647250.2984","50915091976.0605","39581780429.5726","25809927845.8873","21983231622.6979","19895916023.0701","19052461142.5166","19039245851.2727","19801999507.9752","22043585853.9173","24303035315.3764","25869961737.7077","29560332587.58","32375833071.526","31962571384.8172","34018817939.5443","36880835692.4165","34612636982.3331","27574821851.5249","28937210649.1379","30250881768.1016","29418501053.4732","27231921671.3783","23293018525.0106","19779170213.2939","20394285149.6097","20756734476.4729","21309665812.1","21703321863.7044","21008288152.9179","21466285525.8842","12665709550.9052","13678555043.2174","14244051330.6474","",
"Upper middle income","UMC","Industry (including construction), value added (constant 2015 US$)","NV.IND.TOTL.KD","348156557505.596","346681042963.133","362050375280.26","378925624593.373","415329005583.917","449842784979.982","487495328325.864","507531634846.838","551637629512.194","618151755512.194","681118324464.168","736806878395.532","803585079161.374","884847688941.266","928580918577.503","950100760369.809","1028734456721.94","1057039087620.89","1077494102436.97","1123716741355.52","1145529576154.13","1153280785533.94","1189213342456.21","1180978363040.31","1241592533860.22","1302350006972.55","1360779771628.74","1435000686660.37","1482800088148.36","1524829871536.91","1585479743156.78","1636174374110.93","1711077077479.01","1823944696110.47","1954195760642.77","2053598716963.27","2215530207970.23","2378111108991.91","2442125475164.18","2523576087953.5","2693002707892.84","2772806648060.45","2923647697265.97","3142197452678.01","3420747257004.43","3690334459500.62","4034379237556.02","4430978442854.63","4700097356132.94","4862641791154.8","5349942702441.52","5754559612756.54","6103742723283.86","6444835821855.19","6762788459079.64","7034235409695.37","7365864311857.28","7721833427493.7","8042802236301.68","8281318990018.24","8266032268962.13","8916068422600.77","9135092626430.85","9485129555662.5","9889876570359.62","",
"Uruguay","URY","Industry (including construction), value added (constant 2015 US$)","NV.IND.TOTL.KD","","","","","","","","","","","","","","","","","","","","","","","","8101410130.10132","8018274202.93166","7404922677.06068","8105479088.71335","9129338108.49974","9393032545.92246","9328615189.9464","9060588472.71011","9334450200.6312","9916519596.99265","9730315971.33094","10155191050.2428","9789598334.01281","10037473714.6624","10564415250.1176","10985144136.8655","10674082128.6118","10280899209.7594","9752905208.20587","8874366421.13121","8989191367.40876","9330387912.39997","10514675979.5099","10667095333.589","12009322946.4527","11903750800.4354","12536364365.1648","13647629125.983","13454480920.4857","13350349514.0936","14007361678.0477","14602879965.3481","14674889494.4764","14845470165.2085","14368886560.2542","14660269302.2769","14535434918.1703","13384784935.1981","14324111318.2398","15147115304.8886","14624498139.4588","15264048278.4776","",
"United States","USA","Industry (including construction), value added (constant 2015 US$)","NV.IND.TOTL.KD","","","","","","","","","","","","","","","","","","","","","","","","","","","","","","","","","","","","","","","","","","","","","","","","","","","","","","","","3383977115000","","","","","","","","","","",
"Uzbekistan","UZB","Industry (including construction), value added (constant 2015 US$)","NV.IND.TOTL.KD","","","","","","","","","","","","","","","","","","","","","","","","","","","","7849295478.55387","7849295478.55387","8464969767.26652","8599579556.04665","8947505408.53719","7252916927.78791","6796164105.54122","6048022788.53381","5736452868.87809","5819587178.45287","5974277914.19114","6112616140.97632","6241177021.93848","6352141203.26481","6536077694.41588","6758304736.23826","6973014055.50478","7383282020.15368","7776139095.96012","8388751597.46893","9092932537.77933","9685244221.96","10643025491.9607","13417593844.3062","14115486808.3335","15192810403.6658","16687288789.7663","17925553344.5919","19411796035.2944","20548407802.5926","21656145121.6399","24024389016.4664","26267862214.8397","27180692967.7487","29389206521.078","31025933436.317","33090749501.3792","35486626593.0503","",
"St. Vincent and the Grenadines","VCT","Industry (including construction), value added (constant 2015 US$)","NV.IND.TOTL.KD","","","","","","","","","","","","","","","","","","36711246.2233972","43875366.844424","51945154.7614992","54549031.2863192","55723482.3737331","58095976.6279285","59941784.4240383","63282422.8624617","64724040.5452192","70935787.5862656","77992657.8713727","82102938.1435246","90974337.6818421","85021932.4501086","87413638.8164649","97670436.0351529","98122228.2177679","99577704.6376832","102102090.239103","101680206.618044","107260047.924966","110661714.544123","109297472.112717","99622733.0255605","101101569.761082","103589645.706591","116813350.158869","122404669.290152","128049551.601786","132722313.693112","139459796.592945","131200067.237252","125867955.639451","118278097.12923","117914559.115338","115437850.630494","120070109.24547","114388291.883649","117581481.481481","118096512.061777","122139502.117097","127871056.717815","121223483.442143","112015472.42443","118740300.287147","136273412.756352","139084008.208822","149244825.800082","",
"Venezuela, RB","VEN","Industry (including construction), value added (constant 2015 US$)","NV.IND.TOTL.KD","","","","","","","","","","","","","","","","","","","","","","","","","","","","","","","","","","","","","","","","","","","","","","","","","","","","","","","","","","","","","","","","","","",
"British Virgin Islands","VGB","Industry (including construction), value added (constant 2015 US$)","NV.IND.TOTL.KD","","","","","","","","","","","","","","","","","","","","","","","","","","","","","","","","","","","","","","","","","","","","","","","","","","","","","","","","","","","","","","","","","","",
"Virgin Islands (U.S.)","VIR","Industry (including construction), value added (constant 2015 US$)","NV.IND.TOTL.KD","","","","","","","","","","","","","","","","","","","","","","","","","","","","","","","","","","","","","","","","","","","","","","","","","","","","","","","","","","","","","","","","","","",
"Viet Nam","VNM","Industry (including construction), value added (constant 2015 US$)","NV.IND.TOTL.KD","","","","","","","","","","","","","","","","","","","","","","","","","","9158133823.08487","10160129428.7668","11019875790.6258","11570487512.0627","11270721580.1958","11526077825.2209","12414967885.2343","14002617645.4844","15770336371.2248","17881884373.6427","20314014506.7829","23251305464.6429","26185822772.5941","28368146871.8518","30548043663.1574","33624117529.7401","36505558631.5557","39149232589.7626","42821517049.1923","47072500271.2029","51035735520.9647","54756146545.394","58788495250.9055","61218423205.0505","64876716403.7605","58438882307.5427","62732694587.4602","67229308273.9944","70673673422.5049","75083064018.5311","81985566680.7351","88401476623.234","95725189930.0013","104329384264.406","112894166638.164","117837862507.011","121616748204.989","131564654131.428","136482873845.629","147729005830.305","",
"Vanuatu","VUT","Industry (including construction), value added (constant 2015 US$)","NV.IND.TOTL.KD","","","","","","","","","","","","","","","","","","","","40911164.3041024","38174579.2497224","36190174.9643592","45598518.7399833","29597913.3507825","30576356.8323225","33695143.9553785","34062061.243858","44672056.3543634","44824938.2302625","44763786.0041173","50359259.2546319","48280066.5287253","44029952.7376943","42837475.1541098","54028421.6551391","52927672.4107726","47332199.1602579","45558770.1861496","47454504.9230844","47415188.8460976","64989475.2592034","51268164.3908054","42002675.5809129","40089293.1675546","39198128.7558535","41268775.477159","51569587.6477043","46353654.7674536","59092063.7111813","75408235.6607091","84581986.9576324","68436184.6750475","53260178.9581373","57729106.3756385","54610030.9346846","81659491.9016126","85132412.0354478","91134666.4554347","95616699.2319315","87661746.3215995","91173982.5324215","89942078.7868347","72236738.7837728","","","",
"World","WLD","Industry (including construction), value added (constant 2015 US$)","NV.IND.TOTL.KD","","","","","","","","","","","","","","","","","","","","","","","","","","","","","","","","","","","10042729610891.6","10372602557358.9","10738790558025.5","11103663951731.3","11246282167428","11560102760488.6","12162518974028.4","12307253091832.8","12577793904492.3","13087157844433.4","13797520338083.4","14411636380882.3","15257724869508.2","16083330879720.3","16447232338353.6","15837779388132.7","17077082404405","17831031574877.5","18326286762494","18866274607847.5","19573756238020.8","20234992412563.4","20899878982355.5","21719608026916.2","22485922277771.7","22868683814519.2","22360939574298.4","23931824099667","24507176761493.5","25037721476001.5","25773788954243.4","",
"Samoa","WSM","Industry (including construction), value added (constant 2015 US$)","NV.IND.TOTL.KD","","","","","","","","","","","","","","","","","","","","","","","","","","","","","","","","","","","122968980.748426","125226595.008955","131065404.803739","128534005.258042","119150901.796649","121949357.715527","131971279.222544","151842270.631209","167145530.861596","181305476.084602","197150820.893388","203556916.542038","203010074.580005","210996007.328936","224801720.338116","166080348.380022","117189916.834595","125540453.75086","125013155.635107","119342868.655176","119686686.056181","119512377.234205","133048719.467354","125359116.001713","110146760.372115","121523593.309944","109858574.358109","101229966.225473","101136447.206651","99278967.4831192","103826554.784749","",
"Kosovo","XKX","Industry (including construction), value added (constant 2015 US$)","NV.IND.TOTL.KD","","","","","","","","","","","","","","","","","","","","","","","","","","","","","","","","","","","","","","","","","","","","","","","","","1250729694.90575","1330789510.76678","1383392645.56754","1500166916.6496","1556804810.97403","1626105355.26229","1617894380.38563","1696305098.43603","1785788591.82881","1913390509.15899","1987530097.8711","2015472069.17023","1995680149.99687","2150514798.4468","2236072957.94359","2310874722.04898","2370125970.33212","",
"Yemen, Rep.","YEM","Industry (including construction), value added (constant 2015 US$)","NV.IND.TOTL.KD","","","","","","","","","","","","","","","","","","","","","","","","","","","","","","","9228417812.30712","8818514178.17604","8634914266.22961","8262399664.01495","8482173307.23197","10844852440.5105","14750323502.8031","16025287919.9184","13063242732.228","16845316197.026","20244327201.39","19345031391.824","20216114362.4437","21326936590.455","23085729535.0721","26274590579.4057","27336690705.7587","28436783606.1183","29624996565.9435","30895703127.5854","33385754226.4424","29221023608.8068","22394310532.7619","23029185302.3231","23512618609.252","14374318644.9721","9963376457.1813","9466004613.44352","9360259711.19861","","","","","","","",
"South Africa","ZAF","Industry (including construction), value added (constant 2015 US$)","NV.IND.TOTL.KD","23807792236.0042","24894007169.3916","26659635818.8752","28828614894.5258","32002244749.7209","33996253029.9644","35448173395.4373","36494312095.5422","38228020927.1278","40477074042.2721","42868315437.1443","43797519374.3842","44071543560.4676","45689807743.5373","46172918500.9139","46351732222.8","47970231687.0826","47469710119.9434","48772070061.0142","51317420650.4067","53572277368.8052","56565289679.481","55162229379.2428","54416701642.2912","57272937141.1384","56483254963.2122","55478525756.5967","55047098439.0109","57566724949.1145","58540946025.1099","57896118647.3258","56069787444.886","55187247614.8927","55471029022.6775","56784232925.8443","58281670073.2567","59408536580.9193","60968343546.7048","60080174747.0163","59909317475.0115","62656359535.4192","63631000070.7612","65308999871.5859","66031421377.8224","69051481185.3968","72677191343.0556","76065440070.0313","79653934363.0132","80217942636.2863","75396546812.2059","78860656099.9712","80173136450.6664","80812357979.0558","82365780095.0358","81866617967.06","82282235249.8294","81718168407.2196","81376221664.1809","81799692351.5031","80699797697.8291","70836148704.3673","75349206828.304","73605912342.0776","73366698529.0774","73089468997.2313","",
"Zambia","ZMB","Industry (including construction), value added (constant 2015 US$)","NV.IND.TOTL.KD","","","","","","1758927215.17259","1701099943.77495","1781011587.4281","1769969203.36762","1883879581.82611","1842907130.38846","1879230179.77785","2124195266.25638","2141340538.35472","2336614915.4118","2268036692.3303","2330803629.40719","2173595127.67402","2267746221.34121","2151511132.43322","2200620145.84706","2309881122.25729","2295932916.1125","2223576496.59191","2161390878.50792","2187253070.18781","2191030682.25409","2285762322.034","2438030196.70039","2420304755.50404","2530437126.0308","2499634495.79149","2740241405.24028","2521428792.92337","2272976376.86029","2083793370.04144","2074569082.90383","2311872193.53254","2144747658.05812","2100461115.29861","2191956837.75833","2414143524.43866","2679611048.26886","2988230281.70821","3366407674.88274","3772386189.877","4192020592.65484","4636777239.17729","4901646139.03906","5501972611.67586","5908076257.85485","6157678474.55258","6281726854.16725","6445820624.88","6696535412.00905","7152574977.98174","7552358820.70517","7960483133.81474","8329749652.18631","8057518691.68248","8159875604.92946","8742135513.45353","8547502494.9831","8621956605.54106","8925434847.44201","",
"Zimbabwe","ZWE","Industry (including construction), value added (constant 2015 US$)","NV.IND.TOTL.KD","","","","","","","","","","","","","","","","","","","","","","","","","","","4736375542.48534","5018122223.94668","5354707982.92047","5570243059.89765","5792747234.76663","5864464340.15295","5567323651.0344","5220890667.62912","6026892441.77286","5601610004.48707","6131433959.75827","6226016937.88705","6206418261.95932","6745996082.98695","6085347477.16703","5464146327.36727","4922363083.20767","4103583520.44173","4146145871.8378","4194073971.80625","4019936685.46264","3868490185.15221","3059419029.9829","2373714999.05744","3523626013.97483","4153103161.71799","4433441722.68977","4577521641.11019","4463840167.28781","4465750000","4525069021.38304","6525317591.97777","6763775870.61735","6182954406.25686","5562197105.65884","5836363443.10342","6113908912.01344","6312176979.76853","6740970259.18301","",
