Country Name,Country Code,Indicator Name,Indicator Code,1960,1961,1962,1963,1964,1965,1966,1967,1968,1969,1970,1971,1972,1973,1974,1975,1976,1977,1978,1979,1980,1981,1982,1983,1984,1985,1986,1987,1988,1989,1990,1991,1992,1993,1994,1995,1996,1997,1998,1999,2000,2001,2002,2003,2004,2005,2006,2007,2008,2009,2010,2011,2012,2013,2014,2015,2016,2017,2018,2019,2020,2021,2022,2023,2024,2025
Aruba,ABW,"Industry (including construction), value added (% of GDP)",NV.IND.TOTL.ZS,,,,,,,,,,,,,,,,,,,,,,,,,,,,,,,,,,,,15.3963621,14.98744939,17.13384391,17.51090238,15.54831388,13.17595453,13.05406907,13.24162087,14.89220981,15.59650825,16.29746113,17.65586324,17.47955029,16.18234888,13.04303599,11.546062,12.36644833,10.07606346,10.74966464,10.7994982,12.46882544,12.71381282,12.39482781,11.35815643,11.62881045,12.61144069,11.0075338,9.735917364,,,
Africa Eastern and Southern,AFE,"Industry (including construction), value added (% of GDP)",NV.IND.TOTL.ZS,,,,,,,,,,,,,,,,,,,,,,,29.6442574,31.37146697,30.2680591,27.29460163,29.10730646,30.6586051,30.75099874,30.53181834,30.46829241,29.1977095,31.76935687,30.47788917,30.59879692,30.07287594,29.29269934,28.48144571,28.12109047,27.50676301,27.91710199,28.05431575,27.33492955,26.59217477,26.88931495,27.81520969,27.89436531,29.22354479,30.46459981,26.69776948,27.32121637,28.60525774,28.4590122,27.80337274,27.16377009,24.87855058,24.74844448,25.39373695,26.17256262,26.03302062,25.09561857,25.94278573,26.32105266,26.41668962,25.9484294,
Afghanistan,AFG,"Industry (including construction), value added (% of GDP)",NV.IND.TOTL.ZS,,,,,,,,,,,,,,,,,,,,,,,,,,,,,,,,,,,,,,,,,,,23.81012701,22.71086418,26.22678975,26.81209923,28.21076807,26.88224161,26.915628,21.89712221,21.1514207,22.74025248,21.15780715,20.44460531,21.22966322,22.12404249,10.46680769,10.051874,13.38724696,14.05811237,12.9525996,14.27365702,16.05036772,13.44982271,,
Africa Western and Central,AFW,"Industry (including construction), value added (% of GDP)",NV.IND.TOTL.ZS,,,,,,,,,,,,,,,,,,,,,,37.9990442,33.73476944,31.34400071,27.47469127,28.72589494,30.70328139,30.03495376,28.8684574,30.5024102,31.99395099,32.40710375,31.86524218,30.53712003,31.2665774,35.56712853,36.22370224,34.81319829,29.19361649,27.72485326,31.64294925,27.67771241,25.02728598,27.07445729,28.81351113,29.41979149,28.1434367,27.07687486,28.13588117,24.61563423,27.34035941,30.32283918,29.73697232,28.75860824,27.34160059,23.15222737,21.51731497,24.42401181,26.69683656,23.33478385,21.23950361,21.92209012,23.08165864,23.18987786,24.17654348,
Angola,AGO,"Industry (including construction), value added (% of GDP)",NV.IND.TOTL.ZS,,,,,,,,,,,,,,,,,,,,,,,,,,,,,,,,,,,,,,,,,,,51.91965219,48.92285496,50.29787707,56.12429842,54.2214233,57.90527824,56.20782635,40.97232183,48.55013871,52.17066301,53.36110365,50.37504054,43.99663621,36.73388413,37.39435133,37.09893451,41.1891594,42.22510451,36.70985113,38.1721951,34.93335918,35.12922672,34.56731746,
Albania,ALB,"Industry (including construction), value added (% of GDP)",NV.IND.TOTL.ZS,,,,,,,,,,,,,,,,,,,,,,,,,,,,,,,,,,,,19.75201202,19.22414667,20.20955299,16.91721108,18.52321448,21.71218531,24.38664986,26.23832657,27.08468776,27.72997522,28.13721316,28.42842552,28.57725457,28.56164972,27.5678723,27.47491428,26.9409865,25.4077242,25.50680361,23.82866906,24.48140915,23.86701789,22.95333271,23.75358863,22.96552109,23.46871642,22.43414124,23.02505222,23.16071197,22.40110311,
Andorra,AND,"Industry (including construction), value added (% of GDP)",NV.IND.TOTL.ZS,,,,,,,,,,,,,,,,,,,,,,,,,,,,,,,,,,,,,,,,,14.84375504,14.92401761,15.06728909,15.49493665,15.78035401,16.03578288,16.16729519,15.47353148,15.43276711,14.76648871,13.12564606,11.90885311,11.07157967,10.61824715,10.1535313,9.981268716,10.14077941,10.39551767,11.07633372,11.69981763,12.66015827,12.36263639,11.1453411,12.42822618,12.75302288,
Arab World,ARB,"Industry (including construction), value added (% of GDP)",NV.IND.TOTL.ZS,,,,,,,,,,,,,,,,55.80539987,57.41267124,55.68300863,51.94895544,57.78909345,63.35252209,61.32679375,52.60333271,45.11735292,43.03291994,39.8973229,34.7396028,35.91733618,36.37891926,38.33419091,57.74003201,40.16810139,43.42233715,40.56070467,40.33746982,42.63953022,43.91262025,44.65493765,39.87173834,43.76810022,50.00591782,46.75056864,46.79654769,47.40389581,49.61590493,53.41734229,54.63108228,53.422322,56.14876272,47.71831471,50.0622317,53.42530595,54.18995004,52.00800372,49.49591191,40.42653733,38.15599488,40.7677493,44.53078638,42.43788323,36.24804773,42.73396575,48.63781949,44.61151004,42.72422985,
United Arab Emirates,ARE,"Industry (including construction), value added (% of GDP)",NV.IND.TOTL.ZS,,,,,,,,,,,,,,,,73.99550701,71.81472265,67.98170619,68.05879988,71.35555238,72.66360633,68.36330707,63.15205198,61.40417868,62.81071431,61.25214684,52.15437335,54.68110115,53.01423765,55.07692921,58.90235057,46.77830149,55.29802322,51.47992165,46.26037509,45.54517392,46.36700237,45.4284115,40.02353246,42.02066257,48.51701163,49.67634129,47.54574758,49.12101292,51.67834808,55.6434763,57.90311172,54.84022859,58.01797844,52.044956,50.25925487,55.75102088,55.35640754,52.98941222,50.74020699,42.15880285,39.87492296,41.41227171,45.74398454,43.46696837,40.32158832,45.38118725,49.33329926,45.4007388,44.329286,
Argentina,ARG,"Industry (including construction), value added (% of GDP)",NV.IND.TOTL.ZS,,,,,,48.41447642,49.60581466,47.38341438,47.03606529,47.3861283,42.27878963,45.95472845,45.58164895,43.35223993,43.59280262,50.14132368,50.89369683,47.80613219,46.09764801,44.0281238,41.21966567,40.33822671,41.10284864,41.55630651,39.70818793,39.27615457,37.38043489,37.82867527,38.48661108,42.34781307,36.02188135,32.72252826,30.6839549,27.33873965,26.75455869,26.30121034,26.59256064,27.17915089,26.71213576,26.1936305,25.99083601,25.24343398,30.55773709,32.6450991,28.81692201,28.62631404,29.20327967,27.41523613,26.27245994,25.2842048,25.25877626,25.21269761,24.42905706,24.00588144,24.27739449,23.15305614,22.05410721,21.78212322,23.71959233,23.15784774,22.40887637,23.49946443,24.11186363,25.17221053,23.99659756,
Armenia,ARM,"Industry (including construction), value added (% of GDP)",NV.IND.TOTL.ZS,,,,,,,,,,,,,,,,,,,,,,,,,,,,,,,,,,,,,,,,,,,,,,,,,,,,,27.82709461,26.70904814,25.27053295,25.70869944,25.57713304,25.80953238,24.75655785,24.97160846,26.8172957,26.36434041,25.43709664,22.88009616,22.85706637,
American Samoa,ASM,"Industry (including construction), value added (% of GDP)",NV.IND.TOTL.ZS,,,,,,,,,,,,,,,,,,,,,,,,,,,,,,,,,,,,,,,,,,,,,,,,,,,,,,,,,,,,,,,,,,
Antigua and Barbuda,ATG,"Industry (including construction), value added (% of GDP)",NV.IND.TOTL.ZS,,,,,,,,,,,,,,,,,,11.36331056,10.2435741,11.43253016,12.88798166,13.10276435,10.22696929,10.05529511,10.71241579,11.46271798,12.63722586,13.48260619,13.88586296,14.81321757,13.50287032,14.0793561,13.00833651,12.19152879,12.00199085,12.0955427,11.69015313,11.84302097,11.9413064,12.70096677,13.09897193,12.05785678,12.19126956,12.48305578,12.15839255,13.51423983,17.12340053,16.31975657,17.60996569,18.04573138,14.83794223,13.22747974,13.07462881,14.75981044,15.36678209,15.92802245,17.76410828,18.80452015,20.6520988,21.08074595,21.12099952,20.48320056,19.65819597,18.98711505,,
Australia,AUS,"Industry (including construction), value added (% of GDP)",NV.IND.TOTL.ZS,,,,,,,,,,,,,,,,,,,,,,,,,,,,,,,28.82358893,27.70225105,26.93388381,26.88828544,26.82703954,26.45776572,25.99969422,25.21016693,25.37640639,24.60456208,24.53245722,23.58669458,23.55517134,23.99172596,23.88190939,24.52331891,25.48723721,25.57164802,25.50907685,26.97755459,25.10823007,26.46143575,26.33331496,25.18361514,25.5698595,23.68610984,22.3130168,23.44793117,24.10833515,25.25551291,25.40283941,25.43577952,27.40196208,27.51678009,25.53073199,
Austria,AUT,"Industry (including construction), value added (% of GDP)",NV.IND.TOTL.ZS,,,,,,,,,,,,,,,,,34.52495646,34.11050738,34.35681905,33.42314857,33.44019141,33.04470098,32.25828699,31.78339827,30.60291928,30.94195273,30.75546076,30.22956728,29.98821264,29.75485784,30.02875988,29.95502141,29.4481091,28.71268383,28.80756901,29.26190794,29.13012827,28.96485574,28.83496689,28.76183292,28.61155232,28.43989192,27.66834343,27.69793593,27.61478885,27.41820506,27.59090688,27.76672985,27.41220245,26.27770174,26.03964197,25.8570854,26.00980494,25.96977309,25.7857017,25.51524022,25.91246918,25.8023213,25.71909264,25.5363771,25.65448678,25.72534566,25.84446839,26.09049486,24.58342019,
Azerbaijan,AZE,"Industry (including construction), value added (% of GDP)",NV.IND.TOTL.ZS,,,,,,,,,,,,,,,,,,,,,,,,,,,,,,,30.04774898,29.60329341,36.53658638,32.14872611,27.65190819,30.99634455,35.1496743,36.99141943,34.95611231,39.1035999,42.53830991,43.46263827,46.1542268,48.53984468,50.76903238,58.78778199,64.95823153,66.16032863,65.51852147,56.26195525,59.99481926,61.73399639,59.51735085,57.05441545,53.58685467,44.89132034,47.55780701,49.7017251,52.25091145,48.82326653,41.95632016,48.81817362,56.14673736,45.84084582,42.61198224,
Burundi,BDI,"Industry (including construction), value added (% of GDP)",NV.IND.TOTL.ZS,,,,,,,,,,,9.404353292,9.757409475,10.79396538,11.62590176,12.11938432,12.58268557,11.74228713,12.18203993,14.30673175,14.71543365,11.67073792,12.71593387,14.29487882,14.48121361,12.58092087,11.82187606,12.12884746,15.71135304,14.81469295,17.26291847,17.32687566,17.53485167,18.98600615,20.12341271,19.5729092,16.80067223,11.78259217,13.89043156,14.69128471,16.11961054,15.53957069,15.57319108,15.80400049,15.74171231,16.32301916,16.9330036,15.31529124,17.15619422,15.41520528,16.97632564,15.38615628,14.80973384,15.79100531,15.58468605,15.45153649,15.41803384,16.9063593,16.97909443,17.91912538,17.54508762,16.33399224,17.14502675,16.93380236,18.15577459,17.65553735,
Belgium,BEL,"Industry (including construction), value added (% of GDP)",NV.IND.TOTL.ZS,,,,,,,,,,,,,,,,,,,,,,,,,,,,,,,,,,,,26.04581425,25.81088642,26.1098654,25.57068537,24.72584434,24.94383258,24.31215099,23.78733634,23.22665489,22.95999895,22.57377815,22.13992554,22.28195248,21.5954485,20.48905646,20.6595926,20.75145995,19.99564875,19.91519357,19.61905707,19.47677469,19.09810578,19.15456041,18.96412515,19.24171057,19.08117052,17.99652285,20.00211648,19.46605469,18.73570586,
Benin,BEN,"Industry (including construction), value added (% of GDP)",NV.IND.TOTL.ZS,10.22697472,9.813301803,9.791309172,11.46941958,10.79343737,7.981849381,11.30661294,11.41306251,10.86881395,11.06306544,11.70374941,13.48080429,13.8881252,14.29612581,17.08422498,16.16432909,12.9100344,12.55698708,14.00536459,13.34334545,12.2816697,12.91040444,15.12241928,15.35697474,17.06945218,16.70242515,12.10784452,12.36556601,13.39467172,12.76801614,12.45338505,11.98263042,12.7276805,12.2171018,13.33806442,13.39231141,13.26694099,13.52070776,12.56647129,18.0457038,18.75634821,21.60630613,21.25606482,21.76533589,20.49942461,21.61359239,21.15701378,19.51117718,17.66062208,17.91950793,18.00905314,18.13744911,16.95668469,17.24370929,16.41157749,16.38509544,15.70206831,15.10758585,14.64195675,16.3125612,16.29054905,16.46740038,17.01782671,17.30219776,17.38382761,
Burkina Faso,BFA,"Industry (including construction), value added (% of GDP)",NV.IND.TOTL.ZS,19.91384304,19.89452606,19.36764525,20.62366736,20.081443,18.69633896,19.02156505,22.08831344,22.71909824,22.44425759,22.25057016,24.24406021,23.31425941,26.20049782,22.97752191,25.9407461,26.46717857,21.30309581,21.45052635,20.66000477,19.81093021,18.76585808,18.8445168,20.35731232,19.96613192,19.22957502,20.72948663,22.54788433,21.51240488,22.12623347,20.3691496,19.25548723,20.25967662,19.85311005,20.41120315,19.94488937,18.49221774,19.68278497,17.85593746,22.46463776,21.87075455,20.63892465,20.63381451,22.62507399,22.65917572,20.16583243,20.50385279,22.5483344,20.5479237,22.95588049,26.05555203,28.37227091,26.86751038,24.09575158,24.92953925,24.36137578,24.88151737,25.14023722,25.58944338,27.42591338,29.46947678,28.5306243,26.0439489,25.75394272,26.5145074,
Bangladesh,BGD,"Industry (including construction), value added (% of GDP)",NV.IND.TOTL.ZS,6.97381557,6.794117749,7.963861762,7.804592863,10.42302446,10.72302475,10.31508557,8.102828412,9.262345515,9.186404009,8.729082831,7.68383878,6.064102106,12.11033749,13.37272816,11.61104731,14.44920279,16.7290739,14.30971269,15.68645481,20.11667622,19.80597195,20.04288227,20.87162487,21.4305496,20.32166342,20.37901415,19.60081727,19.93620857,19.7867069,20.14562584,21.11950454,21.71789053,22.93425605,23.46999243,23.58082445,21.68391657,21.86267009,22.66074237,22.37586554,22.27938268,22.58381187,22.83925437,22.47414879,22.77972001,23.29984422,24.09532051,24.50054101,24.7270013,25.29557218,24.95647673,25.0452996,25.30995939,26.30707016,26.31104678,26.83139483,31.06915138,31.24829196,31.98281359,32.8525492,32.91156508,33.31609439,33.9200805,34.59427216,34.09717435,
Bulgaria,BGR,"Industry (including construction), value added (% of GDP)",NV.IND.TOTL.ZS,,,,,,,,,,,,,,,,,,,,,53.77340933,51.93831332,57.9105918,60.31977622,59.95345885,62.5314079,64.00978393,61.46400484,60.96919815,59.39230707,51.27493358,39.75386883,39.05229084,32.68919371,29.94672755,17.88924626,16.2131442,21.77506969,21.28919467,22.33843907,22.67758298,23.98088173,24.00451182,24.31940238,23.13340524,24.23239858,25.37040252,26.2601834,24.99057855,26.56734051,23.75417724,25.03010121,25.3837647,23.50748126,23.44430188,24.03013949,24.4597737,23.98929513,22.23896033,21.56245677,21.84332409,20.75019716,25.30372123,22.70298667,21.13169563,
Bahrain,BHR,"Industry (including construction), value added (% of GDP)",NV.IND.TOTL.ZS,,,,,,,,,,,,,,,,,,,,,,,,,,,,,,,,,,,,,,,,,,,,,,,45.283488,45.91786529,50.40766295,43.09970005,43.92685819,48.29479584,46.33973028,46.69712846,45.31357676,39.09079907,38.20333986,39.9934663,41.47588718,40.61776696,39.10010798,44.21643249,46.38962737,43.43812776,42.29035173,
"Bahamas, The",BHS,"Industry (including construction), value added (% of GDP)",NV.IND.TOTL.ZS,,,,,,,,,,,,,,,,,,,,,,,,,,,,,,15.36600261,14.20429564,15.69922473,15.41727243,13.0898771,14.58290887,13.76488772,14.03762815,12.70932164,12.67777124,11.60613076,12.14887197,9.536141037,10.61685636,10.8702392,10.3431254,10.80905228,11.73375298,9.259451101,10.38951169,10.01005814,11.49987718,12.04514197,13.03402858,12.93996353,13.18418903,11.15344327,13.18418638,12.9253067,12.26207564,12.98938013,12.11691369,11.85012877,9.504346324,9.777163699,9.625587388,
Bosnia and Herzegovina,BIH,"Industry (including construction), value added (% of GDP)",NV.IND.TOTL.ZS,,,,,,,,,,,,,,,,,,,,,,,,,,,,,,,,,,,25.85528903,25.69999907,25.69999912,25.21762374,27.43017958,24.3568469,21.53739169,20.93761459,19.81539347,19.82007612,20.23349329,21.43284253,21.0300824,21.77243741,23.20141043,22.90764694,22.45400963,22.19325971,21.62320082,22.32367487,22.15636918,21.72645223,22.34435106,23.12107478,23.71135643,23.20379233,23.77756602,24.79938122,24.66324826,23.7218857,22.4260972,
Belarus,BLR,"Industry (including construction), value added (% of GDP)",NV.IND.TOTL.ZS,,,,,,,,,,,,,,,,,,,,,,,,,,,,,,,45.95842956,44.44444444,45.65217391,36.04060914,32.59146856,33.38220637,34.2198406,35.92617834,35.3050084,34.00374215,33.47894633,32.46395547,31.81538203,32.7410515,35.01894311,37.83878489,37.20703445,37.04727922,38.8242464,36.11396335,35.3917912,36.08807304,36.28065032,35.90370194,35.37904972,32.69230577,30.95840925,31.55448509,31.26560971,31.73712872,31.3515557,32.14429073,33.02909555,31.69505755,30.70817254,
Belize,BLZ,"Industry (including construction), value added (% of GDP)",NV.IND.TOTL.ZS,,,,,,,,,,,,,,,,,,,22.78063096,19.99341238,26.76767677,23.85426654,20.7402937,20.59889376,22.97227484,21.49321267,20.97913323,23.90191323,24.30893344,24.18041132,23.47288634,23.53568129,23.054067,23.59796109,21.30182323,21.3156217,21.49920822,20.53783321,20.59885536,20.1782653,22.74482356,20.91141708,19.91750207,17.34334198,17.52961225,17.10678309,19.02070433,20.1544258,20.24373316,19.38506228,18.21413304,18.87288485,16.10691469,15.80822528,15.83796942,14.55360101,15.44371961,14.0908583,13.66723545,14.04974624,16.22752947,16.93583022,15.48683387,14.40954854,14.57142015,
Bermuda,BMU,"Industry (including construction), value added (% of GDP)",NV.IND.TOTL.ZS,,,,,,,,,,,,,,,,,,,,,,,,,,,,,,,,,,,,,8.300001113,8.100000443,6.499999361,8.700000872,11.07301006,10.30851114,9.584027138,9.568245741,9.618362688,9.951118868,,,,,6.597532363,5.667424558,5.118742188,5.299009118,5.004639859,5.124380479,5.349793642,5.509305385,5.701235971,6.370650363,5.633998726,5.29810754,5.325904347,4.639174417,,
Bolivia,BOL,"Industry (including construction), value added (% of GDP)",NV.IND.TOTL.ZS,,,,,,,,,,,30.99652375,29.6942225,33.31937799,35.10604622,36.38461905,31.30637184,31.91139078,32.85796132,33.09087524,32.57731959,28.90552674,29.30528443,31.6864058,33.57748497,31.5513529,32.22412195,32.45554158,30.35198528,31.15420623,31.46093434,31.8845532,30.60623998,30.16087985,28.62844225,28.13335255,29.14275742,27.95488621,26.43510949,26.13339431,25.1438964,25.73902218,25.42067648,25.47356924,25.59649049,26.83964948,26.26921942,27.65224746,28.28979041,29.73663978,29.22868449,30.14394175,30.36910664,29.33421963,28.5181929,27.62549988,25.20241628,25.32635898,30.18462298,30.38548912,30.46272716,27.27574478,30.84379362,32.01927226,29.77220604,31.25907329,
Brazil,BRA,"Industry (including construction), value added (% of GDP)",NV.IND.TOTL.ZS,0,0,0,0,0,0,0,0,0,0,0,0,0,0,0,0,0,0,0,46.13137265,43.97254003,45.80320246,45.19243122,42.73842837,46.63883945,43.53000661,42.00414156,42.89458467,42.26973138,42.28383058,33.27187946,31.76724281,34.13227184,37.29912041,35.42091972,23.38146039,22.34011456,22.59414761,22.11879038,21.74671125,23.00661863,22.63952791,22.49532782,23.08381782,24.30662329,24.17257829,23.54402167,23.12538041,23.08529375,21.87859263,23.26797735,23.10205097,22.13364736,21.22480995,20.47246275,19.36004398,18.35475828,18.18850231,18.74905145,18.75462757,19.50611839,22.1234752,22.81945685,22.14417392,20.94069353,
Barbados,BRB,"Industry (including construction), value added (% of GDP)",NV.IND.TOTL.ZS,,,,,,,,,,,,,,,,16.01408595,17.61301645,18.23509756,18.89363003,18.69020248,17.00884086,16.94547077,16.59547202,17.71520515,18.20598007,15.88712522,14.44908448,13.62310385,14.05375754,13.3605948,18.70521374,17.39419291,15.25038324,14.61204819,14.356367,14.94505495,14.91796382,16.04179104,15.61242499,15.29391949,15.30642262,14.69143886,14.41976501,15.70493846,15.08782116,14.94567352,16.22328394,14.72340602,15.12451522,15.40802858,13.2789226,14.1706839,13.4540784,13.78634952,13.70761129,13.61055781,13.31723822,13.62008745,12.78334541,12.55304819,13.14764983,12.59594287,12.81354849,12.28740525,12.35721288,
Brunei Darussalam,BRN,"Industry (including construction), value added (% of GDP)",NV.IND.TOTL.ZS,,,,,,,,,,,,,,,96.56967905,95.64959513,96.0772389,94.99478755,94.3300026,96.12339545,97.52227791,95.919214,93.84131335,92.7192127,91.52776487,90.54768007,81.19306168,82.01810634,76.29230415,75.12956985,76.27594503,74.13646084,71.14843707,68.20434642,64.70932352,67.15702652,64.6390237,67.30604567,61.42538564,64.17908912,66.26658225,62.74758924,63.08118131,66.48449847,70.19104523,73.15300517,74.92626154,73.39510627,76.43208164,67.29548136,68.6533507,73.67241445,72.65561435,70.0224441,67.84963078,61.36277736,57.28936385,59.72058897,63.2448184,62.5153211,59.13363024,62.70156422,67.92558542,61.74118601,61.67552258,
Bhutan,BTN,"Industry (including construction), value added (% of GDP)",NV.IND.TOTL.ZS,,,,,,,,,,,,,,,,,,,,,12.1716127,18.03116006,20.049159,22.1488214,22.42989539,20.43660874,20.82217772,26.66085994,23.55087941,24.410069,25.23955036,26.06822035,28.11138507,29.94272062,30.02935166,34.03760823,34.08035428,33.76657953,32.92645029,36.12229418,33.31831747,35.42498445,35.72958167,36.14458095,34.57451287,34.04279435,35.60005954,41.62187469,40.81562446,39.45891019,39.32493054,37.41788268,38.21269124,38.84448536,37.64495507,38.46809465,38.4489964,39.03887938,35.26521344,33.09390305,31.79097653,31.6232724,31.82484474,29.40447146,,
Botswana,BWA,"Industry (including construction), value added (% of GDP)",NV.IND.TOTL.ZS,13.33050601,12.29752544,11.37415779,10.61343434,13.49393796,19.20731707,14.36314363,14.98234224,12.42105263,19.5319532,27.55620015,27.58810573,27.61605035,26.88108587,27.89132003,31.01085094,31.82380216,32.46548323,37.41691379,42.72672852,43.890607,40.98497496,43.29457921,47.73107283,51.62782037,56.75522761,57.93878253,58.0254584,61.91323049,61.42301905,56.90656306,53.54514945,49.66163308,47.87950365,43.25959631,43.89287719,45.42680066,45.69430374,43.54526279,44.8018126,46.30053029,44.76779382,43.96509908,39.61641319,38.82195502,42.85495221,46.62434344,45.48442124,41.1096621,32.91486985,37.27893796,41.43221525,37.5753343,39.10622989,41.7777034,37.54399949,40.34516219,37.10100502,34.80032767,31.94710542,26.6905681,33.04003325,37.45712971,34.0710602,29.35927591,
Central African Republic,CAF,"Industry (including construction), value added (% of GDP)",NV.IND.TOTL.ZS,,,,,,,,,,,,,,,,,,,,,,,,,,,,,,,,,,,,,,,,,,,,,,,,,,24.57368072,24.50992414,26.63835543,27.52307537,24.1910676,19.48260861,22.12525135,21.63823744,20.73722455,20.55575596,20.51197122,20.44818877,21.58732,21.1573,20.70681732,20.03345617,
Canada,CAN,"Industry (including construction), value added (% of GDP)",NV.IND.TOTL.ZS,,,,,,,,,,,,,,,,,,,,,,,,,,,,,,,,,,,,,,27.71643906,26.83386866,27.87173944,29.50003752,28.44753546,27.57314103,27.90741045,28.39111972,29.21299152,28.84755448,28.68590191,29.3420195,25.07601821,26.35113316,27.1393406,26.6346688,26.61323518,27.13794246,24.41568255,23.29530055,24.02780289,24.62230596,24.07740788,22.45161732,25.33174752,,,,
Central Europe and the Baltics,CEB,"Industry (including construction), value added (% of GDP)",NV.IND.TOTL.ZS,,,,,,,,,,,,,,,,,,,,,,,,,,,,,,,,,,,,31.16224781,31.13945125,30.99642211,30.38480209,29.59358535,28.87465405,28.61365728,28.22927982,28.45139757,29.41768474,29.51047218,30.03804962,30.16134668,30.09216171,29.78233641,29.81236796,30.57635637,29.6263424,28.42268063,29.3029778,29.51970454,29.00475422,28.01276334,27.8141951,27.52207606,27.05806014,26.59898468,27.38063172,27.63672641,26.04545302,
Switzerland,CHE,"Industry (including construction), value added (% of GDP)",NV.IND.TOTL.ZS,,,,,,,,,,,,,,,,,,,,,,,,,,,,,,,30.51526525,30.24103324,29.48293857,29.00420643,29.82716641,29.08023091,28.0284012,27.28671917,26.64900529,26.28133757,25.46819598,26.24425789,26.43397651,26.00642138,25.55151011,25.82707424,26.00279319,25.93094508,25.94630114,24.74278723,24.69452587,25.03152647,24.60389113,24.70221273,24.32391507,24.20112582,24.08997921,24.21769432,24.42395718,24.72115913,24.82791568,25.63559372,24.54338166,24.67083064,24.72471925,
Channel Islands,CHI,"Industry (including construction), value added (% of GDP)",NV.IND.TOTL.ZS,,,,,,,,,,,,,,,,,,,,,,,,,,,,,,,,,,,,,,,,,,,,,,,,,,,,,,,,,7.675771666,8.019381088,7.923675334,7.930895155,7.654094652,8.864398759,8.383067881,8.220517039,,
Chile,CHL,"Industry (including construction), value added (% of GDP)",NV.IND.TOTL.ZS,34.98922944,34.93311245,36.8119948,38.73277229,39.60017437,39.38725534,38.69930267,39.25898079,40.64013389,42.28030701,40.83566759,38.16516479,37.09626648,40.00444044,47.63285292,37.19979868,39.26896691,35.3344811,35.16323939,36.5524791,36.60339247,35.47854428,35.5402277,38.06873347,37.78624949,38.80627435,34.80779518,35.63555309,40.98839455,39.70758179,38.87440408,36.99547493,34.81703072,34.54190817,36.30578589,37.84998225,30.84971785,29.99148687,27.32971967,27.02289724,27.83290073,28.48257298,28.51803459,29.7153366,32.75250218,34.03530241,38.68472919,37.46659702,31.98399142,31.88920115,33.46690302,32.44175423,30.55830033,29.43043731,28.90286707,27.88064041,26.77956505,27.38115607,27.86152277,27.11844224,29.8295676,30.8600533,31.0330474,28.80302573,30.08584228,
China,CHN,"Industry (including construction), value added (% of GDP)",NV.IND.TOTL.ZS,44.2951198,31.86492833,31.24409719,33.00023983,35.26176411,35.02763067,37.81183932,33.82663848,31.05184846,35.3563616,40.20758518,41.85224317,42.69900254,42.75519815,42.36282748,45.28791512,44.96258685,46.62407077,47.63117176,46.87699898,47.97278563,45.88791427,44.53565247,44.14375233,42.84917195,42.63289425,43.43470424,43.24195993,43.45008503,42.42130119,40.9532139,41.36470267,42.95568711,45.98771589,45.95072661,46.51583291,46.84529241,46.7996578,45.44113232,44.95553917,45.07383152,44.2765436,43.87580281,44.98276213,45.23283266,46.3816217,46.88650286,46.18523623,46.23641913,45.17885872,45.70662071,45.80020541,44.68206982,43.39387078,42.28271578,40.04759022,38.81115609,39.12994435,38.97770017,37.76423332,36.91156241,38.0924722,37.89452666,36.77250302,36.47565945,
Cote d'Ivoire,CIV,"Industry (including construction), value added (% of GDP)",NV.IND.TOTL.ZS,13.1387841,13.87897453,13.98191089,14.70020642,16.06380709,15.92723992,17.8855295,18.88138027,16.29886429,15.42808675,18.49365843,19.69280114,19.73825251,17.74280232,16.08930987,17.040144,16.3644515,15.15722466,16.47969351,17.06000286,19.74045317,18.58806839,21.28810476,21.48054473,19.54828584,19.74607539,21.2824299,22.3648454,22.65082949,21.7836967,26.26721076,24.59846336,24.44199929,22.75389254,21.03982393,20.76800001,13.71595707,15.36102779,14.64215314,14.36746803,13.93680252,14.17861603,14.50052812,15.21233121,15.52607505,16.22417645,16.58395439,16.48317082,17.40883615,18.01630715,15.97657938,16.76240073,17.73245519,18.97952957,19.84554862,20.12155783,20.82071381,19.80856265,19.11168189,21.64204005,20.7022034,22.10303507,23.04454235,23.90063743,24.04385991,
Cameroon,CMR,"Industry (including construction), value added (% of GDP)",NV.IND.TOTL.ZS,,,,,,20.30074657,20.65997158,20.10421272,19.49806479,19.43376786,18.6360824,19.23077701,18.85589045,18.61726466,17.87021342,18.24269268,18.96028774,18.39328554,15.95704266,20.64172733,23.47184749,27.61077824,30.24625849,33.12452431,34.64162742,34.31804175,32.4863427,29.05298365,28.32096084,28.96384881,28.75507128,28.88150404,25.10875288,29.12908062,30.1027466,28.88443756,29.82662919,28.40748377,27.5442174,27.46055343,28.48270099,26.1843316,27.4755882,28.42339128,27.67688547,27.96574126,28.70456505,27.12517689,27.6000471,26.51125318,25.84451173,25.77675973,26.62487218,26.74194593,25.70780278,25.09148801,24.18214457,24.26219529,24.68223121,23.82687805,23.03806544,24.49255424,27.13035934,25.1308706,23.23509571,
"Congo, Dem. Rep.",COD,"Industry (including construction), value added (% of GDP)",NV.IND.TOTL.ZS,,,,,,,,,,,,,,,,,,,,,,,,,,,,,,,,,,,15.87199273,16.86400697,32.35395775,21.25000027,20.44565031,18.71444886,22.4057063,30.01626655,32.61833688,28.85793841,31.78242349,31.70600245,29.29434698,34.36336714,32.95188918,35.93145716,29.10297692,38.63642462,39.17262608,39.98160417,41.61983095,40.5376361,38.65505246,39.29342474,38.21654671,34.47125109,35.16168502,42.35293836,41.95738915,39.50096882,39.86908424,
"Congo, Rep.",COG,"Industry (including construction), value added (% of GDP)",NV.IND.TOTL.ZS,17.02786235,18.01075135,17.89215435,17.77251092,17.80219545,18.93003931,19.74169742,19.8630171,19.2926045,19.44848734,23.94736842,21.87146949,21.25603865,22.10264901,25.40809084,32.42092457,37.60399334,31.64893617,29.50075643,36.39216471,46.61487236,50.89532952,52.56338028,54.32932933,56.58841941,53.91429749,32.64598989,35.78825359,29.91608649,37.97901008,40.64304462,36.03486406,35.51004637,35.29798711,45.48434383,44.86839614,51.84273294,56.86361289,46.05686462,61.27095839,72.15267176,65.48845384,63.31892251,61.17235948,65.86448408,61.7104107,62.62918885,57.07041752,63.94197893,55.69794813,66.17916978,65.8738952,65.31021912,61.98930813,58.00141554,48.67895619,38.44745141,45.96718951,54.39199184,50.12867157,33.9517598,42.89370294,49.24555236,45.22363396,40.12155724,
Colombia,COL,"Industry (including construction), value added (% of GDP)",NV.IND.TOTL.ZS,,,,,,27.37898426,26.12267176,27.99275774,27.42373998,27.51682658,27.63994336,27.73116252,28.75737024,30.52146735,30.00583155,29.21813442,30.83341161,30.30184532,29.96425457,29.52355156,31.58884956,30.60360414,30.88269802,31.50061703,33.262286,34.60371499,36.17395281,34.74813268,36.23322742,36.94435237,31.49686022,31.63041037,29.70021056,30.16888033,29.11468198,29.228924,28.51900196,27.07867036,26.39229161,26.72078756,27.30577228,27.22281504,27.52901277,28.90378013,29.72589209,30.34814977,30.91346003,30.57903507,32.13109113,31.24703434,31.3713561,33.30215517,33.40550062,32.74755529,30.98585272,28.58944789,27.68916231,26.81485891,26.89546675,25.99342684,23.4392386,24.55531202,26.12300223,24.69256489,23.06078067,
Comoros,COM,"Industry (including construction), value added (% of GDP)",NV.IND.TOTL.ZS,,,,,,,,,,,,,,,,,,,,,12.20643665,12.20714473,12.20686005,12.20624486,12.20633426,12.20624342,12.20639796,12.20647095,12.20640033,12.2065857,12.20654869,12.20631374,12.20656498,12.20621035,12.20675644,12.20645316,12.20664694,12.20609897,12.2065011,12.20612883,12.20627155,12.2063718,12.20631431,12.20627867,12.20629365,12.20649832,12.20643211,12.41024133,12.13563705,12.07332807,11.77532496,11.69731855,11.22266515,11.64824031,11.61092513,10.40840816,9.85451807,9.137350096,8.876795856,8.531000623,8.08945324,9.379227638,9.638798094,9.527790621,9.557161909,
Cabo Verde,CPV,"Industry (including construction), value added (% of GDP)",NV.IND.TOTL.ZS,,,,,,,,,,,,,,,,,,,,,16.96004762,17.35196407,15.80927931,17.27724398,17.60405001,17.98379828,17.81948912,18.70416277,19.3033605,20.7577658,30.06553625,30.32637723,32.38157608,22.5279403,30.55918902,28.29412954,28.93080753,26.20735295,26.37790372,23.37704203,21.74719078,19.16407138,19.0535136,18.5259963,18.21808332,19.21107785,19.09227813,14.01154411,15.48151033,15.96945983,14.94145775,14.56997848,14.00680796,14.57827873,15.45569567,14.61589099,12.66684933,12.51880384,14.62868997,13.28519743,14.68663272,12.519147,11.07892384,10.9776694,10.66739867,
Costa Rica,CRI,"Industry (including construction), value added (% of GDP)",NV.IND.TOTL.ZS,20.13633839,20.36663563,20.4198807,21.35596953,21.72274023,23.03423581,22.85701067,23.0820686,23.98814099,23.92976458,24.0968664,25.3201636,26.10579615,26.69940145,27.57629204,27.37286236,27.44829654,26.16261676,26.06751738,26.45672569,26.96767286,26.62115779,25.73926921,28.61383918,29.45189555,28.86750088,27.62291887,27.5735643,27.22929536,26.90209473,25.69600069,27.36903204,27.88045677,27.35790876,26.60852391,26.570148,25.98587457,26.04151423,25.98557193,25.73297755,25.44499083,25.21660207,24.56959793,24.1792375,24.66906192,24.26953411,23.71986794,23.89379476,23.55360244,23.52273814,23.32296521,22.58987067,22.20487738,21.34497248,20.61640542,19.96787847,19.65001128,19.31453971,19.55814326,19.23365693,20.36785113,20.60579236,20.64643811,20.45925384,19.70692255,
Caribbean small states,CSS,"Industry (including construction), value added (% of GDP)",NV.IND.TOTL.ZS,,,,,,,31.50004738,32.39032588,33.15476825,31.03170242,30.08247101,30.26997911,30.87690033,33.31881555,45.27146284,44.97985381,45.55994462,46.45938768,44.44566415,46.07446297,48.67092964,45.72055718,40.1407066,38.33042752,38.65740615,35.25771285,27.61791333,27.69830478,27.03856948,26.79732085,27.87077929,27.20090893,25.8941802,23.83200252,26.18895578,25.72733705,25.89669291,23.13658788,21.41728097,21.83685772,25.33837613,24.11477399,23.56094313,28.04735843,30.18181068,33.78949343,35.47615947,35.34635131,40.36373189,31.7624007,32.77848709,35.56282349,31.14263202,30.40303803,29.53216255,24.75026424,24.18076761,25.21217852,25.46663649,24.39645259,24.37199586,29.27649729,36.15120479,32.49261178,37.14349934,
Cuba,CUB,"Industry (including construction), value added (% of GDP)",NV.IND.TOTL.ZS,,,,,,,,,,,16.93562655,16.93796472,16.93793859,16.93516494,16.93155,16.93551418,16.94965424,16.93780833,16.92130063,16.91347331,16.9553331,17.02035519,16.87857978,16.83876066,16.87433757,17.16463405,17.345465,16.16970062,16.63966583,17.05222111,17.35760444,17.01741395,16.81330926,16.29365879,16.91458907,17.96093234,26.68546033,27.57914273,25.91900123,25.39325829,25.53508215,24.86238416,23.70134413,22.50593295,22.0396304,21.52682999,22.20473695,22.52699906,22.38649614,22.60470361,22.89360776,22.2582983,23.36719487,23.1503085,22.15207529,22.35380936,22.94280127,24.35662515,24.87790647,24.54953997,23.01866756,23.34754172,23.78323564,24.49726549,23.84815504,
Curacao,CUW,"Industry (including construction), value added (% of GDP)",NV.IND.TOTL.ZS,,,,,,,,,,,,,,,,,,,,,,,,,,,,,,,,,,,,,,,,,14.78992193,17.46571237,16.50394645,15.48318111,15.02736672,15.40984041,16.09219655,16.39599226,15.2140225,16.94504025,15.01972892,13.63866201,13.78632467,15.33896245,16.35854944,16.50359761,17.15376222,15.40989743,14.41275036,13.27463837,11.98469387,11.43676931,11.18905861,11.68772482,12.18628629,
Cayman Islands,CYM,"Industry (including construction), value added (% of GDP)",NV.IND.TOTL.ZS,,,,,,,,,,,,,,,,,,,,,,,,,,,,,,,,,,,,,,,,,,,,,,,9.82859311,9.65080208,9.084531344,7.903559334,7.065307493,6.813324224,6.857946115,6.92395108,6.896181792,7.006039148,7.28391319,7.193819233,7.414390574,7.707952982,8.134915877,8.367642138,8.080551651,7.844247803,,
Cyprus,CYP,"Industry (including construction), value added (% of GDP)",NV.IND.TOTL.ZS,,,,,,,,,,,,,,,,25.17509256,28.84096813,30.98557454,33.12931748,33.21689187,33.64460959,32.4086717,30.86154572,30.08709394,29.02646848,28.49143049,27.59073228,27.49691105,27.50137624,26.57627461,25.92636036,26.73944834,25.55996004,24.68012382,23.22568329,20.05897127,20.14163551,19.65428764,19.23674959,18.48817661,17.68603898,17.39380408,17.93018596,18.01293423,18.06745325,17.8911353,17.8301578,18.19711925,17.8966298,15.95450091,14.47911521,12.74536365,11.75798543,10.74927831,9.972876769,10.19094632,10.83651488,11.3472324,12.02242703,12.78901189,12.8234845,11.48044771,10.37504673,11.33367993,11.13579287,
Czechia,CZE,"Industry (including construction), value added (% of GDP)",NV.IND.TOTL.ZS,,,,,,,,,,,,,,,,,,,,,,,,,,,,,,,,,,34.58715034,34.5384318,35.10053241,35.88562369,35.4514652,34.56676337,33.56116925,33.30541318,33.74065336,33.06101833,32.21004399,33.45241577,33.53174235,34.2768165,34.14761959,33.62160947,32.99187303,32.78253746,33.31530478,32.61187757,32.37506449,33.52560569,33.51506176,33.02612208,32.23450692,31.24494021,30.81729276,29.67284901,28.5164056,29.21857305,30.02372822,29.20983806,
Germany,DEU,"Industry (including construction), value added (% of GDP)",NV.IND.TOTL.ZS,,,,,,,,,,,,,,,,,,,,,,,,,,,,,,,,33.27467156,32.25061261,30.25106126,29.78128638,29.31113252,28.37272369,28.089092,27.91129945,27.27306426,27.25364612,26.57854823,25.79838623,25.62073536,25.83862471,25.6870805,26.26004666,26.45970844,26.04326299,23.83809749,26.03714353,26.27952863,26.54504015,25.87794089,25.98595395,25.87370385,26.17324057,25.97547036,25.85064778,25.54157432,25.23534219,25.15704688,25.56034883,26.79585051,25.62295419,
Djibouti,DJI,"Industry (including construction), value added (% of GDP)",NV.IND.TOTL.ZS,,,,,,,,,,,,,,,,,,,,,,,,,,,,,,,,,,,,,,,,,,,,,,,,,,,,,,11.38658006,11.61295717,11.39514948,11.33870712,12.40612445,13.99161535,14.61034673,14.54569336,15.40597881,15.03087278,14.43237602,15.91389295,
Dominica,DMA,"Industry (including construction), value added (% of GDP)",NV.IND.TOTL.ZS,,,,,,,,,,,,,,,,,,10.30627847,10.12100219,10.16798017,13.71270306,13.37373354,13.63906756,12.42151943,12.00794848,11.27528959,10.20782097,10.29108084,11.55175838,12.39835258,12.48483065,12.64325199,13.8996139,14.08163881,13.71793615,14.418316,14.36192455,14.56599069,14.91654318,15.05777282,15.86014638,20.73786979,21.93200663,17.63661256,16.82724625,16.07769673,16.46815168,16.15541582,14.59942439,13.16434056,13.54283923,14.78470298,15.02177998,13.44693625,13.54095878,11.94159712,12.5108806,11.64779825,16.42731657,16.44782984,12.14368239,13.0406748,12.60677537,12.75012078,13.87595566,
Denmark,DNK,"Industry (including construction), value added (% of GDP)",NV.IND.TOTL.ZS,,,,,,,28.54625122,28.14120584,27.62310902,26.92274325,26.37487988,26.22233052,25.90724221,25.21858488,25.03290102,24.78366753,23.6807364,23.38505194,22.69017884,22.0254885,22.94436064,21.95275455,21.99994654,22.11139399,22.51067984,22.72821229,22.61020929,22.75125841,22.57050193,22.71272318,22.63669118,22.36868051,22.45457619,21.63662411,21.61519874,22.11149322,22.30582278,22.48292749,22.34460054,22.65469874,23.67975779,22.89763479,22.65510341,22.16953279,22.13709947,22.11186319,22.6855311,22.05830805,22.60899436,19.84596017,19.36793546,19.84592379,19.85064215,19.73435986,19.40444793,19.56444285,20.23196293,20.42362523,20.57556363,20.64022005,19.55505441,19.3930981,20.66885673,23.61558354,24.14172533,
Dominican Republic,DOM,"Industry (including construction), value added (% of GDP)",NV.IND.TOTL.ZS,,,,,,21.10326225,24.11634445,26.25101527,24.79868307,25.5884772,25.16171558,25.96967411,26.59571516,27.00434071,27.39708063,30.44896744,30.16785778,28.40099211,28.1232526,28.90003432,26.70841668,25.56305499,26.52346769,26.1304687,24.30990666,17.37997336,22.78097942,19.92346048,24.48592587,30.70148393,30.23658515,33.6226026,32.35208131,32.21057814,32.43245519,32.17721371,33.54386724,32.11191928,32.91629851,33.15847379,31.67042451,29.73277263,31.08810875,31.88230291,31.81294451,30.26935768,31.10986127,30.54694685,29.37550316,27.35617088,27.27299569,27.54325372,27.36303479,28.04281685,28.38600074,26.93456329,25.87955149,25.78400498,26.9196437,27.35643695,28.82431758,30.86895932,30.82554275,29.30868323,28.72438844,
Algeria,DZA,"Industry (including construction), value added (% of GDP)",NV.IND.TOTL.ZS,,,,,,,,,,,,,,,,,,,,,,,,,,,,,,,,,,,,,,,,44.239049,53.33096965,40.81459026,39.76671454,42.04010158,44.98146332,48.50683601,50.8913842,50.37171688,51.61617121,42.01288021,45.24319464,44.9869856,43.19505491,39.74385437,38.56141383,32.75650093,32.20516405,33.47669495,35.34325861,33.57432118,30.02358038,36.32148125,43.05213062,37.54765474,36.19567895,
East Asia & Pacific (excluding high income),EAP,"Industry (including construction), value added (% of GDP)",NV.IND.TOTL.ZS,48.34963634,36.39812545,35.64421018,37.25976552,39.70532768,39.62981101,42.2598439,38.50036148,35.13227985,38.9362843,43.92587121,45.86703708,46.75524287,46.02865738,43.73870801,46.0380125,44.26222619,45.40988478,43.90972431,45.18466727,43.88605905,41.43427152,40.1978358,41.84379404,40.97451057,40.24668568,39.30619748,39.0895546,39.51882397,39.90538079,39.63973266,40.21501484,40.70066137,41.80333598,42.09987689,42.91998488,43.61246701,44.12494771,43.48407398,43.05047718,43.39805042,43.42319663,43.17190417,43.73509883,44.14481191,45.10864665,45.58151659,45.01744957,45.21870452,44.24733685,44.21356668,44.40743529,43.53940591,42.42779878,41.52424629,39.49664435,38.37615671,38.68861374,38.62968359,37.51515991,36.6827045,37.91957917,37.91926689,36.75877485,36.4067586,
Early-demographic dividend,EAR,"Industry (including construction), value added (% of GDP)",NV.IND.TOTL.ZS,,,,,,32.7303399,33.10821036,31.43891309,31.49989059,32.0061863,31.65773324,33.12685544,33.43731106,35.28719764,40.88947997,38.72705874,40.44645551,39.89488338,37.73333033,39.34404136,39.11385837,38.82574487,36.72663436,35.46663391,34.36034049,32.33503489,30.96589616,30.80900727,31.99897481,32.14512158,33.18108854,33.0832666,32.73156193,33.66025962,33.55347376,33.94890084,34.64740382,34.55487608,32.4635658,32.69814045,33.73818833,33.17638946,34.2466945,33.84382597,35.04509226,36.32053031,37.45441603,37.12906795,38.46071211,35.14210806,35.78156081,36.69612388,36.3771682,35.63589001,34.82609016,32.43580486,31.94798981,32.51728393,33.57322125,32.5854854,31.50603486,33.65920325,35.03331147,33.70101944,32.40038436,
East Asia & Pacific,EAS,"Industry (including construction), value added (% of GDP)",NV.IND.TOTL.ZS,94.14547291,62.58297543,55.42840453,56.66888845,60.14276073,62.62533966,65.32715866,54.42511804,46.74704202,50.57477907,54.78624162,55.37558774,52.06296206,49.7608626,47.82537276,50.23206198,47.11667832,47.04592698,37.94154239,42.61006179,45.1022974,42.19648714,44.05353352,45.10336982,45.31078742,45.34730157,35.58429409,32.70150745,31.72058192,34.18581643,35.4375004,34.64672315,34.47127635,33.5865139,34.94937503,35.02352298,35.12531985,34.92498248,34.37947498,34.00186867,33.9745321,33.15739282,32.99479611,33.25495143,33.56660455,34.12718767,34.83867688,35.24887587,35.42182112,34.88120374,35.65841914,35.70215644,35.52536206,35.67253731,35.80373905,35.09972404,34.30882808,34.78199808,34.92844608,34.19070567,33.86776957,34.95996605,34.92684723,34.13969721,34.17030697,
Europe & Central Asia (excluding high income),ECA,"Industry (including construction), value added (% of GDP)",NV.IND.TOTL.ZS,,,,,,,,,,,,,,,,,,,,,,,,,,,,36.48869885,37.61051775,38.00359767,34.45879386,38.33456329,37.49346569,32.4895362,34.23297911,33.83657589,32.36983788,31.84465796,30.52873572,28.77277041,27.97780597,27.38326302,26.78831467,26.85750733,27.16223888,27.89312487,29.14215993,29.46058071,30.04462156,28.00116702,28.50428909,29.9149819,29.71039388,29.72422208,29.94660135,28.69392884,28.80834799,29.43656105,29.89331055,28.5291923,28.29787298,30.48166259,30.86250515,28.3757494,26.64986646,
Europe & Central Asia,ECS,"Industry (including construction), value added (% of GDP)",NV.IND.TOTL.ZS,,,,,,,,,,,,,,,,,,,,,,,,,,,,,,,,30.06253847,28.97992313,27.96800987,27.72897686,26.94667243,26.48763096,26.17240566,25.67749458,25.13404567,25.27783193,24.86158171,24.34218018,24.03694416,24.08587663,24.24578555,24.55238076,24.51749344,24.61753772,22.95766633,23.36905591,23.64550195,23.51312791,23.18129199,22.89957994,22.90129082,22.71711667,22.97164575,23.16894838,22.98394647,22.56522631,23.18761475,24.1726367,23.80520503,22.93374415,
Ecuador,ECU,"Industry (including construction), value added (% of GDP)",NV.IND.TOTL.ZS,22.02076095,21.66823425,21.69328053,22.15941336,23.76269626,23.82359056,25.32212862,24.63191102,25.04305597,25.66047562,27.46136844,28.35627883,27.05080296,24.38243755,26.46260758,25.61979076,26.981031,27.91558816,27.08589152,28.69750517,26.80371106,28.23208677,29.59637656,27.72719104,29.52682519,29.49521711,27.16390875,27.19621785,29.11359589,28.9542479,30.12981312,30.4402033,32.61490022,28.58268326,28.25006337,27.14052294,26.78918036,25.87335599,25.81631245,28.78032844,34.69291132,28.46381003,27.98097463,27.54686486,29.66373838,32.12447307,34.79334838,35.43522929,38.92016148,31.09162133,33.90617518,37.40570052,37.09175038,36.83229365,35.71199553,28.09004234,27.53396379,28.4680087,28.01474886,26.65046313,23.98113448,27.34948988,29.58359054,27.57542596,26.51265584,
"Egypt, Arab Rep.",EGY,"Industry (including construction), value added (% of GDP)",NV.IND.TOTL.ZS,21.55925724,22.0546895,24.75647859,25.04806372,25.04029304,24.06974178,23.9929661,23.8085845,22.72942103,24.11860759,21.42053973,22.12281897,21.66745434,20.49537153,23.27607555,25.40798251,23.77472183,24.70188431,26.16839649,34.72935693,33.38865825,31.28132497,30.04542216,28.58646617,28.76582278,29.59517426,27.88662132,25.94174757,27.44967484,26.58960961,27.40605386,32.13333484,31.41121495,31.14690722,30.50285714,30.24509804,29.51874455,28.99962392,28.64509395,28.40084525,30.7518671,30.89885698,32.58350488,33.37058683,34.66791675,34.14867224,36.15473531,35.06538668,36.21255165,35.81644598,35.78451848,35.9517176,39.25131486,39.88695442,39.89032394,36.63020173,32.45595335,34.39586778,35.32987506,35.82542441,32.3694443,31.18763579,32.71143143,32.73447525,32.562479,
Euro area,EMU,"Industry (including construction), value added (% of GDP)",NV.IND.TOTL.ZS,,,,,,,,,,,,,,,,,,,,,,,,,,,,,,,,28.49218087,27.9297367,27.04243344,26.67455336,26.43666187,25.80307033,25.55525659,25.40429431,24.9718673,24.94270865,24.63824867,24.17659502,23.82198435,23.72643199,23.53239658,23.70226057,23.68402032,23.30083859,21.76484848,21.97904746,21.96332076,21.77595198,21.44961173,21.31312803,21.65922054,21.6571324,21.63351297,21.64758825,21.59597226,21.54374424,21.75023717,22.32697958,22.69002086,21.74209716,
Eritrea,ERI,"Industry (including construction), value added (% of GDP)",NV.IND.TOTL.ZS,,,,,,,,,,,,,,,,,,,,,,,,,,,,,,,,,10.7605067,13.61072509,12.79921837,15.0839348,18.90622873,20.98060558,19.28035202,20.87420992,19.16068042,18.53351043,19.17384491,19.69660113,19.61273885,20.4623875,18.15290725,19.19520823,25.91468245,21.81933914,,,,,,,,,,,,,,,,
Spain,ESP,"Industry (including construction), value added (% of GDP)",NV.IND.TOTL.ZS,,,,,,,,,,,,,,,,,,,,,,,,,,,,,,,,,,,,28.36402982,28.11455662,28.09945064,27.88416712,27.92460881,28.02064336,27.98855281,27.76441025,27.41443384,26.96745223,27.13177793,26.8985528,26.26693555,26.18694896,24.78215081,22.98594897,21.88717027,20.79927488,20.0279432,19.86959899,19.92306221,19.79372502,19.9047199,19.73857438,19.97790558,20.11939278,20.31657485,21.22347937,19.95752326,19.45375173,
Estonia,EST,"Industry (including construction), value added (% of GDP)",NV.IND.TOTL.ZS,,,,,,,,,,,,,,,,,,,,,,,,,,,,,,,,,,,,27.38145076,26.55850455,26.11083485,25.2370633,23.84319864,24.88270145,25.37864221,25.48283317,26.10580683,25.426103,26.25529265,26.9431146,26.84221587,26.13194165,23.2761523,24.03454918,25.34667451,24.63167814,24.67800446,24.10602104,23.11548514,23.23404176,23.18086204,23.28866055,22.31338488,21.77170781,22.83091133,23.09076845,21.34555945,20.14816447,
Ethiopia,ETH,"Industry (including construction), value added (% of GDP)",NV.IND.TOTL.ZS,,,,,,,,,,,,,,,,,,,,,,8.527880017,8.618272432,8.276971863,9.895564067,8.950731513,9.467960305,10.73693729,10.02576902,10.06668567,9.077381178,7.099957618,5.945667944,7.273196268,7.984246236,9.060146519,9.545525013,11.90513317,11.28872,11.89793137,11.41046712,11.92792946,12.74027964,12.89950222,12.68554034,11.78883353,11.59231605,11.58949667,10.20685429,9.683480443,9.435128138,9.664642193,9.476137965,10.94455699,13.47132451,16.29779364,21.93256185,23.58190667,27.30570731,24.82236426,23.10229522,21.85002626,22.71752696,24.48368222,25.35497166,
European Union,EUU,"Industry (including construction), value added (% of GDP)",NV.IND.TOTL.ZS,,,,,,,,,,,,,,,,,,,,,,,,,,,,,,,,28.66313309,28.06153495,27.07416311,26.76107051,26.55526206,25.97402874,25.76277273,25.61175608,25.16906883,25.15111021,24.84625343,24.41048351,24.0583455,24.03033802,23.90047694,24.12077322,24.15170103,23.84808261,22.3582585,22.6177345,22.68772106,22.41905435,21.99603589,21.9306545,22.29928036,22.26211657,22.18826461,22.20991137,22.15619812,22.02613917,22.19351446,22.86576747,23.24657639,22.27237601,
Fragile and conflict affected situations,FCS,"Industry (including construction), value added (% of GDP)",NV.IND.TOTL.ZS,,,,,,,,,,,,,,,,,,,,,,,,,,,,,,,,,,,,,,,,,,,,,,,,,,,,,,,,,,,,,,,,,,
Finland,FIN,"Industry (including construction), value added (% of GDP)",NV.IND.TOTL.ZS,,,,,,,,,,,,,,,,35.48330262,34.05248115,33.49447521,33.62691261,34.30910258,34.04040404,33.58818738,32.75144887,32.60851349,32.0553123,30.93516531,30.13274619,30.48719237,30.09294868,30.40197494,29.22254958,26.50926789,26.25669332,26.98983764,28.2527635,29.51936945,28.87023545,29.0383157,30.54030939,30.44259504,31.60295045,30.9494997,30.1192401,29.53583717,29.37615361,29.25558403,30.24742423,30.67214088,29.56505176,25.66209041,26.18537633,25.03908325,23.35885177,23.29813216,23.06186393,23.30393164,23.47659202,24.47064164,24.110735,24.14660529,24.22722062,24.232606,25.18082928,23.46984402,22.78421383,
Fiji,FJI,"Industry (including construction), value added (% of GDP)",NV.IND.TOTL.ZS,,,,22.85992218,23.65107914,22.68835616,22.47284879,23.08868502,22.70233196,21.15505336,20.75078206,18.78244455,20.05357826,19.68666282,20.22222222,20.44807602,20.52928013,18.99713028,17.95784677,19.7019479,20.15858289,19.18560606,19.54041674,17.81255316,16.96063671,17.44378608,18.22193337,19.25225225,19.57300328,21.36644171,21.08781313,21.4522478,21.95949548,22.25996829,21.96281097,20.81919232,20.77196036,21.35140509,20.95905008,19.02414724,19.58735269,20.62434875,19.90060361,18.65582867,19.76162877,16.45092857,16.1619036,15.4808294,16.08609369,16.67781186,16.9725804,17.41334029,16.72296805,16.33721435,15.01276575,15.17127027,16.20268603,15.69404877,15.53731824,17.03717817,18.71176015,18.11414968,17.79381838,17.2796027,16.46389658,
France,FRA,"Industry (including construction), value added (% of GDP)",NV.IND.TOTL.ZS,30.52869718,30.87335424,30.21732601,29.80807302,30.27901308,30.33482002,30.08823419,29.70035801,29.17934637,28.6788577,28.9766359,29.42324889,28.83641061,29.13466902,28.6655276,28.54472652,28.0756575,27.98828063,27.87772056,27.4718333,27.59136526,26.85595836,26.23989471,26.01754086,25.53721441,25.38754532,25.25337465,24.83674954,24.76767902,24.18136211,24.2604515,24.10561001,23.82164791,22.84138908,21.99759685,22.09788842,21.44001914,21.33316823,21.2369949,21.01125472,21.12868305,20.76402473,20.36410754,19.92327867,19.66869203,19.35523085,19.01889188,18.89889463,18.6335204,18.01982416,17.5945885,17.68000487,17.46843477,17.56999392,17.34161953,17.23644155,16.94335724,16.74830326,16.72528326,16.90700396,16.27265121,16.08772896,15.76915379,18.11098475,17.2101482,
Faroe Islands,FRO,"Industry (including construction), value added (% of GDP)",NV.IND.TOTL.ZS,,,,,,,,,,,,,,,,,,,,,,,,,,,,,,,,,,,,,,,17.14644657,18.24837931,17.83875904,18.61712593,19.37018825,18.81790526,18.11926606,17.2377523,16.94183537,16.86811331,17.3235542,15.96324611,14.23571396,14.30281135,14.19396138,13.81341629,15.66818304,16.48553445,15.60074347,17.30649997,17.88793532,19.11334707,20.98884824,19.3886369,17.73121726,19.82810027,18.29981856,
"Micronesia, Fed. Sts.",FSM,"Industry (including construction), value added (% of GDP)",NV.IND.TOTL.ZS,,,,,,,,,,,,,,,,,,,,,,,,,,,,,,,,,,,,6.762181658,7.49574225,6.977773298,8.088782695,7.805411867,8.155493721,8.251049621,6.746325025,6.614031824,6.049402837,5.165684925,3.954591868,3.046747228,3.65725106,6.81964468,7.219261824,8.137915044,8.32839321,7.299178635,5.975896174,6.05754807,6.046953846,5.429415042,4.866454082,4.817918782,4.873523308,5.002325065,5.018644961,5.058515947,4.993348896,
Gabon,GAB,"Industry (including construction), value added (% of GDP)",NV.IND.TOTL.ZS,33.91758097,31.56536315,30.60173197,38.13336192,30.75438889,33.87387387,34.93379717,37.8742515,45.54182564,45.58652322,47.59775473,45.57563273,51.24424885,47.85840472,63.35754641,62.28373702,62.35572243,58.2584758,57.8264095,61.75923053,60.4291086,58.40876608,60.63588191,56.83664784,59.69669708,66.52782406,47.50063629,48.8482206,35.94956655,41.72968925,42.99642108,44.61222634,43.31982219,45.24836038,52.6190343,52.36344538,55.36597089,53.6521823,43.14177694,48.81574364,56.2551965,47.71007451,47.3156668,47.0391681,51.5005374,59.92236081,59.46631966,57.22220573,61.74200001,50.44675323,55.19246281,60.88121046,58.82460162,56.60861688,52.72224165,48.1836273,45.0378509,45.46730899,47.12708562,47.67886409,41.6943815,50.0677458,56.12974144,53.86979619,52.90024117,
United Kingdom,GBR,"Industry (including construction), value added (% of GDP)",NV.IND.TOTL.ZS,,,,,,,,,,,,,,,,,,,,,,,,,,,,,,,27.62551907,26.9180761,26.52505452,25.94040614,26.4692238,24.45372145,24.58283576,23.71671888,23.06562399,22.56615144,22.68096481,21.77330336,21.23700243,20.87608574,20.2198256,20.26454321,20.1946444,19.72290265,20.07449678,18.73336305,18.55667551,18.30102189,18.28271693,18.59271175,18.34783416,18.13973535,17.66779482,17.82152772,18.00236604,17.87363385,17.49571708,16.95531659,16.81985967,17.6714033,17.12465231,
Georgia,GEO,"Industry (including construction), value added (% of GDP)",NV.IND.TOTL.ZS,,,,,,,,,,,,,,,,,,,,,32.81887529,33.33875427,35.42821935,34.1919307,33.44481605,36.93444137,34.26405191,35.16916368,34.76008724,36.22683573,31.4045169,34.55497382,23.65951743,,,,23.03993796,22.22002678,21.79964557,21.23061725,20.99750128,20.53640995,22.7373927,24.08542637,24.17576825,23.7580566,21.71444318,20.90056374,18.94374282,18.92638719,16.87791052,17.68003678,18.84674445,18.03372091,18.1712887,19.7698929,19.12216015,21.26748936,20.90427646,20.0073714,21.07095523,21.06756126,21.32977971,18.87995486,19.58373983,
Ghana,GHA,"Industry (including construction), value added (% of GDP)",NV.IND.TOTL.ZS,,,,,,18.62210095,18.37944664,20.4787234,20.35294118,19.14042979,18.23815848,18.28,17.72646536,18.59468723,18.13304721,21.01078932,19.21544591,15.83803637,12.02706566,12.28119906,11.86875758,9.162008096,6.247469665,6.62852237,10.58208685,16.67667498,17.15314836,16.31903485,16.56589256,16.72379754,16.77282953,16.96424636,17.37508808,24.8185739,24.89913545,24.28499555,23.57854075,25.66780506,25.26653562,25.41278341,25.40392229,25.21597974,25.27567435,25.2099151,24.71675627,25.12543594,19.38209477,19.49280657,19.39956455,18.51409213,18.01494281,23.86366009,27.13653359,34.08982221,33.89820305,31.1193795,27.69325465,29.95221769,31.17774363,31.10772437,29.87675423,28.40501467,31.47005051,29.46662238,31.51976978,
Gibraltar,GIB,"Industry (including construction), value added (% of GDP)",NV.IND.TOTL.ZS,,,,,,,,,,,,,,,,,,,,,,,,,,,,,,,,,,,,,,,,,,,,,,,,,,,,,,,,,,,,,,,,,,
Guinea,GIN,"Industry (including construction), value added (% of GDP)",NV.IND.TOTL.ZS,,,,,,,,,,,,,,,,,,,,,,,,,,,23.57593931,23.57218641,22.91367125,22.76427206,23.73640228,20.97133706,18.43218817,19.49547297,17.23206955,19.27839354,20.3686624,19.74523826,21.16105945,19.79121618,21.52308969,21.8203987,21.48150293,21.75737154,20.9236441,21.98795386,34.27539594,30.76639579,32.93283757,32.28872632,32.3138373,32.61440056,31.5767583,29.64071392,29.69416485,26.32464161,30.10384329,31.65398693,33.34100143,29.3907987,28.51227427,28.82107123,26.50293007,25.73063932,25.11638485,
"Gambia, The",GMB,"Industry (including construction), value added (% of GDP)",NV.IND.TOTL.ZS,,,,,,,8.29639012,8.343057176,8.33819242,8.34218916,8.214777421,8.209606987,8.277027027,8.2421875,8.297742526,8.907563025,9.611529991,9.553131359,10.64453125,11.64619697,13.01518752,12.48320452,9.552210563,10.91974238,16.64568911,13.64696513,11.31767268,10.83739108,9.488806283,10.35202885,11.00948689,15.36000825,15.17003448,15.20011349,14.62553319,14.87392944,20.70366459,15.57434597,16.06870982,15.59420686,14.82267336,14.76682464,15.80697677,14.84902505,11.45166445,11.4940796,12.12389238,11.87953997,11.16205075,10.21100755,9.828166236,11.51266032,11.95836884,11.89469631,13.21483428,17.14345306,20.93559296,17.89275502,17.3104258,17.28260083,16.85368539,15.88212315,15.58896953,16.42242063,15.33328361,
Guinea-Bissau,GNB,"Industry (including construction), value added (% of GDP)",NV.IND.TOTL.ZS,,,,,,,,,,,21.24550093,22.07785159,22.46223334,24.39390244,25.49179586,25.36168326,15.52652784,22.63908568,19.98736052,19.86267571,18.72690848,15.91892514,14.40885582,11.45596042,14.37126519,15.64060879,19.80334604,12.29419102,13.46628099,16.35737905,17.41795028,9.247322946,10.38720737,9.672518563,10.86607737,11.47709739,10.90534725,7.167384932,8.532488757,7.897902313,8.881128695,9.969766222,15.82328009,16.75455349,12.44044042,12.44009607,12.09240561,12.5990181,12.38137562,12.75640334,13.74951491,12.2556709,12.04575127,13.15453146,14.6822694,12.92684753,12.02269333,11.7058929,16.37057219,15.63957747,12.39465005,11.80518372,12.68071948,15.08529225,15.61437886,
Equatorial Guinea,GNQ,"Industry (including construction), value added (% of GDP)",NV.IND.TOTL.ZS,,,,,,,,,,,,,,,,,,,,,,,,,,,,,,,,,,,,,,,,,,,,,,,82.91490224,81.30169858,84.34919433,75.32473243,74.74456143,78.06487369,77.31150427,72.44925774,70.19094522,59.10058727,52.33025433,56.86222809,57.29508162,52.07541004,45.40541058,50.20179211,56.21099906,46.50380817,45.75265057,
Greece,GRC,"Industry (including construction), value added (% of GDP)",NV.IND.TOTL.ZS,,,,,,,,,,,,,,,,,,,,,,,,,,,,,,,,,,,,19.51104422,19.01421806,18.21310376,18.50720849,19.1829945,18.71341353,19.15210077,19.02446094,20.50633797,20.47732778,18.40068844,20.50137781,18.7461472,16.67113821,16.09347998,15.06552779,14.37924098,14.79981911,15.06431528,14.14428257,14.44061439,14.30533599,13.54389389,13.68040764,13.41395724,14.29560219,14.77119778,16.72011435,14.84776115,14.998522,
Grenada,GRD,"Industry (including construction), value added (% of GDP)",NV.IND.TOTL.ZS,,,,,,,,,,,,,,,,,,10.84707496,10.51534802,11.19900705,10.200152,11.69601961,13.72170695,13.02045361,12.49234199,12.8475029,13.366522,14.17459097,14.4188805,13.44155797,13.30158566,15.32375679,15.27374363,14.88676114,15.45839671,15.85036485,15.5565744,16.1700953,16.64912288,17.36639821,17.90951883,16.51185707,16.61715595,17.00871384,16.71183384,22.84784878,19.42265002,18.8185413,17.5549887,14.72587018,14.7093297,13.34303667,12.3180286,13.39782952,12.81043786,12.32428898,12.15518956,12.71587675,13.43317702,13.64176034,13.09416053,14.5039604,16.14036468,14.78357024,15.16233012,
Greenland,GRL,"Industry (including construction), value added (% of GDP)",NV.IND.TOTL.ZS,,,,,,,,,,,,,,,,,,,,,,,,,,,,,,,,,,,,,,,,,,,,14.63295873,15.71066153,16.24433206,16.72221526,16.78410752,18.21720942,17.98227505,18.08424492,18.06051859,18.91178514,18.13322723,15.6961946,17.04671163,17.68740706,17.01055293,18.21300677,17.14222827,20.65522837,18.98092925,19.51188896,18.4467841,,
Guatemala,GTM,"Industry (including construction), value added (% of GDP)",NV.IND.TOTL.ZS,,,,,,17.04545719,17.83341483,18.55981424,18.65736107,19.06362476,18.66458508,18.81339682,18.76353686,19.19885493,18.72427072,18.49364766,20.10290839,20.88259024,21.1965466,21.52469297,21.98693312,21.74649823,21.2363286,20.50418583,19.75626378,19.66961976,20.09047152,19.84642414,20.19080078,20.10504818,19.78775975,19.57546383,20.00923083,19.87962571,19.6855446,19.66159254,19.68543907,19.97425176,19.99436828,20.11987319,19.79111628,27.3420735,27.18268952,27.44249661,27.88335509,27.58113724,28.26904536,27.88436382,28.11681614,27.52597452,27.49182654,27.94362123,28.12343712,22.95295997,23.19271437,22.73751048,22.6144393,21.90490143,21.42643521,21.94225338,22.32946221,22.24205072,22.63066005,22.30643862,21.73472983,
Guam,GUM,"Industry (including construction), value added (% of GDP)",NV.IND.TOTL.ZS,,,,,,,,,,,,,,,,,,,,,,,,,,,,,,,,,,,,,,,,,,,,,,,,,,,,,,,,,,,,,,,,,,
Guyana,GUY,"Industry (including construction), value added (% of GDP)",NV.IND.TOTL.ZS,27.86154901,28.12303829,31.80730102,29.63823432,31.6262354,31.39310345,31.6872428,32.51822243,34.47225245,34.87765744,35.34353996,33.7883354,32.75488069,29.74565757,30.14559548,31.73894737,32.11865153,32.36418601,30.84325945,30.20134228,31.69761273,25.79837356,25.03457815,18.59673025,20.5652423,20.66666667,22.94930981,26.01438774,25.76123794,25.86641002,17.39546827,20.21249294,16.50618393,23.55219539,24.22228945,21.01256273,22.60927454,21.8489282,20.87276144,19.89892073,20.00122998,20.08263633,19.64927588,18.04961684,17.11392535,16.66919386,22.07178903,23.65893779,24.73909508,24.56999831,24.90272708,26.45387707,26.58774987,25.62806498,24.39212723,24.71873879,29.38292731,26.20719267,26.25976398,28.68922593,38.79608015,50.38965206,67.82064166,69.30124609,76.03377948,
High income,HIC,"Industry (including construction), value added (% of GDP)",NV.IND.TOTL.ZS,,,,,,,,,,,,,,,,,,,,,,,,,,,,,,,,,,,,,,27.29953272,26.50839849,26.34043749,26.52611,25.4344482,24.73757615,24.73602348,24.94599599,25.19040644,25.41947886,25.27666122,25.14454412,23.38102142,23.97383028,24.24192328,24.10971318,23.8107616,23.69625781,22.90121608,22.48799623,22.87856998,23.2409573,22.82750023,22.13593231,22.83892426,22.8659853,22.18057596,,
"Hong Kong SAR, China",HKG,"Industry (including construction), value added (% of GDP)",NV.IND.TOTL.ZS,,,,,,,,,,,,,,,,,,,,,,,,,,,,,,,,,,,,,,,,,12.08238349,11.3479853,10.63652502,9.858602385,9.172944434,8.45767903,7.995870559,6.891085054,7.002103091,6.871197442,6.835827987,6.7171725,6.844524385,6.947699229,7.067506488,7.058016579,7.475714668,7.218762443,6.478878505,6.254714375,6.170581955,5.989491533,6.262653664,6.277451827,6.196131516,
Honduras,HND,"Industry (including construction), value added (% of GDP)",NV.IND.TOTL.ZS,14.74823925,15.26922313,15.91698751,15.67299006,17.84807985,17.52553567,17.77071444,19.28224249,19.63946287,20.58266225,20.64904909,20.77834003,20.81696017,21.71408313,23.5237329,24.56674561,23.19260052,23.20987005,23.03177156,22.769801,23.13936691,21.79593352,23.23939771,24.11112992,24.44601603,23.21234665,22.52183337,21.8456456,22.44931973,23.27089621,24.81749923,25.23171569,27.47033132,28.27757942,26.74234371,28.09555479,27.66226315,27.1879314,27.95117462,29.65325126,29.3809339,27.69506071,27.26238826,27.37165815,26.5378388,26.24004476,26.78488327,26.15666926,25.94977686,26.0219597,25.5871307,25.81421601,26.1135718,25.40931972,24.5107788,25.64997094,25.8278975,26.53892231,26.5924588,26.7243169,25.35785722,25.82015931,25.90842477,25.82481927,26.12593976,
Heavily indebted poor countries (HIPC),HPC,"Industry (including construction), value added (% of GDP)",NV.IND.TOTL.ZS,,,,,,,,,,,,,,,,,,,,,,,14.53592629,14.73146241,15.33434273,14.75282861,17.89809826,18.52624852,18.26221235,19.09505306,20.01657556,18.54426158,19.94789233,19.99109338,19.182986,19.40201391,19.89493948,19.58176229,20.08664269,20.3880328,21.27209448,21.14100416,21.71438437,21.97467425,22.73880945,23.27408523,24.05390837,24.50502975,24.8563509,23.5372185,23.61977571,25.28634914,25.27468276,25.94566046,25.36119598,24.27495571,24.00749121,24.87766603,26.27196539,25.98827376,25.06136664,25.86863179,26.66474582,27.34337521,27.57244994,
Croatia,HRV,"Industry (including construction), value added (% of GDP)",NV.IND.TOTL.ZS,,,,,,,,,,,,,,,,,,,,,,,,,,,,,,,,,,,,26.5381636,25.49788825,26.58414421,24.91150399,24.01122875,24.20228875,23.80425481,22.91319969,23.34093036,24.14881654,23.77347164,23.40588707,22.94158543,22.75831105,22.69141004,21.36803442,21.50439746,21.03966168,20.50753959,20.65264803,20.37013736,20.27694144,19.77218536,19.28997293,19.57629759,20.09650048,19.58541179,20.06577075,21.15438429,19.19158258,
Haiti,HTI,"Industry (including construction), value added (% of GDP)",NV.IND.TOTL.ZS,,,,,,,,,,,,,,,,,,,,,,,,,,,,,22.08160535,22.71931324,23.08565561,25.98774133,22.93742269,24.05917451,22.22778247,30.39463453,34.9206144,32.01766841,34.85368827,33.14781529,23.04848687,23.59848955,23.21169287,25.30987237,25.61287,25.03670079,26.49469301,25.29631128,26.70120189,26.22554115,23.53326873,24.59258027,25.37328252,25.68991933,26.56062976,26.05569094,24.44867789,23.70540839,24.13852103,23.38232622,23.32752565,25.53239692,29.34113803,31.98400131,33.35892561,
Hungary,HUN,"Industry (including construction), value added (% of GDP)",NV.IND.TOTL.ZS,,,,,,,,,,,,,,,,,,,,,,,,,,,,,,,,,,,,25.71950125,25.31660284,27.72890844,28.04965763,27.46793312,27.01474803,27.11181637,26.79537248,26.41833527,26.87787257,27.20895035,27.21577124,26.71204074,25.7747486,25.13711378,25.22669797,25.13591853,25.04986567,25.05612104,25.68738868,26.39167832,25.4486066,25.15875499,24.96975018,24.63373762,24.35968489,23.89769733,24.23308454,25.33982193,23.69389133,
IBRD only,IBD,"Industry (including construction), value added (% of GDP)",NV.IND.TOTL.ZS,46.40253372,37.3060941,36.56657661,37.19929805,38.61287469,39.86650686,40.8826745,37.96132557,36.77124205,38.59573498,39.83631888,40.83722363,40.80520508,41.14901194,43.15268823,42.43053769,42.08115775,42.01419147,40.18325305,41.54093218,39.38582436,38.09509137,38.39996902,38.04631628,37.95288829,36.88556628,35.9846944,36.12393447,37.20812849,38.70190884,38.62143834,36.50002078,35.79760254,36.36333835,36.54060737,34.40080786,34.47794177,34.55640126,33.3591894,34.05306955,34.9200822,34.57522444,35.0630583,35.06352733,35.95968798,36.55415669,37.18081671,36.87929316,37.47653449,36.22263696,36.68862552,37.02705908,36.73106903,36.07051549,35.63039009,34.72867544,33.91460295,34.18703017,34.84891166,33.94967509,33.50693326,35.14951068,35.24303902,33.84601602,33.12233198,
IDA & IBRD total,IBT,"Industry (including construction), value added (% of GDP)",NV.IND.TOTL.ZS,45.36668915,36.80602615,35.92828321,36.38997269,38.53979705,39.68386763,40.54636913,37.93829864,36.90865395,38.6748519,39.6569245,40.9270914,40.92084622,41.67587925,43.46777474,42.39960381,42.11862706,42.16930555,40.35605872,41.85049436,39.80781199,36.97125973,36.72236927,36.32408375,36.15329206,35.26080704,34.76568447,34.89275236,35.85764612,37.27838851,37.26946717,35.22978505,34.83406813,35.27315956,35.48301857,33.68437435,33.83411936,33.85099217,32.49483407,33.20186296,33.99466083,33.63730922,33.99028788,34.03888627,34.99097741,35.62821209,36.20861527,35.95989687,36.55971152,35.27522187,35.82761952,36.28172765,35.95681195,35.29428983,34.84343212,33.85318065,33.10940327,33.49840565,34.20473012,33.26935233,32.80027264,34.39561708,34.53457516,33.31490099,32.69347902,
IDA total,IDA,"Industry (including construction), value added (% of GDP)",NV.IND.TOTL.ZS,,,,,,,,,,,,,,,,,,,,,,29.55271703,26.22013783,24.22040717,22.21718827,22.46783485,23.20145089,23.26604689,23.07196015,23.57903525,24.34490869,24.21398322,25.14872948,24.17279366,24.04818982,26.25510477,27.51726593,26.8322318,24.52662399,23.00790738,23.49962854,22.696433,22.19733173,22.84319038,24.22391804,25.07057946,25.19567699,24.92267407,25.48150378,23.88101467,24.93201768,26.39538322,25.6308039,25.25868332,25.08773389,23.34859855,23.31035103,24.71218972,25.94140183,25.26011151,24.55124648,24.91705021,25.73783822,26.15316869,26.58175867,
IDA blend,IDB,"Industry (including construction), value added (% of GDP)",NV.IND.TOTL.ZS,,,,,,,,,,,,,,,,,,,,,,34.86308434,31.28633318,30.26230001,27.54109222,29.09679329,27.85864537,27.74227396,27.39589744,27.8537071,28.96182234,30.06942514,29.58366008,27.85544427,26.95560378,29.97563554,30.89979664,29.62095434,25.73775954,23.70649433,23.54623237,21.94378229,20.49867566,21.86572372,23.86526656,24.78250784,24.20153294,23.28804119,24.19061415,22.06304497,23.91364777,25.37390801,25.11036433,24.17871242,23.68988246,20.92208021,19.5534203,21.71376343,23.23728437,22.07439875,20.40348157,20.85132684,22.24056116,22.05580923,22.14735604,
Indonesia,IDN,"Industry (including construction), value added (% of GDP)",NV.IND.TOTL.ZS,,,,,,,,,,,,,,,,,,,,,,,,41.94831311,40.39014506,36.70986732,33.78820606,36.25428928,36.20734838,37.10764203,39.38494007,41.20477362,39.97996033,39.68049808,40.64204435,41.80083742,43.45578405,44.3289568,45.22777055,43.36006167,41.96907464,47.89350079,47.74533116,43.74956609,44.62761598,46.54105887,46.94355874,46.79914152,48.06074477,47.65212258,42.77586634,43.91342343,43.59374442,42.63567744,41.92834213,40.0478624,39.30844398,39.3791548,39.72973745,38.951768,38.23839372,39.84481919,41.42926418,40.21568231,39.31848572,
IDA only,IDX,"Industry (including construction), value added (% of GDP)",NV.IND.TOTL.ZS,,,,,,,,,,,,,,,,,,,,,,,,,,,,,,,20.84094485,19.74907179,21.05939412,20.72950434,20.93719156,20.63968984,21.36655615,21.65462338,21.9042405,22.35946433,23.38576495,23.34506845,23.79936416,23.74097602,24.5155168,25.28613427,26.21003247,26.64624179,26.78692476,25.58611877,25.90324307,27.38440983,26.17785968,26.40979345,26.6099619,25.87413174,26.79850756,27.36811585,28.31288381,28.4659568,28.39507728,28.65365604,28.88956939,29.33441455,29.36955486,
Isle of Man,IMN,"Industry (including construction), value added (% of GDP)",NV.IND.TOTL.ZS,,,,,,,,,,,,,,,,,,,,,,,,,,,,,,,,,,,,,,,,,,,,,,,,,,,,,9.234801707,9.012033149,8.257548735,8.706772725,7.9069983,7.431955871,8.021557795,7.593255829,8.88444589,9.424168208,6.936464027,,,
India,IND,"Industry (including construction), value added (% of GDP)",NV.IND.TOTL.ZS,20.83434345,21.43484397,22.05260014,21.87947583,20.95528854,21.65510507,21.38661717,20.08944288,20.62711566,21.41748463,21.72930929,22.39200791,22.40800259,21.34823029,22.6756934,23.20125208,24.48052342,24.40026254,25.32441961,25.99220623,25.3362459,26.10291921,26.14980479,26.29884329,26.73913865,26.62907122,26.73083582,26.69923652,26.71158382,27.55099348,27.4536955,26.44172018,26.79274327,26.78155428,27.62820125,28.59980942,27.91227037,27.83703076,27.30303785,26.51929335,27.32582838,26.48777734,27.66065416,27.47410712,29.21910631,29.53376419,30.92723994,30.90323825,31.13671924,31.12137211,30.72507823,30.16167976,29.3985277,28.40489956,27.6564012,27.34739148,26.61899994,26.50001665,26.4120919,24.59147531,25.12290581,26.46652361,25.38451956,25.3029365,24.62850413,
Not classified,INX,"Industry (including construction), value added (% of GDP)",NV.IND.TOTL.ZS,,,,,,,,,,,,,,,,,,,,,,,,,,,,,,,,,,,,,,,,,,,,,,,,,,,,,,,,,,,,,,,,,,
Ireland,IRL,"Industry (including construction), value added (% of GDP)",NV.IND.TOTL.ZS,,,,,,,,,,,,,,,,,,,,,,,,,,,,,,,,,,,,28.93794123,28.29292283,29.69547193,31.2887409,31.37096419,31.50132261,34.0831219,35.10525023,32.25899428,30.76609246,30.03419212,30.0803732,28.52657244,25.92554979,25.6117523,23.35850485,24.30193574,24.06395687,23.83967337,24.42884407,38.44017293,36.51923384,36.25432085,36.84850384,35.88091008,37.18036857,38.04662115,40.7564476,34.0037014,33.63257954,
"Iran, Islamic Rep.",IRN,"Industry (including construction), value added (% of GDP)",NV.IND.TOTL.ZS,25.74757522,27.82821472,29.54496024,30.86295178,31.40205583,32.82712924,33.56323089,35.18549836,36.30294548,38.53898256,40.58258388,43.13483658,43.39490363,53.64564154,62.3233342,56.73268549,57.24302288,53.29131527,45.68279439,45.75337475,35.1535961,34.72086644,40.53818945,38.05908434,34.43981847,30.55544573,24.90974033,24.9787619,24.80721348,26.14508954,32.79981982,33.39410377,33.54157415,42.02935024,43.3701571,39.44042389,42.08253625,38.71144368,32.50355341,37.45888618,40.30591016,39.91726198,45.50293488,45.05994955,47.47047248,49.63724905,48.25990087,48.23566314,47.66878878,43.0965173,44.20937942,46.23228857,42.09416321,42.77886847,39.22822805,32.17473965,34.32228296,36.14139312,37.14842846,33.41492506,37.20914213,39.22587662,41.21877791,38.77615836,36.06972328,
Iraq,IRQ,"Industry (including construction), value added (% of GDP)",NV.IND.TOTL.ZS,,,,,,,,,46.67955534,46.13665984,46.06195068,50.27078454,44.26433005,51.79398148,70.37254844,68.07236494,70.78199504,69.07923936,68.94684338,75.31073143,73.96754741,52.50068301,49.37906518,47.34490135,44.88931956,43.82086092,37.74911275,42.01818182,41.85630037,40.55194312,72.25233118,51.04943041,52.23206994,57.8582601,55.88644282,64.8653587,58.44651082,75.02027543,70.14708849,79.57410682,84.79597915,77.41957755,74.15785642,70.8382338,61.83506076,63.6084345,61.44419192,60.10771063,62.78885842,51.98979242,55.79349515,62.54802879,60.57698851,57.69152679,55.30759638,45.34028882,46.18250206,51.32968146,54.16994275,53.10940328,39.90409722,54.60888777,65.27212456,53.96048516,51.57177018,
Iceland,ISL,"Industry (including construction), value added (% of GDP)",NV.IND.TOTL.ZS,,,,,,,,,,,,,,,,,,,,,,,,,,,,,,,,,,,,23.84019741,23.16255886,25.30862354,24.10532764,22.35617328,22.53722594,24.15939292,21.88789614,21.00648848,21.31114399,20.40172472,21.8846028,19.75645144,22.6306547,19.39381117,21.85549624,22.22643643,20.94754106,20.88907862,20.63910667,19.94941843,19.51266449,19.47103967,19.73160381,19.5699968,20.42425303,20.84512215,21.45037915,20.01659089,20.09408301,
Israel,ISR,"Industry (including construction), value added (% of GDP)",NV.IND.TOTL.ZS,,,,,,,,,,,,,,,,,,,,,,,,,,,,,,,,,,,,23.53345392,23.93096735,24.22108784,23.66236374,22.89639156,23.02481134,21.6994586,21.47034062,21.28237124,20.56000497,21.28155209,21.58324784,21.83634141,21.36206475,20.6116501,20.81424949,20.13471269,20.45684721,20.56724527,19.91748516,19.9747306,19.12380771,18.56468469,18.82029796,18.9233447,19.4382959,18.84005864,19.42694298,18.50229629,17.34585521,
Italy,ITA,"Industry (including construction), value added (% of GDP)",NV.IND.TOTL.ZS,,,,,,,,,,,,,,,,,,,,,,,,,,,,,,,27.91545894,27.01674435,26.55077479,26.24233208,26.2363167,26.22059767,25.79544611,25.39879769,25.12131363,24.48464808,24.10210869,23.84486412,23.71283748,23.14242818,23.05570869,22.89227924,23.00390637,23.40529729,23.211744,21.38409481,21.36908017,21.24073422,20.79483201,20.60015394,20.18708447,20.28952832,20.66264572,20.79261424,20.98654902,21.01229844,20.96420391,22.55727711,23.27914411,23.66773535,22.33165883,
Jamaica,JAM,"Industry (including construction), value added (% of GDP)",NV.IND.TOTL.ZS,,,,,,,,,,,,,,,,,,,,,,,,,,,,,,,,,,28.44933025,28.16804599,27.46162632,25.48513798,24.31178316,22.96931239,22.95248745,22.56354482,22.31730126,21.32290593,21.49253457,22.25833961,21.9006506,21.22011485,21.31539962,19.68812284,18.09085934,17.98633045,18.24902354,17.99386056,18.09906598,18.3652279,17.23642052,17.08372881,17.30981082,17.8819319,16.67207094,18.06398939,18.21617351,17.44944912,16.72226602,16.47577965,
Jordan,JOR,"Industry (including construction), value added (% of GDP)",NV.IND.TOTL.ZS,,,,,,17.69374416,18.42553191,15.24822695,21.55688623,18.7900641,17.55691769,16.35012386,18.46590909,22.25088681,16.25615764,20.76164258,19.41114245,19.81460023,20.18106375,21.64885496,21.95038201,24.70661328,25.51966547,24.07925669,25.02487302,22.07449508,22.99486722,22.94572965,21.01208716,22.88600289,23.41458115,21.71061528,23.06115666,22.95077747,23.98044661,23.87426559,21.37185439,21.71763378,21.54800528,21.22596611,21.4363112,21.46078539,22.78186635,23.03595391,24.7957582,24.9215739,24.84965435,27.54445113,29.64498574,27.75934497,26.26682864,26.79466943,25.80780431,25.64066059,25.50879656,25.23280626,24.66931196,24.51396985,24.07783325,24.11168804,23.55381002,23.42042402,24.48820158,24.79631401,25.13501724,
Japan,JPN,"Industry (including construction), value added (% of GDP)",NV.IND.TOTL.ZS,,,,,,,,,,,,,,,,,,,,,,,,,,,,,,,,,,,34.55387294,34.31644311,34.28595862,33.92870218,33.37699307,32.87231482,32.51358706,30.9812267,30.22260008,30.07892076,29.96693054,29.87170704,29.66557181,29.59729581,28.78297644,27.11121222,28.33597017,26.70143607,26.56264143,26.65074506,27.31362673,28.58371142,28.62994765,28.88242601,29.01400769,28.80408481,29.05680761,29.21919409,27.71743746,28.6021836,,
Kazakhstan,KAZ,"Industry (including construction), value added (% of GDP)",NV.IND.TOTL.ZS,,,,,,,,,,,,,,,,,,,,,,,,,,,,,,,,,38.97180763,36.98964419,38.69871877,29.99769274,25.58776456,25.60638223,29.31463104,32.96666533,37.77582967,36.14182986,35.81093211,35.07526591,35.35184195,37.62801815,39.35645575,37.73089748,40.25024558,38.43148085,40.60242212,37.2660881,36.30285333,33.69881564,33.20942583,30.85478739,31.97979036,32.3252253,33.4962004,33.02879591,33.09779715,35.2669296,34.97939742,32.42848433,32.11280781,
Kenya,KEN,"Industry (including construction), value added (% of GDP)",NV.IND.TOTL.ZS,16.88990021,17.13806951,15.42865885,13.97900249,15.47239128,16.66667134,16.2803539,17.46706043,17.66117686,18.04358261,17.97226976,18.28730674,18.68057401,18.64397131,18.32280569,17.88668839,16.35731632,15.86698478,17.4325155,17.32039954,17.77777897,17.38906089,17.30958123,16.90869206,16.42914931,16.74073222,16.18045942,15.92975682,16.75328212,16.36991129,16.32579272,17.00351087,15.84607073,14.36701967,14.55205709,13.55651793,16.39205347,15.92638317,15.54216332,14.91530256,15.01585603,15.30962409,15.45356118,15.62315004,16.20507734,17.01262604,19.38410594,19.30216808,18.58277173,18.38662467,18.57467277,19.66290083,19.26155256,19.08025911,19.0360328,18.8940457,18.16215929,17.50350921,17.31314613,16.93054523,17.40028763,17.15243578,17.5274481,17.12221482,16.46766694,
Kyrgyz Republic,KGZ,"Industry (including construction), value added (% of GDP)",NV.IND.TOTL.ZS,,,,,,,,,,,,,,,,,,,,,,,,,,,,,,,34.10981308,33.82486486,36.06286254,30.5171158,23.88345314,18.1095193,17.02828717,21.05925887,20.76129123,23.12502318,29.19961994,26.83248899,21.31370312,20.24326767,21.68936955,19.96745267,17.55446612,16.68229999,20.4289121,23.63572933,26.26527379,27.44908809,22.25712973,24.84359467,23.88822892,25.07806232,26.546424,27.30809347,27.47851368,26.58031495,26.90424685,23.74830157,24.1941422,23.58393378,24.74269578,
Cambodia,KHM,"Industry (including construction), value added (% of GDP)",NV.IND.TOTL.ZS,,,,,,,,,,,,,,,,,,,,,,,,,,,,,,,,,,12.64624299,13.72271556,14.26204476,14.9885658,16.38573699,16.70908181,18.03982643,21.64559865,23.26462579,25.37930584,26.34287454,27.68026858,27.41924702,29.07002258,28.14003508,26.04959669,25.56651629,26.00889851,26.66069267,27.61102977,28.9581198,29.91699165,31.46390517,33.05620946,34.29808092,36.87142375,39.04559465,37.45761228,40.32050857,40.86496262,40.51737416,41.75065618,
Kiribati,KIR,"Industry (including construction), value added (% of GDP)",NV.IND.TOTL.ZS,,,,,,,,,,,,,,,,,,,,14.74959979,15.06196534,15.16718721,14.31754204,13.71617891,12.7048255,14.33708311,14.85758048,14.09736838,11.36408055,12.31783357,12.90122537,15.4179451,8.572182097,9.055372834,8.375125307,9.024314023,8.277302737,8.601584496,10.61122095,11.93567865,11.62590063,12.28219537,11.61382705,10.18567853,8.953129209,8.420155824,9.765377982,11.33400802,11.0150398,10.57836273,11.97761315,13.21563814,13.4930209,14.37698243,14.11507036,14.72677355,14.65063898,12.41675792,11.08181238,9.564406072,9.864341761,10.77952687,10.60269748,11.45506528,,
St. Kitts and Nevis,KNA,"Industry (including construction), value added (% of GDP)",NV.IND.TOTL.ZS,,,,,,,,,,,,,,,,,,20.44281671,17.53202967,17.40416693,18.91906514,17.28937729,18.76776027,19.11238063,17.39849003,16.57547044,18.16352558,18.79574852,22.86657945,22.3624471,23.97204228,22.52040439,22.04444988,21.21352543,19.49104689,20.7960681,20.26174236,19.43355896,20.65953413,22.47813916,26.84273456,30.56503112,28.619539,24.35023434,22.70299497,22.24982233,23.15163916,23.23448339,21.94049825,23.22749146,22.54463649,20.93955569,18.68459113,19.71219,21.37861283,22.73824724,24.51433007,26.2859866,24.55069013,25.30180094,23.13593872,22.57751436,21.75058305,21.3250721,20.85135871,
"Korea, Rep.",KOR,"Industry (including construction), value added (% of GDP)",NV.IND.TOTL.ZS,17.26475279,17.8276659,17.82312925,18.00383877,19.26025555,23.15965583,22.92074136,23.19136082,23.9259129,24.42303383,24.59771745,23.09043273,24.5941502,27.28521969,26.23736494,26.33299094,27.30346404,28.11204197,29.83431897,31.1632466,31.67051757,30.88504461,31.29993223,32.63213158,34.19494551,33.68798254,34.62005116,35.65760054,36.34383963,35.94509702,36.10960338,36.97147079,35.76687262,36.08490523,36.20050151,36.5279328,35.46481033,35.34135471,35.079992,34.27167206,34.42290634,33.08008168,32.68828052,32.99459769,34.60337116,34.08246083,33.52912295,33.49347441,32.58017699,33.07182196,34.40832871,34.86889466,34.70079667,35.19871119,35.02451777,35.11323111,35.22649371,35.62988427,34.97670748,33.6464921,33.35632618,33.15260468,32.51125805,32.52346901,33.9025438,
Kuwait,KWT,"Industry (including construction), value added (% of GDP)",NV.IND.TOTL.ZS,,,,,,,,,,,,,,,,,,,,,,,,,,,,,,,,,,,,,,,,,,,,,,,,,,,66.06555828,72.7249734,74.81232074,73.09869388,70.54831675,55.93584565,52.13478015,55.6192159,60.12765372,57.71865668,48.46121017,58.30679312,65.76632896,60.29413647,57.12686525,
Latin America & Caribbean (excluding high income),LAC,"Industry (including construction), value added (% of GDP)",NV.IND.TOTL.ZS,,,,,,,,,,,45.32465997,45.42050127,43.9462486,42.94135688,44.33110824,41.66557618,39.46796886,39.54789481,40.13252819,38.24222692,35.30650326,35.09854206,35.83015593,35.08964988,35.78806041,34.96139069,35.182095,35.21523564,36.31797439,36.27148306,30.77891107,29.30880198,29.50043493,32.31548469,31.69530233,26.68110702,26.63923992,27.14524515,26.80732121,27.69241756,28.37184799,28.15882758,28.71432991,28.26913654,29.02707329,28.81604303,29.12698145,28.37366638,28.36043311,26.29211743,26.98526206,27.32896171,27.05640878,26.07676277,25.53561364,24.60120572,23.79425133,23.92353269,24.78995497,24.6793823,24.57336198,26.51854714,27.19056726,26.81033691,25.91653695,
Lao PDR,LAO,"Industry (including construction), value added (% of GDP)",NV.IND.TOTL.ZS,,,,,,,,,,,,,,,,,,,,,,,,,,,,,,13.42781631,14.3813264,16.58354174,17.53343221,17.44479471,17.7559143,18.76118629,20.6120582,20.62511287,22.26196211,22.46983672,16.4770694,16.99371479,18.38268973,20.12014415,19.35950977,23.22878956,26.17545125,25.39302052,26.94972317,25.16309379,30.46602109,30.81597019,32.43664467,30.42770755,28.81500055,27.69334425,28.75950464,30.9124754,31.53319249,31.53138199,32.41636783,34.12997772,34.10897973,30.53358083,29.04637818,
Lebanon,LBN,"Industry (including construction), value added (% of GDP)",NV.IND.TOTL.ZS,,,,,,,,,,,,,,,,,,,,,,,,,,,,,,,,23.63038218,22.82926066,22.62990249,22.61620347,22.2342521,22.30642255,22.27216495,23.68350606,21.22945506,19.96541122,20.43071372,19.11540593,18.31213873,14.57516638,14.76003823,15.00815138,15.50987735,16.21200383,15.43951679,13.80937621,14.50621607,15.48551974,16.34379623,16.20941013,15.70518464,15.95390381,14.92687978,13.80560238,12.49911818,6.638166395,2.758632074,2.3907621,2.086302018,,
Liberia,LBR,"Industry (including construction), value added (% of GDP)",NV.IND.TOTL.ZS,,,,,,,,,,,,,,,,,,,,,,,,,,,,,,,,,,,,,,,,,4.24715103,4.186181015,3.243096009,4.149037433,7.726989967,7.218187566,7.703261841,7.929315368,7.094959444,5.009739819,4.999614615,8.300116764,14.58892598,19.51825415,18.55481,16.82484548,13.770442,15.44165143,16.92386495,16.98960702,16.84383269,19.11482972,20.68854727,23.34674487,22.65217911,
Libya,LBY,"Industry (including construction), value added (% of GDP)",NV.IND.TOTL.ZS,,,,,,,,,,,,,,,,,,,,,,,,,,,,,,,,,,,,,,,,,,,65.83038598,70.89381321,76.64251376,80.97429439,86.66955501,84.72750767,85.92039285,73.79725447,75.74498699,53.8989087,73.73692992,65.12375891,46.76927755,34.82896933,26.07707627,38.98001611,49.67675801,49.97761793,15.95020364,74.91210084,76.83807986,78.89952808,73.49714042,
St. Lucia,LCA,"Industry (including construction), value added (% of GDP)",NV.IND.TOTL.ZS,,,,,,,,,,,,,,,,,,,,,,,,,,,,,,,,,,,,,,,,,,,,,,,15.57183088,13.33867027,12.93315548,13.19410657,11.69936339,11.0709394,10.88233113,10.23720405,9.983060896,10.86335166,10.99072956,10.88351285,9.856988308,9.044742931,12.66736495,11.28595231,8.865940591,9.684901965,9.753475133,
Latin America & Caribbean,LCN,"Industry (including construction), value added (% of GDP)",NV.IND.TOTL.ZS,,,,,,52.70514831,51.47886778,48.2113924,48.28115287,48.9884313,46.97096115,47.1058742,45.9485471,45.7297633,49.13337283,44.61595098,43.37610663,43.53957201,43.36733439,42.84366733,40.10537289,39.66848087,40.09575699,39.43057744,40.37265834,39.53641763,39.6838835,39.31905713,40.88387025,40.67081491,35.68309228,34.07325385,34.13923593,36.45050037,35.49811776,30.71936274,30.51165108,30.99345695,30.43035994,31.3591178,32.52462399,32.33263871,33.01003946,32.72572322,33.79429657,33.80136952,34.32484955,33.40744695,33.49907614,30.93490236,32.16663592,31.90022092,31.20152303,30.74600249,30.38074913,29.74310193,28.83804057,28.96891123,29.99628618,29.98606703,30.18506119,32.32851438,32.888625,32.21562236,31.32564608,
Least developed countries: UN classification,LDC,"Industry (including construction), value added (% of GDP)",NV.IND.TOTL.ZS,,,,,,,,,,,,,,,,,,,,,,,,,,,,,,,,,,,23.2236624,22.54058035,22.81563274,22.78750215,23.40599392,23.6962536,24.57729418,24.81376636,24.73973251,24.63172752,25.86458648,27.98393238,29.51035677,30.84119648,31.12331389,27.56230089,28.86017514,30.9185813,30.52486108,29.60585994,28.92729145,26.66224447,27.26257019,27.91637368,29.35343168,29.64221948,28.92956358,29.42228356,29.41799717,29.98308659,29.57459601,
Low income,LIC,"Industry (including construction), value added (% of GDP)",NV.IND.TOTL.ZS,,,,,,,,,,,,,,,,,,,,,,,,,,,,,,,,19.41876094,21.28778475,19.79161289,20.85972872,19.41083836,22.84037207,22.72020068,21.16492741,23.27789871,26.56330432,26.06091687,26.22453166,25.93798751,27.55963923,28.7915873,30.22727243,31.51557748,32.07846243,29.793184,29.94603974,31.45392462,28.2514569,26.99017114,27.77893494,25.67375375,23.3647765,23.28553478,24.84423408,24.36508277,24.82149838,25.40164557,24.39330523,26.78121222,25.6624022,
Liechtenstein,LIE,"Industry (including construction), value added (% of GDP)",NV.IND.TOTL.ZS,,,,,,,,,,,,,,,,,,,,,,,,,,,,,,,,,,,,,,,,,,,,,,,,,,,,,,39.30458267,39.64717263,37.26026489,41.95437832,44.07861714,41.75503469,44.29522857,40.30361983,40.77639021,39.35330118,39.11387275,,
Sri Lanka,LKA,"Industry (including construction), value added (% of GDP)",NV.IND.TOTL.ZS,20.68715908,20.55453456,21.08621702,20.6927668,20.39136579,21.55252655,20.31832671,19.99371918,21.45722848,23.27557484,24.18126303,25.07242459,24.55988435,25.7291496,25.34177672,26.68756333,27.3774402,28.94349233,27.53489722,28.52580375,29.92491098,28.25296012,26.51740365,26.53984417,26.49695133,26.54763667,26.9554785,27.78084324,27.0321012,27.10100601,26.32760729,25.89559277,25.8895416,25.84954629,26.40419022,26.6839789,26.57422755,26.9936626,27.61671494,27.36132373,27.3180768,26.82059442,28.01061345,28.42457042,28.61810152,30.18808846,30.64229518,29.91981978,29.37119475,29.67143873,27.7831983,29.07314976,30.96985381,30.79568073,30.51789543,29.53541787,30.48271773,31.12827865,30.05681953,29.19100987,28.23583288,29.95400977,29.80583158,25.78267695,25.52880513,
Lower middle income,LMC,"Industry (including construction), value added (% of GDP)",NV.IND.TOTL.ZS,31.90117829,32.63961512,31.94936882,32.27556853,32.27762132,32.93584852,32.21595713,31.39719029,32.0735039,33.13096433,32.01556273,33.52229175,33.3230323,33.28183948,34.3609276,33.8403454,34.28518492,35.2032735,36.00653768,37.73284625,37.1567434,31.35956384,29.56484722,28.68776418,27.70627655,27.49847336,27.48626853,27.43654539,27.49618835,28.18347153,28.3768549,28.28414099,28.45248335,28.18750314,28.27208992,29.43221804,29.2699555,28.92426726,27.34764695,26.70945852,27.23054369,26.57406162,26.66908462,26.81402316,28.01665491,28.65654709,29.34305205,29.33217996,29.74406689,28.66516946,29.16002904,29.63418642,29.68170327,29.01285543,28.36813059,27.07796734,26.48743146,27.06483765,27.58176542,26.60086244,26.24266032,26.99513389,27.12716807,26.87629482,26.66292678,
Low & middle income,LMY,"Industry (including construction), value added (% of GDP)",NV.IND.TOTL.ZS,43.64767227,35.12153396,34.13424345,34.55073141,36.4167207,37.51839124,38.32459465,35.77307205,34.74862861,36.67749295,37.72628552,38.99491253,38.97462178,39.4984462,40.52466414,40.15357536,39.75177668,39.85361232,38.06539993,39.37401569,37.33112444,34.58195776,34.40156136,34.02765996,33.73214343,32.91809614,32.38539662,32.55834153,33.43074319,34.04088077,34.49964169,32.2624732,32.67517582,33.6511863,34.1240782,33.05419555,33.3002955,33.37927953,32.12148678,32.95400105,33.70974805,33.51524843,34.09637812,34.15855425,34.91397586,35.50739724,36.19689907,36.04021326,36.83222215,35.46733588,35.85165285,36.52575631,36.33135921,35.5295409,34.86007712,33.43177542,32.66517132,33.0521017,33.67888279,32.68199467,32.26828697,33.8602021,33.97137364,32.81500371,32.21187868,
Lesotho,LSO,"Industry (including construction), value added (% of GDP)",NV.IND.TOTL.ZS,,,,2.365178571,3.671967655,5.213010204,6.727654321,11.80085046,10.34654819,11.32406621,10.17372709,10.16983547,10.95128617,11.20439952,12.51580488,13.24159132,19.18668224,15.12813801,21.30500431,25.09435121,24.18524249,22.37152231,15.39269225,12.31528031,13.52692231,12.85185225,14.00779054,14.56222892,17.56661354,18.70126985,21.35361124,27.84746102,29.62767785,30.70693485,31.13964357,30.88669212,32.47911985,29.64505672,30.3069078,32.2463145,35.16430785,37.99205688,38.70013563,36.47028812,34.66530775,33.77010711,35.48131965,39.12586171,40.56384007,33.30032239,31.46335213,33.19964991,30.81793982,29.02324456,32.16087362,33.7385657,30.58664757,28.57306173,31.13904258,30.5436539,31.07920751,32.07145799,30.48874146,28.73226288,30.93735827,
Late-demographic dividend,LTE,"Industry (including construction), value added (% of GDP)",NV.IND.TOTL.ZS,62.47626014,44.02113773,41.92212345,42.8320064,47.79603455,49.32294436,50.92094206,45.84566708,42.41435944,46.94755743,51.58736146,51.95313162,52.1113069,50.25125706,46.29709073,46.39981212,44.23671747,45.28209809,41.92386073,43.5031578,43.40648912,43.59172461,42.74350993,41.66964271,42.70913106,42.08968361,40.13606092,39.75652682,39.82425737,43.65339645,40.69443749,40.12856499,39.49373113,40.0009947,39.71698048,35.31457246,35.15872616,35.20692925,34.49562121,35.5355864,36.46936111,36.59852741,36.50963748,37.06574582,37.72835408,38.10374697,38.3424259,37.76970293,38.03453089,37.62760654,38.10854657,38.416418,38.17431006,37.31858536,36.87029913,36.12011914,35.03418952,35.21014607,35.86465327,34.96020044,34.42891069,35.97977353,36.21518111,34.59437402,34.11132176,
Lithuania,LTU,"Industry (including construction), value added (% of GDP)",NV.IND.TOTL.ZS,,,,,,,,,,,,,,,,,,,,,,,,,,,,,,,,,,,,28.36696026,27.26585398,27.08323801,27.37159187,26.39455034,26.50084845,27.21467166,26.39882123,27.96306232,29.52785582,29.72360685,30.17054789,29.64501628,29.20090863,25.0207491,26.21165181,28.35343171,28.20019993,27.62426892,27.72644118,26.96369786,25.99746022,25.72045768,25.57887872,25.25641494,24.78769007,24.85875092,25.63986959,24.23709429,23.39463746,
Luxembourg,LUX,"Industry (including construction), value added (% of GDP)",NV.IND.TOTL.ZS,,,,,,,,,,,,,,,,,,,,,,,,,,,,,,,,,,,,19.6534243,18.59851817,18.45687498,18.81596499,17.25332675,16.65467895,16.31385305,16.10805189,16.2313624,15.43934602,14.46612736,13.52057912,14.47596844,12.80514739,11.00660492,10.99797265,10.70843828,10.42671879,10.44294198,10.81088063,11.53962343,12.09593256,10.81833686,10.97207843,11.60046386,11.34277534,10.5920031,9.113800456,9.286220976,9.659867663,
Latvia,LVA,"Industry (including construction), value added (% of GDP)",NV.IND.TOTL.ZS,,,,,,,,,,,,,,,,,,,,,,,,,,,,,,,,,,,,27.54328316,27.28845071,28.65198521,26.40631308,25.35944257,24.22138618,23.25145468,23.3580896,22.27661614,22.34010975,21.04003908,21.87415905,22.75206472,22.84474521,21.52229297,20.8612026,21.41890103,21.41559034,20.8210959,19.61860433,19.78345674,19.16543657,19.77672939,19.3453568,19.59885279,20.33418377,21.09183067,20.58140018,20.1348663,18.49099142,
"Macao SAR, China",MAC,"Industry (including construction), value added (% of GDP)",NV.IND.TOTL.ZS,,,,,,,,,,,,,,,,,,,,,,,,,,,,,,,,18.68737142,17.30774139,15.24334862,14.09064671,12.86380963,11.78682618,11.9166336,12.36193321,12.3404174,11.45915721,9.820002903,9.233367106,9.549941796,8.417465039,10.97161628,14.10170232,13.78449329,11.80331952,7.315361098,4.808066686,4.160264264,4.034667308,3.717721202,5.036730433,7.714386831,6.636216714,5.005400264,4.099153404,4.217718019,8.506466499,7.77031573,9.277827514,5.434298078,,
St. Martin (French part),MAF,"Industry (including construction), value added (% of GDP)",NV.IND.TOTL.ZS,,,,,,,,,,,,,,,,,,,,,,,,,,,,,,,,,,,,,,,,,,,,,,,,,,,,,,,,,,,,,,,,,,
Morocco,MAR,"Industry (including construction), value added (% of GDP)",NV.IND.TOTL.ZS,,,,,,27.54691689,29.05331135,28.53528801,28.10027182,27.64218843,26.96668498,27.27148766,27.54765474,27.96848182,35.0208706,35.1734366,32.01671546,32.55159663,31.34314828,32.66766597,28.75954622,31.68291834,30.3127021,30.87141549,30.83407971,30.20800129,27.3992711,27.60760308,27.73240725,27.34695134,27.5981379,26.01615841,26.37223976,26.47452233,25.16400156,26.33117822,25.62099642,27.32239509,23.14101634,23.48726489,24.3526302,22.86969299,22.63612244,23.32480131,24.00298761,23.68120688,22.75308141,22.42293928,24.31558226,22.25957486,23.71191269,24.50651919,24.26597735,24.15312888,25.81326751,25.62268173,25.68510458,25.40545481,25.24135381,25.24995241,26.04364339,25.95390905,26.0855513,25.32297402,25.63797948,
Monaco,MCO,"Industry (including construction), value added (% of GDP)",NV.IND.TOTL.ZS,,,,,,,,,,,,,,,,,,,,,,,,,,,,,,,,,,,,,,,,,,,,,,,,,,,12.92234736,12.82520232,13.01624234,13.9971637,12.62918561,17.59173987,18.25599097,12.80195358,13.14703707,13.03616102,14.89614445,12.54577624,12.27578945,11.50237786,12.79696469,
Moldova,MDA,"Industry (including construction), value added (% of GDP)",NV.IND.TOTL.ZS,,,,,,,,,,,,,,,,,,,,,,,,,,,,,,,,,,,,28.44557207,27.28740086,25.4355541,20.32349303,20.50764051,19.14766937,21.96913728,20.38476213,20.67288099,20.71753247,19.16759004,18.77790365,19.44239191,19.12173485,17.16287409,20.43389172,20.91072042,21.31451091,21.60325754,21.1263772,21.10766573,21.19446461,21.01887677,22.14797636,21.92334893,23.134523,20.63126068,19.09082181,17.68786782,16.78047606,
Madagascar,MDG,"Industry (including construction), value added (% of GDP)",NV.IND.TOTL.ZS,,,,,,,,,,,,,,,,,,,,,,,,,,,,,,,,,,,,,,,,,,,,,,,,18.90683075,20.46859544,18.83320963,18.00752056,17.85327281,17.27608432,17.90961382,19.24978287,18.95088473,19.40994447,20.11235766,21.48195747,22.44549735,19.46618711,22.25009462,23.35681615,22.93900881,22.78961892,
Maldives,MDV,"Industry (including construction), value added (% of GDP)",NV.IND.TOTL.ZS,,,,,,,,,,,,,,,,,,,,,,,,,,,,,,,,,,,,,,,,,,,,12.37545924,11.05881249,11.73192952,9.517634132,8.74551359,11.44930716,9.62024683,9.431755728,10.07448207,9.790791633,8.058403005,8.413910692,10.72322653,11.27414921,11.42519844,13.05364876,11.9425438,12.56051383,9.192297547,9.918617277,9.640447397,9.197507658,
"Middle East, North Africa, Afghanistan & Pakistan",MEA,"Industry (including construction), value added (% of GDP)",NV.IND.TOTL.ZS,,,,,,,,,,,,,,,,58.68983252,61.21220269,58.83383853,53.51019347,57.64339139,59.74638367,57.72034829,51.90770076,45.81223331,43.30471042,39.84229179,33.92384834,34.31323496,34.13870318,36.13950483,53.42826045,39.42134859,39.83178954,38.26473358,38.23468917,39.02864176,40.4139836,40.29352853,36.18157877,39.34428251,42.83785549,40.64001196,41.49658997,42.00218566,44.19026025,47.78270404,48.77645817,48.05120826,50.11080862,43.14188089,45.30961851,48.04076992,48.11032575,46.55991707,44.22693174,36.24935544,34.34615037,36.14315631,39.16233395,37.52321912,32.8779471,37.92714821,43.21881682,39.7069954,37.81923845,
Mexico,MEX,"Industry (including construction), value added (% of GDP)",NV.IND.TOTL.ZS,,,,,,25.64956044,26.23796053,26.97162651,27.4052861,27.91197044,30.60470721,29.64308163,29.788,29.65617945,30.84837778,30.53219091,30.37364697,30.9642834,30.80978177,31.17601695,27.93107603,27.22748924,26.38227263,29.01078674,28.63089243,28.23881882,28.69844631,30.21314755,29.74465435,27.12525982,26.14692975,25.74979525,25.72598066,32.98835915,32.5699823,33.29222271,34.34186707,34.77408257,34.15781935,34.24603853,34.38680032,33.30840376,32.86450049,31.50066169,33.00628683,33.05313763,34.38566667,34.02450195,34.84806239,31.99931389,32.53948705,33.82310221,34.09634247,32.16827513,31.91755413,30.84025361,30.6167914,31.95868467,32.04386545,31.83829614,30.99998039,31.96952899,33.16383052,32.60593235,31.77774327,
Marshall Islands,MHL,"Industry (including construction), value added (% of GDP)",NV.IND.TOTL.ZS,,,,,,,,,,,,,,,,,,,,,,,,,,,,,,,,,,,,,,9.93641517,13.0618247,13.78801099,12.73736595,10.62283661,14.75719915,11.67427371,10.30007524,8.122753623,11.37695531,13.26019934,12.72251023,13.62837302,14.62290503,13.53737667,13.34742667,13.88433476,14.5738172,11.29885683,15.29697721,13.01230697,12.19868182,14.41717475,13.34536807,11.19577346,9.590653461,11.68354674,13.17620335,
Middle income,MIC,"Industry (including construction), value added (% of GDP)",NV.IND.TOTL.ZS,44.95487691,36.09938881,35.22535495,35.88836029,37.28877006,38.52408815,39.3574695,36.59971868,35.56758402,37.62792385,38.63514945,39.97888869,39.96923158,40.46979893,41.45025577,41.11187538,40.65032988,40.83527649,39.01169526,40.24545475,38.08139484,35.13584329,34.97185514,34.55244232,34.19289065,33.3162442,32.7943562,32.99526106,33.92284878,34.51882126,34.98766235,32.81087735,32.98536333,34.0255594,34.4212207,33.28676921,33.45406052,33.5374075,32.29118284,33.11467764,33.85725177,33.65527681,34.26166724,34.32977667,35.06981008,35.65734341,36.33149511,36.14719205,36.9445919,35.59197965,35.9704842,36.6208366,36.45247998,35.65163792,34.96354376,33.54191947,32.77664711,33.16133682,33.77632476,32.77373975,32.35044985,33.94662922,34.0804885,32.88460478,32.29087965,
North Macedonia,MKD,"Industry (including construction), value added (% of GDP)",NV.IND.TOTL.ZS,,,,,,,,,,,,,,,,,,,,,,,,,,,,,,,37.43515038,28.29442149,33.18616798,29.71021323,24.2724513,24.07717858,23.81708389,28.20360298,27.75439536,26.5943719,21.40633672,20.58654559,19.37806722,22.48840689,21.03844209,20.36200709,21.66258512,20.58092355,19.53312926,18.97270285,21.04226885,21.592422,21.0808587,22.14046476,22.82257866,23.92218322,23.96304609,24.25894588,24.05042988,23.70348341,22.74339589,22.58059209,23.02446807,24.01243231,24.06758645,
Mali,MLI,"Industry (including construction), value added (% of GDP)",NV.IND.TOTL.ZS,,,,,,,,8.816338495,10.34488808,10.04716853,10.22765059,10.87230997,11.31008397,11.71180954,12.39414219,10.13042633,9.827829437,9.863874598,9.812511232,8.830017452,6.758287225,7.001868072,6.635504756,8.087196251,9.405186746,8.933745783,9.650167174,10.67746847,9.216766166,9.310588066,10.51702963,10.60973656,10.87184483,10.52082024,9.412321268,11.81241076,12.15066602,15.28397554,15.98825091,15.03633666,16.19806314,18.1624782,18.71365832,18.51807164,16.85518852,20.61773485,24.10718944,22.8987343,22.91798333,24.11778905,23.77623897,23.99792539,23.41003515,22.68840964,24.0582958,22.35553203,21.89082394,22.17433863,23.20803172,23.08297411,26.73895369,25.71404086,25.8229788,25.46448965,23.45850966,
Malta,MLT,"Industry (including construction), value added (% of GDP)",NV.IND.TOTL.ZS,,,,,,,,,,,45.88564811,41.950394,47.25950444,49.14122854,55.07483234,61.14026652,63.70950774,63.21120485,63.25913826,63.63801962,61.21873685,58.56872834,58.82701027,57.306157,57.71299933,56.93285463,55.90439467,53.71675492,52.27785271,52.28904811,50.77844148,49.94580789,46.73992443,45.49049951,46.87359226,26.2177415,26.02441987,25.53635906,26.22366593,24.75705978,26.99683048,23.84990036,24.7692492,24.53589278,22.22835539,20.73961048,19.80274086,18.50843451,19.30209539,17.65466164,17.44461485,16.44554702,15.07532537,14.55960051,13.07604893,12.08941454,12.27883735,11.45575908,11.51640395,12.0663263,12.21286368,11.44462682,11.29868596,11.08876281,10.66475095,
Myanmar,MMR,"Industry (including construction), value added (% of GDP)",NV.IND.TOTL.ZS,,,,,,,,,,,,,,,,,,,,,,,,,,,,,,,,,,,,,,,,,9.692261136,10.58049433,13.00689549,14.2582574,16.36636196,17.51220464,19.23729302,20.40912967,22.66581542,24.5320051,26.46806427,31.29164883,32.3730208,32.3622196,34.4897148,34.46882126,34.80950488,36.80092112,36.9634615,38.41261109,37.54391555,37.31088999,38.24713577,37.59292504,37.81237065,
"Middle East, North Africa, Afghanistan & Pakistan (excluding high income)",MNA,"Industry (including construction), value added (% of GDP)",NV.IND.TOTL.ZS,,,,,,,,,27.73819613,28.69802453,28.99364158,31.30412329,30.49799313,37.22156086,46.85013317,44.27926632,45.8442504,43.82824807,39.43871343,42.37565742,37.36870773,31.74194769,34.94638232,34.14554638,32.49195215,30.39364303,26.82825378,26.66636729,27.71501257,28.40300325,48.06286369,29.23672391,28.39431235,28.36232812,30.36677665,32.1623054,33.0397871,33.34144006,30.65149286,34.41944034,36.50627115,33.92965896,35.51540082,35.21524997,37.46157384,40.24438354,41.43781875,41.50334983,43.1240013,37.33696905,39.36810769,40.23225266,39.99197737,38.59722314,36.21887925,30.66849302,29.72478611,31.43157835,32.89478131,32.2600282,28.7954542,32.9602816,36.93011483,34.61735265,33.19422696,
Montenegro,MNE,"Industry (including construction), value added (% of GDP)",NV.IND.TOTL.ZS,,,,,,,,,,,,,,,,,,,,,,,,,,,,,,,,,,,,,,,,,21.25900465,22.31432079,21.59535062,19.3294873,18.97294439,17.34154493,18.45662682,17.42366821,18.13485495,17.53010902,17.18850674,15.18808421,14.89261088,15.54059225,14.33206467,14.43154217,15.58021986,14.83168473,16.10796709,16.43543729,17.6118148,14.86733704,13.43283459,12.74988689,12.17915476,
Mongolia,MNG,"Industry (including construction), value added (% of GDP)",NV.IND.TOTL.ZS,,,,,,,,,,,,,,,,,,,,,,24.97615795,25.69472013,26.31189154,26.97181197,27.17756286,28.27573173,28.3930954,28.81726974,38.79450787,41.21422017,34.3366922,34.69147466,30.04213112,31.42176945,32.84459856,23.65398278,28.52477809,22.604836,22.30424574,22.19614216,21.94188322,22.48462714,25.21995515,28.33344037,32.4965006,38.69260634,37.73477586,30.85103566,30.05655853,33.19424749,31.33374856,30.77159311,30.50689238,31.49762327,31.51587758,33.17807153,37.41841161,37.97567033,38.09269776,37.04967085,37.07557212,35.31221757,39.53540901,38.14088167,
Northern Mariana Islands,MNP,"Industry (including construction), value added (% of GDP)",NV.IND.TOTL.ZS,,,,,,,,,,,,,,,,,,,,,,,,,,,,,,,,,,,,,,,,,,,,,,,,,,,,,,,,,,,,,,,,,,
Mozambique,MOZ,"Industry (including construction), value added (% of GDP)",NV.IND.TOTL.ZS,,,,,,,,,,,,,,,,,,,,,,,,,,,,,,,,18.12853256,19.67712408,14.95514457,17.13533432,15.46932692,16.94223094,18.3503185,21.75664945,19.81494983,19.52922836,21.39385586,17.08210026,18.87681298,19.80666236,18.60613835,19.81623201,19.50853482,17.16774457,16.9004328,16.8681863,16.50933725,16.87400388,16.44572461,17.48846836,18.6152107,20.56698301,23.6070708,25.33392006,23.88826282,21.75399072,21.94117731,23.24259499,21.50798787,21.90030123,
Mauritania,MRT,"Industry (including construction), value added (% of GDP)",NV.IND.TOTL.ZS,,29.8485744,25.31331198,21.41209278,30.24107058,37.22319448,40.25562858,38.94332701,40.15370002,40.62907166,40.33630043,41.43324479,36.8425891,30.50263583,32.55807657,34.23624739,33.84314737,30.2661144,26.99548555,29.87463013,27.21004657,26.90182602,23.63247473,21.13709309,25.38093513,32.58359405,31.10489,26.77406215,27.18128791,29.93173935,28.81294447,24.90869929,24.12667572,25.11266538,25.30240092,25.61960119,25.80452703,26.85408731,33.53876159,32.40939517,29.95185026,29.03614524,28.42029888,26.73455099,27.53211742,33.19032581,43.86966537,37.00524769,36.48908844,32.75441348,38.19290578,44.10790377,37.47417814,38.60977013,28.43737066,22.7465106,25.21976004,23.74562923,23.63503872,28.59843509,33.64653877,32.08189289,29.13755033,30.93647279,30.50520711,
Mauritius,MUS,"Industry (including construction), value added (% of GDP)",NV.IND.TOTL.ZS,,,,,,,,,,,,,,,,,21.83609807,21.99347648,22.64177659,21.91694933,21.69252155,20.96370154,20.71890585,20.06982283,21.90561712,24.08301252,26.01521017,26.81263511,26.85317201,26.85190253,27.41485856,27.79831002,28.19276567,27.98915067,27.77223451,28.01439086,27.95526911,26.86505337,26.74900368,25.94770108,25.64026675,26.38740362,25.62399873,24.91525779,24.08620091,23.05396982,21.99555503,22.1985594,23.02091864,23.00771382,22.15953301,21.30511306,20.65018379,20.0954005,19.48491752,18.94869913,18.3463011,17.52826669,17.3385214,16.66968228,16.41407982,18.02298224,18.06609187,17.8391234,17.7933931,
Malawi,MWI,"Industry (including construction), value added (% of GDP)",NV.IND.TOTL.ZS,,,,,,,,,,,,,,,,,,,,,23.83292928,23.09388614,22.50792568,22.82181366,21.18447735,22.96788438,22.80102783,25.77740199,24.5291311,27.96537019,29.11778701,28.75702916,33.4379517,26.02138104,22.77523997,20.46494387,20.6414759,19.82137459,19.49270258,19.53554035,19.04422144,17.8929694,19.80516022,21.18422955,18.44393458,17.52114531,19.21180627,21.29916384,18.93788918,18.06813119,17.93172882,18.16619967,17.71852208,17.4239449,17.26492671,17.55617213,17.65584221,17.74796248,18.39079401,18.49900692,19.0817403,18.42397311,16.90734354,19.2940864,17.06876366,
Malaysia,MYS,"Industry (including construction), value added (% of GDP)",NV.IND.TOTL.ZS,24.71156325,27.0996977,30.78180512,26.98890942,29.41982778,29.62986188,29.64518549,29.31361504,27.90605395,29.20234088,30.31858314,30.45515708,31.67740014,31.25222507,35.8556011,36.13117634,37.28248531,38.386641,38.50368395,39.83066194,41.79195862,41.05672487,38.56668733,38.95189356,39.23339824,39.23425791,39.23363732,38.52747117,38.35660929,39.80405386,42.19816763,42.10650958,41.14625503,40.08443964,40.04123585,41.40187798,43.52821087,44.5735375,43.87575333,46.4590177,48.32057149,46.202695,45.1153797,46.5786627,48.5303176,46.36832249,46.51565726,44.59599603,45.1050654,40.96782384,40.49893235,39.82426873,40.13500101,39.88537365,39.92442448,38.44972221,37.68327494,38.11467227,38.29142536,37.47653369,35.93472662,37.68268618,38.97424055,37.56485733,36.97337326,
North America,NAC,"Industry (including construction), value added (% of GDP)",NV.IND.TOTL.ZS,,,,,,,,,,,,,,,,,,,,,,,,,,,,,,,,,,,,,,23.45187747,22.93689521,22.90308227,22.92468574,21.92022127,21.0983963,21.25468247,21.52232431,21.86254245,22.21374947,22.08645389,21.60043207,19.76636127,19.98819223,20.19942622,19.91291799,19.9648856,20.05478513,19.04150597,18.43466314,18.86748172,19.09096738,18.71358877,17.86500827,18.47527228,,,,
Namibia,NAM,"Industry (including construction), value added (% of GDP)",NV.IND.TOTL.ZS,,,,,,,,,,,,,,,,,,,,,48.60485867,40.27514083,36.83714792,34.86196999,32.72621327,37.38537081,35.71991211,30.53142274,33.36481448,33.88813267,29.16014818,26.08763397,25.43828885,22.69595437,24.20776063,21.75547454,21.19793994,21.79870101,22.67775583,21.35261215,23.47216566,26.4736692,27.09475894,24.04608419,25.08060975,24.78349542,30.12276344,31.81276891,34.19056171,28.75194508,27.42906842,29.32889118,29.98075467,26.5483435,26.63010297,27.56365362,27.51340327,26.07701809,26.86990462,27.05058111,25.81873495,24.44759679,27.11172558,30.18750104,28.86348217,
New Caledonia,NCL,"Industry (including construction), value added (% of GDP)",NV.IND.TOTL.ZS,,,,,,,,,,,,,,,,,,,,,,,,,,,,,,,23.30978725,24.09315509,20.64052298,20.29284314,19.48993938,20.20947743,19.11846323,19.61117857,19.56809486,21.63181574,24.11925081,20.63823446,21.50970399,23.36466815,24.88881741,24.49902377,27.91384445,31.84962052,23.93105858,22.59146116,26.16236788,25.3064766,22.77912402,22.58251252,23.93170624,22.10003596,20.16111541,21.24658053,,22.32673267,,,,,,
Niger,NER,"Industry (including construction), value added (% of GDP)",NV.IND.TOTL.ZS,3.885888092,3.446358459,3.519691607,3.613644208,3.599343882,3.471823097,3.720608669,4.433749062,4.854985965,5.244528837,6.941477515,7.397423694,8.101613015,9.377782358,7.734983713,11.01340209,12.87957889,13.98764507,14.95716526,18.74053068,22.9433968,19.15578797,17.25490251,20.24450527,21.5974936,20.92089018,21.83803226,18.70064109,17.35865665,17.54638277,27.5653581,25.79813009,24.1595136,22.15322323,23.51583006,21.21444681,21.18322685,20.79588598,18.60154676,17.56507323,18.09837916,17.20907195,16.5393297,17.30875231,17.75346729,16.32748792,16.62656863,19.67498641,21.25456237,22.33975655,23.00034119,22.77951052,26.53723973,26.04650195,23.60596024,22.53832868,21.24519507,21.07215369,19.69767795,20.58618049,20.23878495,20.83428155,18.88851252,17.99941314,17.56820159,
Nigeria,NGA,"Industry (including construction), value added (% of GDP)",NV.IND.TOTL.ZS,,,,,,,,,,,,,,,,,,,,,,39.2450902,34.8092085,34.11844117,30.34592042,33.466601,32.83078352,32.88690102,32.61486597,35.39180717,35.41032677,36.96556598,37.70960823,33.17434249,31.31838955,36.54048982,37.44547872,35.2488501,28.70243973,29.36369327,33.82300329,28.27626627,23.04083719,26.0024149,28.39004006,28.20158345,25.7516356,24.34471784,24.7142489,21.23676148,25.31745224,28.27779989,27.0730175,25.74232124,24.64360859,20.1607829,18.17313173,22.31511719,25.73330658,21.00404094,18.36499631,18.25392921,19.16905589,19.13023825,18.19674864,
Nicaragua,NIC,"Industry (including construction), value added (% of GDP)",NV.IND.TOTL.ZS,,,,,,,,,,,,,,,,,,,,,,,,,,,,,,,,,,,19.76263842,20.09051708,20.00961874,19.43648886,19.23264454,20.26064731,20.15532814,21.49934041,21.46227978,20.59476094,21.39699121,20.96656319,20.87610428,20.72705849,21.96423322,21.07565918,21.96871345,23.15710146,24.54769465,25.38761465,25.09844902,25.73469791,25.79487536,24.81733548,24.99567846,24.28092012,25.79032112,27.28596204,25.9436106,27.20134064,27.55679498,
Netherlands,NLD,"Industry (including construction), value added (% of GDP)",NV.IND.TOTL.ZS,,,,,,,,,,32.90304732,32.62231931,32.02967904,31.75064949,30.98953762,32.93523118,30.11177612,30.08836136,29.15120535,28.22895877,28.30821159,28.81119672,29.25027664,28.37091175,27.89969031,29.02527471,29.20651716,26.99849906,25.67635786,25.80167903,25.69426253,25.50311539,25.15607577,24.2341102,23.81578659,23.39831478,23.34197896,22.96901245,22.03917113,21.68377491,20.99618463,21.09971229,21.2866582,20.51119405,20.03297721,19.95511435,20.27979361,20.47224927,20.43129541,20.78369535,19.58319382,18.9533173,19.32095858,19.32267043,18.68707433,17.68187826,17.41481031,16.96407123,17.12101175,17.32410485,17.11275575,17.37947709,17.70612977,18.65639653,18.16398494,17.52349084,
Norway,NOR,"Industry (including construction), value added (% of GDP)",NV.IND.TOTL.ZS,,,,,,,,,,,26.86660111,26.12418243,26.21412707,26.32534942,27.43135677,28.83927169,28.46537051,28.27196698,29.60305387,32.09981157,34.16844969,34.05275976,34.22593211,35.02247268,36.55441611,35.69653024,29.08429453,28.57228363,27.46836244,29.20159292,29.53013959,28.40674508,28.02127186,27.59594623,27.90038808,28.79307015,30.96877513,31.47300541,27.63149414,29.60828702,36.79982931,35.56961476,33.61632074,33.81378552,35.42608646,38.38041058,40.05629989,37.61926027,40.81159056,34.86907471,35.30948421,37.62458055,37.47657624,36.27393147,34.67383521,31.59863177,28.53061663,30.49336719,32.64461227,29.82445898,26.88316734,37.90192304,49.12889713,39.06611685,36.9541774,
Nepal,NPL,"Industry (including construction), value added (% of GDP)",NV.IND.TOTL.ZS,,,,,,10.85326688,9.031697524,9.820732505,10.07946438,10.35691935,11.46213504,9.140746962,9.094415697,9.589727773,8.705497685,7.86313509,8.44544043,10.53819387,11.14433413,11.20414085,11.16868704,11.52817967,12.04659867,11.99348312,11.8329533,14.27252823,14.99892326,14.96148065,15.18217044,15.6549306,15.34675485,16.44736311,19.39830167,19.52049726,20.39172588,21.27386791,21.49305179,21.4004342,21.07596935,20.44112316,20.73557003,16.6609083,16.94682474,16.97130006,16.65732027,16.46708923,16.06796681,15.87314018,16.04998664,15.06680347,14.20076226,13.3934706,13.97716181,13.79833756,13.56456523,13.16165463,12.65541777,12.86258589,13.20063963,13.01067541,12.04731993,11.79204255,12.18122847,11.97170425,11.42450202,
Nauru,NRU,"Industry (including construction), value added (% of GDP)",NV.IND.TOTL.ZS,,,,,,,,,,,,,,,,,,,,,,,,,,,,,,,,,,,,,,,,,,,,,,,,,,,,,,,,,,,,,,,,,,
New Zealand,NZL,"Industry (including construction), value added (% of GDP)",NV.IND.TOTL.ZS,,,,,,,,,,,,35.47775346,34.33689024,33.87675253,36.12265084,34.36073059,35.31939272,35.67090712,35.1607445,34.63471202,34.58855767,36.03041462,36.94014106,36.00800238,35.82146703,33.68981741,31.4082101,28.77751886,27.76993598,27.70441438,26.53592024,25.98628352,25.95902215,25.96511972,26.53752759,25.72322208,25.06206665,24.81228832,23.80974669,24.05744111,23.58998323,23.10973336,23.85838246,23.25780958,23.55217102,23.9417689,22.99539546,22.96904212,23.41801824,21.59202345,21.373911,21.08219628,21.07963254,20.32955238,21.44477332,21.20797123,20.17323954,20.52918454,20.38195147,20.36793611,19.97783893,18.82759543,19.60444498,,,
OECD members,OED,"Industry (including construction), value added (% of GDP)",NV.IND.TOTL.ZS,,,,,,,,,,,,,,,,,,,,,,,,,,,,,,,,,,,,,,26.76317672,26.07729188,25.90379693,25.96868136,24.91180448,24.20860401,24.10542405,24.23269038,24.33637784,24.55165206,24.40516401,24.12366444,22.52686374,22.99221174,23.0887897,22.8942785,22.6654349,22.62684288,22.17694686,21.865613,22.1505458,22.26828059,21.93397648,21.48252306,21.89323591,,,,
Oman,OMN,"Industry (including construction), value added (% of GDP)",NV.IND.TOTL.ZS,,7.975460123,23.38308458,24.29906542,23.98190045,23.45132743,25.61983471,52.57731959,73.82465057,77.2,77.24719101,75.7793765,71.02272727,70.83825266,82.51539138,77.53386876,69.73876512,66.1913745,61.78550853,64.21868941,69.36256716,67.1279836,63.29807376,60.69929781,59.09284847,59.28990883,51.3493244,56.7689937,46.42579935,49.11477411,47.49110946,43.37339695,42.83225759,40.12537466,39.60056557,40.80923708,43.33966015,42.68702334,43.78829632,48.88940744,56.16324718,53.2718052,52.8284867,52.5914554,53.36473693,60.28537107,60.2928331,57.72123953,63.59971535,57.5656244,63.27330932,68.18724872,67.53786966,64.92839875,62.05629187,53.09886566,47.94024994,49.59439552,53.89381537,51.37923295,47.14772229,51.92697165,59.48520777,55.37160241,54.16532262,
Other small states,OSS,"Industry (including construction), value added (% of GDP)",NV.IND.TOTL.ZS,,,,,,,,,,,,,,,,,,,,,,,,,,,,,,,,,,,,32.2114812,31.2200432,32.01724994,28.48416445,28.42490637,29.2465834,28.10376372,27.60648195,27.34842831,27.38459932,28.11425572,29.15390236,27.71053938,28.95620859,25.23694739,26.06646042,27.74404539,27.46923749,26.02867163,24.63672074,22.62945444,21.54007626,21.3898202,21.93300759,21.8045344,21.53805435,22.34244703,22.95966591,20.39089068,19.74418124,
Pakistan,PAK,"Industry (including construction), value added (% of GDP)",NV.IND.TOTL.ZS,14.57376498,15.65288329,16.62850183,18.10720116,18.74041798,18.44873384,18.87722443,17.89793507,18.11416336,19.94002273,20.26554418,21.11988344,19.90744975,20.15349967,20.99157794,20.63624835,20.88920254,20.76755616,20.64264407,21.48218454,22.30515973,20.1343657,20.05805793,19.89423333,20.24359103,20.22971173,21.15572987,21.6301384,21.69520084,21.20806241,22.34424489,22.93092299,22.644989,22.59268397,22.37045777,21.32329218,21.99438442,21.5572793,22.05301951,22.10317321,17.18363478,17.59349428,17.15888767,17.38858336,18.90714529,19.93302931,20.19911966,19.94495532,21.19554845,20.33724676,20.96501978,21.18648095,21.95837207,20.89102951,20.86599123,19.60261467,18.15011797,18.09932709,18.58905159,19.56389458,18.58946354,18.8964082,20.41259555,20.7186946,20.24575512,
Panama,PAN,"Industry (including construction), value added (% of GDP)",NV.IND.TOTL.ZS,,,,,,,,,,,25.25873305,25.28379495,24.16933621,25.89226193,25.8953266,27.62227518,25.94333462,24.11136057,24.56167073,24.67202778,25.21713724,24.56418158,24.61849809,22.96071146,23.39183649,25.77106769,24.93145096,24.25650537,21.66225174,20.82723646,19.39281317,21.5759055,21.46625477,22.66775795,22.1323306,22.59829017,18.46442388,17.67296485,17.50372796,18.92013426,18.30155718,16.40372206,15.5868423,16.76223159,17.1143205,16.94188823,17.05902415,17.39513625,19.44227766,18.84512929,18.77406209,19.37558399,20.98124688,24.41550785,25.77790375,26.57894912,27.41582124,28.25456212,28.3264606,28.41593269,23.4387808,26.36331669,26.40747962,27.15849071,25.50355252,
Peru,PER,"Industry (including construction), value added (% of GDP)",NV.IND.TOTL.ZS,28.21752064,27.67853277,27.69961592,26.01177232,26.77049288,26.3730726,26.44346123,27.74150856,27.68331858,28.2587425,28.25355338,28.47638857,28.748527,30.20574457,31.82213897,28.77650984,31.211294,61.84361708,34.02698395,35.83428942,,,,,,,,,,,,25.8690291,26.27889558,27.71000139,29.15123911,29.09789378,28.86966653,29.35153804,28.47477643,28.60136937,29.0341337,29.03515644,29.44403216,29.88934946,32.65009762,34.35666742,37.45775499,37.69897996,36.32693447,33.55168254,35.7720066,37.23610028,35.53355336,33.85943675,31.70140393,30.33787987,30.55655058,31.29788412,31.6240835,30.44919578,30.31928571,35.73833431,34.93142992,33.96948513,33.97238388,
Philippines,PHL,"Industry (including construction), value added (% of GDP)",NV.IND.TOTL.ZS,34.61021159,35.1847838,34.86566667,35.49971892,34.88190484,34.44740996,34.28329337,34.90341494,34.01009681,33.62156196,35.42646709,35.97434698,37.19430744,37.88944772,38.31982866,38.84536987,40.03926586,40.7562048,40.79657436,41.40423405,42.70492586,43.11321067,42.70073899,43.09627374,41.82422907,38.83702139,38.30494965,38.16934092,38.90651329,38.63724676,38.1686201,37.66120382,36.45778845,36.29881021,36.16371249,35.66459994,35.66402929,35.66066827,34.88316508,33.55070825,34.97528477,34.89761526,34.78343526,34.54056403,33.61869621,33.81367631,33.46258533,33.00086093,32.76528841,31.52254268,32.33955605,31.33868278,31.39949336,30.77544663,31.04744448,30.48195098,30.28591717,30.12655058,30.56374015,30.32750788,28.39991759,28.88980912,29.22123994,28.19762251,27.69397799,
Palau,PLW,"Industry (including construction), value added (% of GDP)",NV.IND.TOTL.ZS,,,,,,,,,,,,,,,,,,,,,,,,,,,,,,,,,,,,,,,,,14.51481589,18.04896693,21.41591306,17.51739545,15.15829113,13.40582068,11.54714643,10.80737572,8.915213587,8.76818551,9.778069703,8.535051371,8.122057414,7.920584439,7.610305872,7.933652134,10.04674755,8.067279472,8.971984067,11.23631315,12.58887486,11.92572121,12.39831669,10.06738248,,
Papua New Guinea,PNG,"Industry (including construction), value added (% of GDP)",NV.IND.TOTL.ZS,,13.44922232,14.23670669,15.38149351,15.70066031,17.89781972,20.33801203,19.85293614,18.53646848,18.4681099,22.10270262,24.46339156,28.26664131,36.11020007,34.8625648,28.48595966,25.1126335,26.08394301,25.41820552,29.0824434,26.84269071,23.23935284,23.23347816,27.88798133,23.56018557,26.2324192,28.37149633,31.68202472,34.16611463,29.54656401,30.41089006,34.42422343,39.74899834,38.91228863,32.3110862,32.06450676,34.8109556,29.80253122,31.35475934,35.08642758,39.32907414,38.49061685,34.90540946,35.25167329,36.99062557,,35.3656203,34.53979774,34.38598701,29.77164175,33.16880986,31.33622035,27.57318033,26.54054718,32.78483362,34.80493013,34.72997158,36.35985974,36.92404507,36.71108094,33.04708376,34.03954822,40.27919961,36.28780652,,
Poland,POL,"Industry (including construction), value added (% of GDP)",NV.IND.TOTL.ZS,,,,,,,,,,,,,,,,,,,,,,,,,,,,,,,,,,,,33.7437677,32.42444092,31.67244855,31.42819152,30.48716559,28.77183973,27.35051986,26.65472041,27.5111441,29.18527875,29.05889803,29.20218936,29.27545127,28.81653168,29.96131267,29.69749939,30.394166,30.22816571,28.67683335,29.93512398,30.99393003,30.67348711,28.80907596,28.86146172,28.83152422,28.56694862,28.48599934,29.1814825,29.39037981,27.24807797,
Pre-demographic dividend,PRE,"Industry (including construction), value added (% of GDP)",NV.IND.TOTL.ZS,,,,,,,,,,,,,,,,,,,,,,37.98648784,34.33371994,32.13652918,29.76952536,30.01562079,29.79961096,31.6969132,31.30521726,31.52636582,55.04163402,25.94978907,28.20631243,26.75840062,28.35210587,34.5349988,35.33740763,35.84568967,31.45738367,35.45654496,40.18412617,34.55557052,30.43323353,28.93646817,30.83259028,32.57540757,32.48490185,33.00397556,34.77796894,29.43199938,32.14998875,36.15996996,35.86199957,33.89420821,31.96572262,26.57197664,25.61455088,28.4536734,31.07029589,28.09383333,24.15608635,26.96129118,30.01899246,28.88960072,29.26111225,
Puerto Rico (US),PRI,"Industry (including construction), value added (% of GDP)",NV.IND.TOTL.ZS,27.6257462,,,31.01217004,30.88115153,31.2024987,32.2756663,32.11990829,32.35152345,31.77079831,30.31560967,32.20230927,32.94253346,33.75271336,35.21236727,34.54374687,37.57108133,36.57084624,38.03224362,37.66117647,39.31671296,39.06315611,38.77250331,38.8195594,40.16365211,40.62949747,40.34567206,41.20944984,41.63641049,41.31251509,41.97403607,41.60029456,43.26050817,44.15036746,44.53368465,44.25317964,43.10352908,42.66582971,45.25462963,40.3343649,46.06186529,48.33315031,49.24570846,49.00330628,47.94334048,47.23235667,46.85990165,46.77826207,47.39822596,49.40136286,50.90123835,49.78470718,49.63845742,49.26393363,49.93391628,50.93827841,51.15151236,50.22945954,50.6557671,50.84441206,50.31692732,50.48042501,48.22339752,47.39482647,47.16101171,
"Korea, Dem. People's Rep.",PRK,"Industry (including construction), value added (% of GDP)",NV.IND.TOTL.ZS,,,,,,,,,,,,,,,,,,,,,,,,,,,,,,,,,,,,,,,,,,,,,,,,,,,,,,,,,,,,,,,,,,
Portugal,PRT,"Industry (including construction), value added (% of GDP)",NV.IND.TOTL.ZS,,,,,,,,,,,,,,,,,,,,,,,,,,,,,,,,,,,,24.8145536,25.43941098,25.71561236,25.33649158,24.868123,24.4615744,24.14388424,23.49698865,22.62971502,22.23695662,21.38330861,21.14765296,21.15335285,20.38627976,19.85719046,19.9335311,19.3319728,19.08675839,18.88309738,18.98504401,19.59384983,19.44817809,19.24938331,19.38204354,18.88608319,19.39453334,19.31283696,18.40324286,18.71189372,18.68969106,
Paraguay,PRY,"Industry (including construction), value added (% of GDP)",NV.IND.TOTL.ZS,,,18.05610808,17.99510047,18.40719506,18.12955342,18.70513781,19.45382348,18.78418987,19.12059692,19.8733199,19.97502866,19.68028566,19.81762957,22.18329098,20.54958281,21.72990952,22.90525469,23.57026372,22.85918693,24.48047047,25.20132244,25.5408119,26.36221254,25.93706943,26.16296435,27.39305542,27.80306606,29.53929796,30.29047494,32.84141415,36.69607555,35.51082371,33.20439747,32.23118154,31.72622899,31.44930575,31.17856402,32.99200825,35.12882705,35.563533,38.56191185,42.17102755,40.27338267,38.40528806,39.28938865,38.30579032,37.10112364,36.76884845,37.38083932,34.60391551,34.03456239,34.51409814,33.23292499,33.60807585,34.58225375,34.49678032,34.39375891,33.55617521,33.48931143,34.20429922,34.67968973,34.25396576,32.89176419,32.48169516,
West Bank and Gaza,PSE,"Industry (including construction), value added (% of GDP)",NV.IND.TOTL.ZS,,,,,,,,,,,,,,,,,,,,,,,,,,,,,,,,,,,33.14810256,29.52357743,26.58962928,23.22995904,22.98048085,24.7448024,21.49248887,24.02277893,20.06862028,23.19052419,19.98870327,20.9844509,18.35536526,17.56796258,17.33694463,17.55815823,18.62624593,18.934213,20.23606697,18.55869187,17.97179353,16.42523833,17.26277799,19.23177083,19.28412568,18.43289462,17.02839998,17.68512894,17.39271086,15.58054449,,
Pacific island small states,PSS,"Industry (including construction), value added (% of GDP)",NV.IND.TOTL.ZS,,,,,,,,,,,,,,,,,,,,17.43551426,18.20150101,17.20627413,17.16423977,15.85795529,15.19355997,15.68298155,16.81435905,17.03670592,16.24609102,17.85953692,17.77530863,17.70668602,17.93689038,18.14725847,18.06605965,17.19875321,17.12772026,17.01965752,16.29522937,15.96060608,16.46813292,17.16811622,17.55109446,16.66030883,17.37691918,15.29849272,15.08488993,14.8778318,15.23686155,15.10309753,14.92811015,15.86982595,15.32887711,14.56935237,14.06324195,14.07620826,14.7234003,14.46673132,14.16639092,15.01385724,15.39400654,15.04125372,15.01119396,14.8923885,15.13658087,
Post-demographic dividend,PST,"Industry (including construction), value added (% of GDP)",NV.IND.TOTL.ZS,,,,,,,,,,,,,,,,,,,,,,,,,,,,,,,,,,,,,,26.3924523,25.71334626,25.5647624,25.62156027,24.52225972,23.80694509,23.77044276,23.85243367,23.92880206,24.05661777,23.89802113,23.59924671,22.05335829,22.47351172,22.44998221,22.22766128,22.00287272,21.9688713,21.46137363,21.19443951,21.46317853,21.58274142,21.26917424,20.81373708,21.15615911,,,,
French Polynesia,PYF,"Industry (including construction), value added (% of GDP)",NV.IND.TOTL.ZS,,,,,,,,,,,,,,,,,,,,,,,,,,,,,,,,,,,,,,,,,,,,,,11.37655284,10.4789642,10.9597416,11.41060601,11.7732055,11.09865901,10.66556864,10.81710811,10.61847624,10.79462685,10.82484305,10.66791761,10.35483897,10.28754674,10.68346243,10.64612338,,,,,
Qatar,QAT,"Industry (including construction), value added (% of GDP)",NV.IND.TOTL.ZS,,,,,,,,,,,,,,,,,,,,,,,,,,,,,,,,,,,,,,,,,,,,,,,,,,,,73.21426817,73.4692107,71.76835059,69.75799898,57.44080933,53.20538471,56.68800019,60.38151467,57.16457526,52.33326612,59.98410333,65.3489234,59.64060819,58.23626892,
Romania,ROU,"Industry (including construction), value added (% of GDP)",NV.IND.TOTL.ZS,,,,,,,,,,,,,,,,,,,,,,,,,,,,,,,45.87947313,42.23875856,43.14005175,39.03712355,42.732837,36.39003495,37.79516496,36.00260391,32.2122153,30.3919719,30.26346214,32.33720698,33.32698502,32.04849373,31.83478736,32.26587428,32.97827709,34.28218255,36.77437066,36.42314204,38.30732865,40.20991596,34.42764635,32.0726085,32.57002115,30.81180708,30.12138475,29.11309332,29.10751092,27.77456707,26.62187878,26.20492112,27.59917718,27.08721437,25.2544803,
Russian Federation,RUS,"Industry (including construction), value added (% of GDP)",NV.IND.TOTL.ZS,,,,,,,,,,,,,,,,,,,,,,,,,,,,,,46.59685864,45.00357032,45.8648552,42.25027144,40.52550522,41.21529267,34.53919264,35.34670425,34.68922704,33.94402924,33.49620125,33.91897032,31.83735412,29.05639281,28.65313499,31.70222243,32.62923207,31.78026059,31.2220408,30.7868817,29.32693903,29.99958822,29.41358884,29.10286807,28.19128918,27.93152706,29.79405999,29.17390507,30.67329689,32.55429805,32.15049584,29.71712458,31.78599915,32.23014357,30.40813292,30.72013265,
Rwanda,RWA,"Industry (including construction), value added (% of GDP)",NV.IND.TOTL.ZS,,,,,,6.853492857,6.770373235,9.746802611,9.494773107,9.386325664,8.594815591,8.68196147,9.427313108,8.729508554,9.205020439,18.96911167,18.89445734,21.20619915,22.1221447,18.73765168,21.54829214,20.79256401,21.73429716,24.0838596,23.23818022,22.6858091,23.08390998,17.83143027,17.13684293,17.42015059,24.62417175,20.94004966,18.70343817,18.33482856,21.17008455,15.97118673,18.08581431,18.61006613,18.70271964,18.37172298,16.81998942,16.4383278,16.39183842,14.28732208,14.58501397,14.94982027,15.83299216,16.73348218,16.26383853,15.68858119,16.32898192,18.16784485,18.22550342,17.61685598,17.55138349,17.44666319,16.83699129,17.28422325,17.34997975,18.86474597,18.63827504,20.45229327,21.26953123,20.70325335,20.96585802,
South Asia,SAS,"Industry (including construction), value added (% of GDP)",NV.IND.TOTL.ZS,19.32221337,19.73791914,20.42858616,20.42214985,20.00185592,20.58262518,19.84174899,18.49395967,19.17307342,19.85579213,20.11614006,20.70020165,21.04056745,20.59094369,21.61239128,21.28607675,23.51148862,23.85761234,24.27787063,24.96479431,24.8476342,25.42492898,25.51757751,25.77716134,26.15724828,25.97290935,26.12394296,26.06716472,26.06095591,26.75181113,26.6759818,25.77460436,26.20490583,26.27465674,27.13466219,28.00090128,27.17314747,27.1452064,26.7737393,26.0831558,26.75727544,26.00247169,27.10145481,26.95657843,28.54586646,28.94939271,30.29764736,30.36329997,30.48323724,30.52009199,30.11415183,29.60692188,29.00578727,28.16753342,27.49840243,27.22131561,27.0437626,26.95394926,26.93353977,25.45507159,25.97639098,27.1503505,26.30922181,26.12610147,25.44828428,
Saudi Arabia,SAU,"Industry (including construction), value added (% of GDP)",NV.IND.TOTL.ZS,,,,,,,,,62.0429848,61.11166336,58.26927845,65.32555759,67.28579988,69.6989387,83.07860262,71.73463806,70.40940073,66.8389919,59.897534,64.54521756,71.2185845,70.49234239,59.44922659,48.99504356,45.63334108,40.9249624,37.12067573,39.36702905,37.78360699,41.66916388,48.55343057,48.266273,51.02260642,47.34549617,47.09677419,48.47937856,51.44978635,50.1700631,43.17669801,46.82482492,53.45028219,50.78129978,51.00264127,53.96396051,56.70562094,61.73723625,62.53699103,62.69342268,66.42934316,54.64500095,58.03144017,63.08038698,61.94289828,58.97025688,56.16534048,44.60116971,42.5305962,44.88993247,49.01474395,45.72344599,38.30045451,45.9573311,53.12377059,47.60533095,44.93443805,
Sudan,SDN,"Industry (including construction), value added (% of GDP)",NV.IND.TOTL.ZS,12.57011729,11.81305777,11.65405405,12.87991498,12.97062474,11.96903533,15.3801509,14.72217259,14.37863745,13.57065133,12.56666211,11.94779116,11.79736294,12.09519365,12.26695684,12.34369418,11.94956538,11.03707108,11.07163809,,,,13.53655604,14.16087184,14.86463602,15.48834759,15.50821426,15.71196251,13.0056512,13.76062033,14.67544778,12.12606472,11.69327707,12.17611389,10.01200179,10.16232398,14.57444431,14.03132391,14.56473296,15.53257966,20.07971786,19.53811544,20.7757914,19.84131025,21.4151752,21.97634626,22.97786131,26.32852359,28.20733964,25.65087316,21.14204692,20.3300649,17.61752668,20.23674556,18.10049606,16.07121074,17.35460571,16.61740797,20.7757619,21.73630133,23.32818616,7.368743673,4.871401746,28.33641874,23.15198475,
Senegal,SEN,"Industry (including construction), value added (% of GDP)",NV.IND.TOTL.ZS,13.62139534,14.52774454,15.06669148,14.63097245,15.30702452,15.77380419,15.91072635,16.98491478,16.12744074,17.84959601,17.59241459,18.00954175,17.32006289,17.12985386,20.34123389,19.60202178,18.05610928,19.11388836,19.85975969,19.81766931,20.00566085,19.38876595,20.55544985,21.21412871,21.28087822,20.39138747,19.90216825,20.04409177,21.39234425,21.12965134,22.20924107,22.13488366,24.13517348,23.64682847,24.22786616,23.82508291,24.22541298,23.35825968,23.57530684,23.2443931,24.0081947,23.88434803,24.78379293,24.20861612,25.06737096,23.68185823,23.41521669,23.63528656,22.08172609,22.00072917,21.77617631,23.30613296,23.11179753,24.29421252,23.15260328,23.59660851,23.34405351,23.27769428,24.01344539,23.57280962,23.20904116,23.91248636,24.89997907,22.88864783,25.01307982,
Singapore,SGP,"Industry (including construction), value added (% of GDP)",NV.IND.TOTL.ZS,16.35765273,16.86247704,17.59380066,18.77892488,21.25164402,22.15109264,22.23513288,22.95575081,23.86353222,24.66888395,26.93177759,28.48381651,30.91673392,30.56485436,31.22184641,31.20834456,31.97541891,31.75097229,31.40848757,33.08705277,34.88032285,34.43002109,33.33549139,34.43297073,35.15830186,32.17327251,33.12865132,32.61748208,33.58212168,32.11936355,30.85854767,32.61788477,32.28713545,32.13797357,31.30422885,31.49225515,31.55485604,31.07038403,32.08791224,30.84562657,32.4585045,30.37966108,30.74567542,30.22480292,31.88589386,31.4076522,30.89429655,28.22577096,26.41533816,27.01631937,26.63587172,25.25959258,25.02220216,23.44272863,24.16851925,24.28802291,23.20295249,23.49663529,25.38042067,24.07072941,23.24167197,24.6140716,23.84052179,22.14599503,21.37731512,
Solomon Islands,SLB,"Industry (including construction), value added (% of GDP)",NV.IND.TOTL.ZS,,,,,,,,,,,,,,,,,,,,,,,,,,,,,,,,,,,,,,,,,,,,9.508775995,9.673792847,8.598721551,9.325369314,9.984579587,10.26515354,11.82185879,12.97255345,18.65073369,18.24527986,15.64783836,16.86070571,15.55221824,15.55647444,17.60216682,17.60136474,18.12135402,17.24521742,18.30154693,19.30563717,21.48120564,23.37267065,
Sierra Leone,SLE,"Industry (including construction), value added (% of GDP)",NV.IND.TOTL.ZS,,,,,26.52687431,26.84067004,24.94407159,26.14806017,27.757264,26.24972473,25.399921,26.21908715,26.94079733,24.3725843,21.54659688,19.53153623,19.44038283,19.4421294,19.42498467,19.1927858,20.16443098,17.87648971,15.95512621,14.1783487,13.1159553,12.9587858,14.6663286,17.92900943,11.29916955,10.16510483,17.96942654,33.79119043,38.80738889,31.11475793,38.35755263,36.06692245,36.30320554,27.09430562,23.75264784,24.30554176,26.75921137,8.020113148,8.92815294,10.46402113,11.92774776,11.41943551,25.24752283,24.32861977,22.43545752,19.40260889,20.26509963,19.68376462,23.52972161,26.43037489,20.45271174,16.64286293,19.51567955,19.5143905,17.51068634,17.93045322,17.63753246,19.18367417,20.75638993,26.07908812,25.56430986,
El Salvador,SLV,"Industry (including construction), value added (% of GDP)",NV.IND.TOTL.ZS,,,,,,23.14177642,24.84292968,24.65068633,24.62763185,25.02001144,24.26296649,24.80693353,25.58161618,24.27755283,25.13266262,26.51635636,23.99711272,22.90422951,25.02461668,23.65372913,21.94540571,22.47876047,22.1594968,22.34852743,22.5626197,23.35691333,22.69276589,25.58540126,25.37956457,26.5153388,23.30754755,22.99988287,24.94461029,26.26698637,26.18325376,25.48294531,25.41825557,25.21703251,26.18312819,26.87414887,26.87772111,27.07794506,27.27513578,26.95253062,25.60392144,24.47128861,24.47179324,24.52193337,25.88129465,24.97003117,25.27591186,26.19541328,26.58935807,26.12164271,26.013534,25.28892954,24.83482787,25.17147273,25.07550676,25.34814372,23.7247499,24.1049005,23.73194704,23.18450969,22.43831182,
San Marino,SMR,"Industry (including construction), value added (% of GDP)",NV.IND.TOTL.ZS,,,,,,,,,,,,,,,,,,,,,,,,,,,,,,,,,,,,,,,,,,,,,,,,,,,,,,,,32.02416615,32.40716496,32.45303154,36.21692033,34.77865695,35.61492207,36.63555816,37.59520178,35.7653534,,
"Somalia, Fed. Rep.",SOM,"Industry (including construction), value added (% of GDP)",NV.IND.TOTL.ZS,6.966640461,6.559532812,6.176915397,5.816438286,5.818847096,5.158251574,7.305265448,7.974038147,11.90917969,13.19654321,13.09989299,14.34582309,12.09422339,12.16446073,13.97370062,10.56781003,11.66065286,11.03197953,6.923545835,8.836950473,7.52551719,7.050236054,7.529799732,6.800648854,6.982795701,7.327298925,9.656428365,,,,,,,,,,,,,,,,,,,,,,,,,,,,,,,,,,,,,,,
Serbia,SRB,"Industry (including construction), value added (% of GDP)",NV.IND.TOTL.ZS,,,,,,,,,,,,,,,,,,,,,,,,,,,,,,,,,,,,35.29534152,31.60621057,31.07168285,30.94827083,30.34324817,35.15382139,32.53375168,31.09333852,28.8089951,29.82667613,28.92903661,29.10806022,28.23917138,27.50526012,24.32654308,25.03062672,26.27931177,26.57890031,27.87828737,26.5460327,26.63995196,26.53192253,26.60307174,25.80972012,25.53211587,24.2814549,24.38475894,25.22156558,23.77594301,23.07215031,
Sub-Saharan Africa (excluding high income),SSA,"Industry (including construction), value added (% of GDP)",NV.IND.TOTL.ZS,,,,,,,,,,,,,,,,,,,,,,36.39652435,32.83706462,32.22674577,29.70369807,28.96090614,30.7053421,31.13821702,30.70019338,31.14009831,31.63129382,31.00107518,32.53854961,31.05904839,31.28458369,33.15261558,33.5864488,32.36214895,29.31661119,27.82618116,29.49098489,28.21487511,26.65062843,27.01733878,27.87073415,28.71556822,28.26361379,28.62173097,29.84719688,26.27034616,27.70686131,29.72033707,29.53088498,28.72324045,27.67738719,24.39094136,23.34427944,25.07051089,26.37061941,24.68696913,23.15316869,24.14020437,24.94742473,25.0239628,25.26871482,
South Sudan,SSD,"Industry (including construction), value added (% of GDP)",NV.IND.TOTL.ZS,,,,,,,,,,,,,,,,,,,,,,,,,,,,,,,,,,,,,,,,,,,,,,,,,59.18684062,59.27782774,61.14369966,61.22564324,51.15029222,22.22482785,46.69940073,33.0945354,,,,,,,,,,
Sub-Saharan Africa,SSF,"Industry (including construction), value added (% of GDP)",NV.IND.TOTL.ZS,,,,,,,,,,,,,,,,,,,,,,35.84864756,32.30641693,31.58606843,29.15679894,28.2892951,29.91722829,30.41780981,29.97874864,30.37889854,30.88278246,30.17711577,31.73022329,30.45791843,30.82626986,32.7398597,33.17662867,32.03474153,29.0606268,27.5383707,29.16192063,27.91335869,26.44222966,26.8226237,27.64447294,28.45882578,28.00085752,28.323512,29.43196615,25.83219735,27.32833878,29.32533213,29.01793694,28.24946755,27.2529584,24.08450542,23.27200124,24.99000492,26.40057915,24.68254164,23.14518821,24.01582674,24.81765494,24.98077528,25.26700568,
Small states,SST,"Industry (including construction), value added (% of GDP)",NV.IND.TOTL.ZS,,,,,,,,,,,,,,,,,,50.18822846,49.10439206,53.37955045,60.8622934,56.01525158,52.44513166,50.17335137,48.88061494,45.78895505,34.16849243,34.13253378,31.79763215,32.65761241,33.73936788,33.18063513,31.74621177,30.62123425,30.87283554,29.62875374,28.91789169,28.46040384,25.63800495,25.65851366,27.3477117,26.2486219,25.8140803,27.09876666,27.76599827,29.24494783,30.52463173,29.45122297,31.94636702,26.78975375,27.70820508,29.56601244,28.09264786,26.88706787,25.66861991,22.91299209,21.99002736,22.12515312,22.50903553,22.18900293,21.98701088,23.84053265,26.48241617,23.52239905,24.62435908,
Sao Tome and Principe,STP,"Industry (including construction), value added (% of GDP)",NV.IND.TOTL.ZS,,,,,,,,,,,,,,,,,,,,,,,,,,,,,,,,,,,,,,,,,,,,,,,,,15.61641674,16.29383407,14.689273,11.98650588,12.30183285,13.34370752,12.81634904,11.67945916,10.32952039,9.07470301,8.388262005,7.526112851,6.058836687,5.044571674,4.355406435,2.774095927,2.834462039,
Suriname,SUR,"Industry (including construction), value added (% of GDP)",NV.IND.TOTL.ZS,41.69593578,38.30083565,36.0309944,34.97419611,36.08630952,37.0742783,43.65642238,45.24241051,46.19846696,45.38802234,41.65150964,43.32225914,42.53886841,44.20385918,47.83457362,32.1160043,34.22354105,36.43803585,33.27668253,33.82108626,32.83018868,32.33970754,29.45355191,27.39105829,28.06712963,27.03321879,25.98204265,23.31632653,25.96899225,25.17508293,22.47682801,18.07632225,16.79024551,16.14076005,27.30353974,29.22439259,26.26032783,27.1663307,21.15834721,21.88688157,24.8905012,24.768231,28.66302191,26.79902564,31.02888989,33.84364156,36.98306966,37.06736137,40.07011755,34.29216018,35.17051613,35.10932743,35.26226117,32.25369531,30.24748468,27.25991566,26.75536002,38.27369389,36.76224155,33.88076701,36.56067184,37.70885374,42.23051733,39.66630718,35.05144877,
Slovak Republic,SVK,"Industry (including construction), value added (% of GDP)",NV.IND.TOTL.ZS,,,,,,,,,,,,,,,,,,,,,,,,,,,,,,,,,,,,27.58548066,28.38789473,26.9950909,27.99574201,28.37216193,29.5100486,29.9245858,29.31774601,30.77797117,32.17088404,32.05631581,34.22533047,33.4007648,32.91638907,29.28718243,29.956655,29.92955852,30.07110484,27.95627316,29.89481377,29.93189523,28.67045334,28.07680098,28.59301653,29.14678406,28.53772755,27.41303748,26.5461918,29.20811582,28.93747996,
Slovenia,SVN,"Industry (including construction), value added (% of GDP)",NV.IND.TOTL.ZS,,,,,,,,,,,,,,,,,,,,,,,,,,,,,,,,,,,,29.33795482,29.86698471,30.62801143,31.05886281,30.97930812,30.44540549,30.59804856,30.0414822,30.29333026,30.26349153,29.81140145,30.11340673,30.59831939,29.75536785,27.38243772,26.3518668,26.54872343,27.07243904,27.13635733,27.77362038,27.62721233,27.59979562,28.03117422,28.07187297,28.5562741,28.94488141,28.15083649,27.99116762,29.58487843,29.06656852,
Sweden,SWE,"Industry (including construction), value added (% of GDP)",NV.IND.TOTL.ZS,,,,,,,,,,,,,,,,,,,,,29.35730099,28.15952347,27.85410255,28.13518609,29.26789304,29.29983887,28.92322939,28.59971671,28.38238648,28.10404293,26.78351777,25.08367681,24.14847651,23.81031214,24.75465279,26.58021125,25.96324268,25.96028728,26.03974782,25.66709963,25.99906592,25.67985902,25.45575505,24.89459208,24.74647787,24.58185108,24.84273451,25.0247348,24.14545002,22.33489314,23.85900774,23.73372288,23.1051458,21.98468532,21.6084554,22.27436199,22.00607312,22.18390624,22.27298671,22.37607097,21.81842483,22.57741207,23.75920563,22.58726619,21.68611359,
Eswatini,SWZ,"Industry (including construction), value added (% of GDP)",NV.IND.TOTL.ZS,,,,,,31.47410359,30.05464481,33.89513109,32.63157895,27.49003984,25.96754057,22.33606557,24.20212766,28.96103896,28.5077951,24.85928705,27.00421941,28.74432678,32.0729237,31.13289132,25.94207671,25.63385905,23.9335275,22.62809116,22.50856751,21.34579439,25.20705447,31.92634323,35.26981504,37.38373797,36.82849311,36.22451487,36.12919525,36.83498193,36.00901471,37.74271794,36.35383626,37.6495616,37.67271267,36.74126131,40.59925984,40.52369595,40.60812625,39.4301244,41.07711727,41.02127465,40.8003701,41.17620813,40.07344288,40.60501762,38.71378884,37.87938695,37.72317972,36.56787641,36.16548756,36.96586399,37.8214266,34.91125005,34.00328858,34.64707844,31.44495555,33.15990989,34.68637831,34.5064388,34.73656624,
Sint Maarten (Dutch part),SXM,"Industry (including construction), value added (% of GDP)",NV.IND.TOTL.ZS,,,,,,,,,,,,,,,,,,,,,,,,,,,,,,,,,,,,,,,,,,,,,,,,,,,,12.93268083,11.64503882,11.26160568,7.301341058,6.96750003,6.832957975,6.877032537,6.53037877,7.270146573,7.056707728,6.028524723,,,,
Seychelles,SYC,"Industry (including construction), value added (% of GDP)",NV.IND.TOTL.ZS,,,,,,,,,,,,,,,,,16.21302261,13.82806164,13.80295898,15.11353766,22.48251629,25.39586722,22.4277318,22.68874388,23.75635262,26.39253373,25.73254298,22.56498441,23.68121534,22.7381024,23.37216741,25.99944854,26.09635167,27.01263251,28.04645889,32.58887948,34.14384435,35.00589199,37.14313966,39.00427912,41.71756776,40.37700107,43.51176125,39.39496242,21.26643813,23.5711088,23.34387485,23.01582563,22.41435194,20.18246275,19.61349124,20.69526086,19.73438194,16.54130097,15.77004697,14.20303272,13.69095288,11.7738884,11.8099756,12.21856243,14.27154538,11.75372793,11.97876434,13.15902887,12.29297528,
Syrian Arab Republic,SYR,"Industry (including construction), value added (% of GDP)",NV.IND.TOTL.ZS,,,,,,,,,,,22.85294118,23.26219893,21.18552232,21.35686036,24.13379615,23.13443705,23.9635996,23.08147929,24.23662355,26.25596552,22.65262337,25.76280463,23.39652265,22.75995688,22.93674179,22.23490538,22.63316422,19.49934227,19.9626976,23.79219884,24.15029367,21.770166,17.35328149,18.10056676,17.935748,18.10622181,25.54595235,28.57414941,26.46069804,29.96427752,33.31907325,30.12398255,29.14387237,28.26116707,30.02349847,31.18721116,34.98300514,34.05780176,34.22428372,27.29728389,30.42652417,33.73321405,25.04881247,23.19360902,19.49522803,15.49133603,16.23677963,17.20686491,18.49595161,15.91604685,21.09040434,18.66893565,12.0009587,,,
Turks and Caicos Islands,TCA,"Industry (including construction), value added (% of GDP)",NV.IND.TOTL.ZS,,,,,,,,,,,,,,,,,,,,,,,,,,,,,,,,,,,,,,,,,15.01505901,14.00733892,14.09497859,14.77539185,16.71645399,18.19911248,20.22391177,19.97414317,19.54296127,16.19964276,11.93628893,7.928312895,8.080586133,8.407233404,7.971106151,8.258661528,7.966870702,9.002903274,9.095591743,8.629298795,11.13615502,9.8086552,10.04986337,9.48175117,9.336945922,
Chad,TCD,"Industry (including construction), value added (% of GDP)",NV.IND.TOTL.ZS,9.195079552,9.776485587,8.87296729,9.379837889,9.866685329,11.16838369,12.39556176,12.76549246,13.88653551,12.81741067,12.57682731,12.60490416,12.91954328,14.77535103,14.96806888,14.95504062,14.91578276,13.68064741,13.17737784,10.51442385,9.039080489,11.88879922,12.54945885,13.18451739,15.53677261,12.71783273,14.55670496,13.97016382,12.93216193,15.88646678,16.87548986,12.90313215,13.04732806,13.60652502,11.72823677,13.34296503,12.44695258,13.66710744,12.8721709,12.21434531,10.91267423,13.08313478,14.2598696,30.06554834,39.09820181,39.96449617,39.45911903,41.02450514,42.22151311,34.90257371,37.92861339,41.07477921,43.40288767,38.47455221,37.10943473,33.91829047,25.34501865,26.45858821,29.00649429,28.7590371,23.9030027,28.60985461,33.06360523,30.74916373,28.68362793,
East Asia & Pacific (IDA & IBRD countries),TEA,"Industry (including construction), value added (% of GDP)",NV.IND.TOTL.ZS,48.33238944,36.3851418,35.63149546,37.24647451,39.69116431,39.61567458,42.2447693,38.48662793,35.11974774,38.92239526,43.91020232,45.85052515,46.73854382,46.01296112,43.72268085,46.02127346,44.24594358,45.39433711,43.89382212,45.16906468,43.87159712,41.42034761,40.18430361,41.83019416,40.96148194,40.23454521,39.29391231,39.07662947,39.50553036,39.89141688,39.62563871,40.20112353,40.68773346,41.79151773,42.0888639,42.90937319,43.60197076,44.11432601,43.47321034,43.0404105,43.38821126,43.41379402,43.16308553,43.72615025,44.135721,45.09932242,45.57238561,45.00885058,45.21023901,44.23918557,44.20567022,44.39955503,43.53158086,42.42027486,41.51687911,39.48963111,38.36933757,38.68176964,38.62291565,37.50867714,36.67643102,37.9131293,37.91285709,36.75250218,36.40052614,
Europe & Central Asia (IDA & IBRD countries),TEC,"Industry (including construction), value added (% of GDP)",NV.IND.TOTL.ZS,,,,,,,,,,,,,,,,,,,,,,,,,,,,,,47.91716399,45.29699521,46.19649314,42.90960682,39.2520352,39.15404752,33.7226812,33.35873756,32.81808471,31.43031077,30.06192439,29.76937628,28.95378358,27.67431143,27.67765362,29.19886057,29.90722405,30.22960339,30.2548594,30.36155358,29.13683265,29.55468777,30.00578523,29.50151227,28.80848749,28.96725087,29.33229551,29.0686582,29.61022305,30.49022826,29.74729616,28.53530843,30.09751013,30.81107501,28.98484353,27.87932108,
Togo,TGO,"Industry (including construction), value added (% of GDP)",NV.IND.TOTL.ZS,,,,19.75307222,20.31248802,22.06897011,22.03389774,23.33333281,21.86978347,21.26436782,20.08141113,21.73382112,19.63470434,20.24336316,34.2004593,27.35775549,22.23037439,22.0379141,22.45762606,22.50939864,23.86744966,22.79069767,23.39636633,20.20134228,18.80178458,18.89051095,19.78769733,21.07085775,21.49963601,24.32808156,26.22571827,27.97250469,28.08539507,25.22922789,25.70879441,27.10041989,25.71073236,23.40144874,25.00354582,23.88029331,30.30282777,29.37861583,30.21987224,31.07418651,28.03859935,24.42971431,25.0511548,26.28840688,23.86235987,20.66288013,20.3367703,21.76414903,20.01546356,22.19852528,23.84768999,22.86644053,20.88341012,20.40162301,21.02975832,19.34441978,20.0749387,20.02161036,21.22570763,20.84408199,20.42974823,
Thailand,THA,"Industry (including construction), value added (% of GDP)",NV.IND.TOTL.ZS,18.51649204,19.16465351,20.94294272,21.02700255,21.70002842,22.88533517,22.50555549,24.95745268,24.90572089,24.93663188,25.30529093,27.05345513,27.27807193,26.78973439,26.64756317,25.78305314,27.61904738,29.34324605,29.5575575,30.34532044,28.6780619,30.09919013,29.50976083,30.58320905,31.97536512,31.84268867,33.08293627,33.34315515,34.57998539,36.25152944,37.22474396,38.65788145,38.0558367,36.85485744,36.99519394,37.27802023,37.08128566,36.56459978,36.11172734,36.37889978,36.66940838,36.32100349,36.89443145,37.91817489,37.9023025,38.50521071,39.14685588,39.43137188,39.47961297,38.60859889,39.9217257,37.98139827,37.34369414,36.89858846,36.76304037,36.17917733,35.58676541,35.01875953,34.74248967,33.59391051,33.29072297,35.03171197,35.1217577,32.98040933,32.13597765,
Tajikistan,TJK,"Industry (including construction), value added (% of GDP)",NV.IND.TOTL.ZS,,,,,,,,,,,,,,,,,,,,,,,,,,42.21105528,40.13490725,42.74193548,39.24418605,36.23188406,37.58573388,36.39053254,49.61360124,41.92147767,33.60891089,37.56060172,29.17545396,25.92400618,24.95360382,27.45996283,35.27732692,36.18456978,35.1405801,33.11631033,30.91628427,27.36658063,27.36417002,26.42841523,24.55751963,24.50881063,24.97662615,22.46874906,22.04263462,23.11516465,22.60474151,30.2202135,32.21336623,31.84685796,34.3983608,33.06214906,33.79653947,35.1776826,34.70258086,33.63877086,,
Turkmenistan,TKM,"Industry (including construction), value added (% of GDP)",NV.IND.TOTL.ZS,,,,,,,,,,,,,,,,,,,,,,,,,,,,40,37.03703704,35.71428571,30,30.50847458,12.1875,59.78043912,44.83944954,59.09509202,65.21419355,45.02790279,40.57163273,43.6499626,41.06069309,41.97198724,40.29840849,38.88561569,37.87185045,37.06399418,35.79017034,37.70962963,60.54578532,60.91024284,59.13116435,65.86929124,66.57985591,63.42771208,60.66960111,54.29333035,51.43254366,47.04388965,44.90639828,42.41227932,37.38268803,37.12419869,40.44776698,39.27219947,37.48262001,
Latin America & the Caribbean (IDA & IBRD countries),TLA,"Industry (including construction), value added (% of GDP)",NV.IND.TOTL.ZS,,,,,,55.16426014,53.77963155,50.21302475,50.25581805,51.06013028,48.93935199,49.0114208,47.69598146,47.44116562,51.07889308,46.19485257,44.69186826,44.88790903,44.69267459,44.13276665,41.06172264,40.53717189,41.06845851,40.48037799,41.47633312,40.53349302,40.71987229,40.32133769,41.96582886,41.65884189,36.24998671,34.45955549,34.42847635,36.84195543,35.86033686,30.82186691,30.47603519,31.00954818,30.33481651,31.41816078,32.47829135,32.14552606,32.77853646,32.49165728,33.71522665,33.8181285,34.40600675,33.48165086,33.57073671,30.80131689,32.11034902,31.89910022,31.15789575,30.69103397,30.31359116,29.54979262,28.55136846,28.75060092,29.82022984,29.77973507,29.95145492,32.25617592,32.9348331,32.29018706,31.36047288,
Timor-Leste,TLS,"Industry (including construction), value added (% of GDP)",NV.IND.TOTL.ZS,,,,,,,,,,,,,,,,,,,,,,,,,,,,,,,,,,,,,,,,,16.08595331,13.18079943,11.92024053,10.17514339,5.496800733,5.292475937,5.039313781,5.315196048,7.70251167,10.03458465,9.137305613,12.98574312,12.79114106,20.10621379,16.97929736,18.3707616,19.22911604,15.78052741,16.49902103,30.41314572,36.75200967,62.18633244,54.51224519,23.86804171,11.82141863,
"Middle East, North Africa, Afghanistan & Pakistan (IDA & IBRD)",TMN,"Industry (including construction), value added (% of GDP)",NV.IND.TOTL.ZS,,,,,,,,,27.69526081,28.65360352,28.94876298,31.25566835,30.45078598,37.16394646,46.77761493,44.21072745,45.77328913,43.76040732,39.37766715,42.31006511,37.31086557,31.69281505,34.89228961,34.09269327,32.4416586,30.34659741,26.78672694,26.62509103,27.67211314,28.35903889,47.98846829,29.19146906,28.35036144,28.31842672,30.31977262,32.16618992,33.08172239,33.4202752,30.70869598,34.49398393,36.61683723,33.99493493,35.61324332,35.29210597,37.57098158,40.36025608,41.56238951,41.61896537,43.25324154,37.45035264,39.49235056,40.35799002,40.11017176,38.73850836,36.352824,30.78114029,29.82948164,31.53724135,33.01378396,32.39039606,28.90605639,33.10423314,37.10495394,34.78099508,33.27400415,
Tonga,TON,"Industry (including construction), value added (% of GDP)",NV.IND.TOTL.ZS,,,,,,,,,,,,,,,,8.772184166,9.229091738,9.857764179,11.94575618,13.14919505,12.5377889,11.19768107,10.65481346,13.44010421,14.02111705,12.56424568,12.32785407,10.82932517,10.8106809,12.69921919,11.70866292,9.991132476,10.92654976,10.0537382,17.74951855,18.71454672,18.90026414,16.70807538,16.39910781,17.10831375,18.10548323,18.41746029,17.68754253,17.06780034,16.5603762,16.66473228,15.32395159,15.70130292,15.51131811,16.77371542,18.04249827,19.08757088,18.86623201,15.89521341,16.1281919,15.54720981,15.97237147,16.42122344,15.22014512,15.36178639,14.74674981,16.29779594,17.24214423,14.86525046,,
South Asia (IDA & IBRD),TSA,"Industry (including construction), value added (% of GDP)",NV.IND.TOTL.ZS,19.32221337,19.73791914,20.42858616,20.42214985,20.00185592,20.58262518,19.84174899,18.49395967,19.17307342,19.85579213,20.11614006,20.70020165,21.04056745,20.59094369,21.61239128,21.28607675,23.51148862,23.85761234,24.27787063,24.96479431,24.8476342,25.42492898,25.51757751,25.77716134,26.15724828,25.97290935,26.12394296,26.06716472,26.06095591,26.75181113,26.6759818,25.77460436,26.20490583,26.27465674,27.13466219,28.00090128,27.17314747,27.1452064,26.7737393,26.0831558,26.75727544,26.00247169,27.10145481,26.95657843,28.54586646,28.94939271,30.29764736,30.36329997,30.48323724,30.52009199,30.11415183,29.60692188,29.00578727,28.16753342,27.49840243,27.22131561,27.0437626,26.95394926,26.93353977,25.45507159,25.97639098,27.1503505,26.30922181,26.12610147,25.44828428,
Sub-Saharan Africa (IDA & IBRD countries),TSS,"Industry (including construction), value added (% of GDP)",NV.IND.TOTL.ZS,,,,,,,,,,,,,,,,,,,,,,35.84864756,32.30641693,31.58606843,29.15679894,28.2892951,29.91722829,30.41780981,29.97874864,30.37889854,30.88278246,30.17711577,31.73022329,30.45791843,30.82626986,32.7398597,33.17662867,32.03474153,29.0606268,27.5383707,29.16192063,27.91335869,26.44222966,26.8226237,27.64447294,28.45882578,28.00085752,28.323512,29.43196615,25.83219735,27.32833878,29.32533213,29.01793694,28.24946755,27.2529584,24.08450542,23.27200124,24.99000492,26.40057915,24.68254164,23.14518821,24.01582674,24.81765494,24.98077528,25.26700568,
Trinidad and Tobago,TTO,"Industry (including construction), value added (% of GDP)",NV.IND.TOTL.ZS,,,,,,,39.48577416,41.40742978,43.62235101,41.8313655,40.5244266,40.75663237,41.04732164,45.74916332,58.00319741,57.97248999,58.3351111,57.48327315,55.46458119,57.63548188,59.83696378,55.54734521,46.79531146,46.33124027,48.3590267,46.16235958,41.59849363,43.8791107,43.86346543,47.09682687,47.48456289,44.76740578,42.69771305,41.39849281,46.60459816,44.95616318,45.14349488,42.74463559,38.50729016,40.62593992,47.53604681,45.20699108,42.90957541,51.49643806,54.36828015,59.64701535,60.81944155,59.65214217,63.97825968,53.13585288,53.81395645,57.05101228,46.8240898,44.98014079,43.63135761,35.97704895,34.4145859,36.13582593,37.77459888,35.19696932,31.15261874,39.04742906,45.67578328,34.5053818,34.64370579,
Tunisia,TUN,"Industry (including construction), value added (% of GDP)",NV.IND.TOTL.ZS,,,,,,19.21968095,19.26806953,20.19298246,20.26031049,21.47076196,20.57967178,20.50612801,20.05620609,21.32372101,27.0965241,25.92741472,25.16295913,25.74934988,26.36982165,28.89459274,31.11142494,32.01585776,31.05070352,32.50119088,33.50227684,32.74012225,30.48293391,29.4724528,30.60065123,31.13901083,29.7881783,28.97712157,28.45802507,28.08906772,29.21815123,29.39513717,28.48848492,26.50086735,25.77545061,26.04589981,26.80662105,26.43669833,26.5762343,25.561442,25.57977265,26.43356977,27.18473125,28.90834161,31.44941852,28.04121533,29.52355177,30.54812597,30.12153682,29.13794673,27.12888364,24.89705152,24.0076023,23.6241012,23.68622522,23.23531158,21.5120069,23.35686908,25.96244384,24.09375839,22.55725129,
Turkiye,TUR,"Industry (including construction), value added (% of GDP)",NV.IND.TOTL.ZS,17.32745962,17.24617524,17.06102117,16.9527897,17.89264414,19.31290622,19.62174941,20.45454545,21.46031746,22.0890411,21.93384224,22.72164948,23.72881356,23.70879121,22.54941509,22.55662426,23.90670554,23.38350847,22.91548138,25.64342536,23.49443658,26.69408936,27.78254322,26.62917631,25.62337763,26.36605833,30.98789529,31.39374133,32.82055647,32.97471141,31.06106902,31.54084583,31.17906322,29.82298359,32.08108945,34.07778119,33.25594309,33.2224731,31.01777165,28.2828588,26.80386835,25.5218514,24.63186709,24.84329298,25.15922848,25.29414407,26.09497369,26.43109252,26.21119468,24.05340826,24.50861435,26.84753658,26.6835564,27.75136913,28.19817539,27.96329741,28.33851284,29.03472459,29.18518489,27.06799269,27.79745336,30.82055982,30.8901024,28.19328003,25.50356825,
Tuvalu,TUV,"Industry (including construction), value added (% of GDP)",NV.IND.TOTL.ZS,,,,,,,,,,,,,,,,,,,,,,,,,,,,,,,13.44785276,13.61433736,18.92645521,14.60659484,13.25922246,12.92588908,10.39724492,12.26520113,12.66786584,13.24495516,6.244230769,7.415185185,7.350322581,9.541333333,8.996129032,7.417666667,5.403125,7.441176471,12.26052632,11.03888889,5.525714286,8.892105263,7.635,7.49075,7.393488372,7.015510204,,,,,,,,,,
Tanzania,TZA,"Industry (including construction), value added (% of GDP)",NV.IND.TOTL.ZS,,,,,,,,,,,,,,,,,,,,,,,,,,,,,,,11.12044418,10.59663421,10.39157464,9.991389196,9.636862725,9.24458324,8.972120339,8.953038428,20.23597315,19.79373334,19.21152666,19.38051488,21.49452941,23.24515173,23.10549978,22.93951558,22.84522244,23.19719007,23.73753919,21.67690864,23.55617366,26.38208409,25.39949872,25.44674503,25.14150348,24.48735011,24.85839937,25.04215119,27.00776551,28.67183336,27.08445029,27.29614189,27.68481118,28.03394335,28.57155298,
Uganda,UGA,"Industry (including construction), value added (% of GDP)",NV.IND.TOTL.ZS,12.81600793,12.82863343,12.11673413,13.39182177,12.07950744,12.66223488,11.67927383,11.52120423,12.37516869,12.80699653,13.00433478,11.94309987,10.69483568,9.287594603,10.65751936,7.981729139,7.399991828,6.977163462,5.114432508,4.135061535,4.469673231,6.729978315,10.70034443,8.704061896,9.855993918,9.062056307,9.597603709,9.720627556,9.747887477,10.24900383,10.41463292,11.55492435,12.45743892,12.2679192,12.8233722,13.10607856,14.70930919,15.93666969,16.43803045,17.84682364,21.4381816,21.16865431,22.92010212,22.67670777,20.86400881,23.51010649,22.76616115,25.07733143,25.76811004,27.28618529,27.59183362,27.55829568,27.17860734,25.46466468,25.22268201,27.10988488,26.16646039,26.03099481,26.23601165,26.6204367,26.49052459,27.14944169,26.76614863,25.75321144,24.86581253,
Ukraine,UKR,"Industry (including construction), value added (% of GDP)",NV.IND.TOTL.ZS,,,,,,,,,,,,,,,,,,,,,,,,,,,,45.12105649,45.63994374,46.95873264,42.64071856,54.62541806,52.14921518,37.46063005,42.62919215,38.16382294,33.78108171,30.48037273,30.62879534,32.01806167,31.65027707,29.90789629,30.21551393,30.42670945,29.37176963,30.18619144,30.54345171,30.65852223,28.08343401,24.75983114,25.6492814,24.83912427,24.26605241,22.43026499,22.81899157,21.72795774,23.17836207,23.28880022,23.29333298,22.58041968,20.79994297,23.15371422,18.0108316,19.08675986,19.02506692,
Upper middle income,UMC,"Industry (including construction), value added (% of GDP)",NV.IND.TOTL.ZS,52.62919487,37.66450437,36.67569384,37.55361879,39.90582413,41.49928179,42.15636323,38.83570607,37.11188628,39.53626018,41.32366864,42.42782696,42.20269262,42.45862654,43.26361115,42.94669708,42.14605349,42.12637367,39.61241906,40.68378941,38.31024641,36.63670414,37.19538603,36.9139369,36.53949578,35.50375181,34.74140092,35.20378399,36.35693207,36.6312008,37.03576637,34.19482329,34.34028635,35.6212607,36.09904,34.36537563,34.66022289,34.84650376,33.76756363,34.9236815,35.65943359,35.59669227,36.44698947,36.53273214,37.08705226,37.59787878,38.2550819,38.01291016,38.74728849,37.41256341,37.73278299,38.3082279,38.07111365,37.22919072,36.59294316,35.19473231,34.44222486,34.75862628,35.35860749,34.45390626,34.00537882,35.73215263,35.9037552,34.42584953,33.7326382,
Uruguay,URY,"Industry (including construction), value added (% of GDP)",NV.IND.TOTL.ZS,,,,,,,,,,,,,,,,,,,,,,,,33.14062545,34.41216396,35.94757997,36.22610616,35.83283379,34.2005107,33.67017093,34.64244469,35.5486582,32.78217612,29.6644393,27.99659716,28.91898501,28.54549569,23.52369791,23.4060789,23.3221438,22.04520372,21.93513374,21.86232885,23.09379441,22.43480581,23.77533687,22.8965222,23.64404864,22.76735131,24.07940704,24.52885572,22.70512024,22.86222893,23.66924034,24.70064115,25.44175805,18.86731445,18.03190372,18.33338867,17.56016942,16.95559097,17.7321589,17.70865421,16.752026,16.7572573,
United States,USA,"Industry (including construction), value added (% of GDP)",NV.IND.TOTL.ZS,,,,,,,,,,,,,,,,,,,,,,,,,,,,,,,,,,,,,,23.13210114,22.67055778,22.55859773,22.45158608,21.46900445,20.65246551,20.73947669,20.95003656,21.20626982,21.58696179,21.42388216,20.79350737,19.2684773,19.31025724,19.40750234,19.16261132,19.24162602,19.33151521,18.58713204,18.04222128,18.43542408,18.63089824,18.28042804,17.50842848,17.88465336,,,,
Uzbekistan,UZB,"Industry (including construction), value added (% of GDP)",NV.IND.TOTL.ZS,,,,,,,,,,,,,,,,,,,,,,,,,,,,35.34049653,34.29456625,32.56238191,33.31411268,36.68213936,36.12646476,31.23268683,24.25305498,24.14344987,26.08320652,22.87337612,22.4,21.04610412,20.22975796,19.95208414,19.38874124,20.44595693,22.30568469,26.01203261,26.83847024,26.86271728,29.0650709,30.35264382,21.22951481,19.77798046,20.42793816,21.29451964,22.07089255,22.52046082,22.9212713,24.72537784,28.64289864,31.99911837,32.02524333,32.39681801,31.48135075,31.02441176,31.80976312,
St. Vincent and the Grenadines,VCT,"Industry (including construction), value added (% of GDP)",NV.IND.TOTL.ZS,,,,,,,,,,,,,,,,,,14.22074447,15.22273471,16.77568468,16.89193637,16.68443929,16.53349307,16.51799595,15.91464743,15.93450323,16.78126777,17.1950358,17.29322343,17.78814372,16.39317678,17.07204523,17.93742671,18.37825181,18.92860982,17.96136987,17.61748341,19.0291593,19.24918465,17.84840844,16.65181392,16.20478211,15.33256378,15.71030684,16.18195356,15.8034606,15.91850163,17.57892076,15.70981424,15.86606877,15.90305475,15.13512361,14.57607677,14.70692612,14.1124131,14.94890992,14.38220338,14.67061007,14.55758495,13.69401619,12.55820728,12.87305735,14.61728839,14.74729192,15.42090473,
"Venezuela, RB",VEN,"Industry (including construction), value added (% of GDP)",NV.IND.TOTL.ZS,,,,,,,,,44.63691728,41.94563879,41.62614128,43.08290019,43.1703034,47.60815257,58.25756901,51.18240783,51.24504086,50.63831837,49.58322489,51.88955266,51.15939748,49.18725982,45.63827815,42.32405712,46.77255328,45.19435557,47.37985821,45.18525432,48.67001877,53.44487179,57.7474234,53.49224953,51.49000008,48.6611148,40.86739491,37.65115538,44.75870587,46.35358941,40.57408352,41.94066183,46.40484826,42.91029316,46.65496991,48.84170707,51.11347644,53.08839747,51.9276624,49.28286268,50.61245934,40.81209353,48.40860228,48.63213241,,,,,,,,,,,,,,
British Virgin Islands,VGB,"Industry (including construction), value added (% of GDP)",NV.IND.TOTL.ZS,,,,,,,,,,,,,,,,,,,,,,,,,,,,,,,,,,,,,,,,,,,,,,,,,,,,,,,,,,,,,,,,,,
Virgin Islands (U.S.),VIR,"Industry (including construction), value added (% of GDP)",NV.IND.TOTL.ZS,,,,,,,,,,,,,,,,,,,,,,,,,,,,,,,,,,,,,,,,,,,,,,,,,,,,,,,,,,,,,,,,,,
Viet Nam,VNM,"Industry (including construction), value added (% of GDP)",NV.IND.TOTL.ZS,,,,,,,,,,,,,,,,,,,,,,,,,,,28.88146912,28.36236934,23.96238651,22.93809846,22.67429389,23.79443858,27.26359787,28.90031228,28.86845083,28.75591982,29.72988869,32.0751348,32.49126772,34.49475174,36.73077533,38.12942166,38.48667879,39.47000781,40.20874953,38.1311399,38.58473103,38.51162485,37.07769638,37.38818638,33.02287714,34.58040878,35.86023239,35.57515044,35.29856849,34.26654664,34.11522886,35.39036407,36.54243341,36.8031369,36.74371329,37.39151925,38.48236124,37.58156975,37.6414652,
Vanuatu,VUT,"Industry (including construction), value added (% of GDP)",NV.IND.TOTL.ZS,,,,,,,,,,,,,,,,,,,,6.048781225,6.167231754,5.612930051,5.761619463,8.298328333,7.400432448,8.862027037,9.582871908,12.51958225,12.36695694,12.11392122,13.21260559,11.93239938,10.22818339,9.423203151,11.91368916,11.47998426,9.934931507,8.507878251,8.17412623,8.32249299,11.22299084,9.047491996,8.951385659,8.189980481,7.597480577,7.847408918,8.094875645,7.949260842,9.109132519,11.19559891,12.87309988,9.994920543,7.874072577,8.211515929,7.500066573,10.74905191,10.47691091,10.16999167,10.09516627,9.502093997,10.27933174,9.067225517,7.372105635,,,
World,WLD,"Industry (including construction), value added (% of GDP)",NV.IND.TOTL.ZS,,,,,,,,,,,,,,,,,,,,,,,,,,,,,,,,32.08033121,31.48433171,29.91250622,30.00054027,30.02710127,29.40647534,28.49089313,27.59327612,27.52733853,27.88797787,26.94958149,26.43286169,26.43218787,26.82065759,27.31308767,27.82174596,27.88328792,28.20936721,26.67937428,27.6212998,28.1760947,28.15405572,27.85728147,27.65124625,26.75810668,26.2097722,26.69741937,27.16905415,26.60128002,25.9954242,27.14165709,27.25848107,26.27276914,25.62739112,
Samoa,WSM,"Industry (including construction), value added (% of GDP)",NV.IND.TOTL.ZS,,,,,,,,,,,,,,,,,,,,,,,,,,,,,,,,,,,27.45806881,28.14399724,26.89496207,24.89753919,23.17158956,27.2079389,27.7265036,29.45242578,30.01209028,31.00839063,32.3616645,31.56548072,31.33195354,31.21484376,30.6045956,22.47145719,14.77778185,15.76615253,16.30707384,15.14672879,15.20952043,14.5012807,14.40868348,13.18495546,11.72041111,11.95963932,11.12254789,11.20398988,10.84905829,10.07931553,10.583886,
Kosovo,XKX,"Industry (including construction), value added (% of GDP)",NV.IND.TOTL.ZS,,,,,,,,,,,,,,,,,,,,,,,,,,,,,,,,,,,,,,,,,,,,,,,,,27.04339864,27.99054188,27.04119832,27.51482472,27.50847669,27.1872163,26.51706683,26.94323282,26.8584266,27.52757197,27.90835853,27.08838447,27.55845663,27.44916199,27.24418139,26.34570336,25.80294231,
"Yemen, Rep.",YEM,"Industry (including construction), value added (% of GDP)",NV.IND.TOTL.ZS,,,,,,,,,,,,,,,,,,,,,,,,,,,,,,,38.58391008,34.6870785,31.38864571,28.87880357,27.77962578,33.61195494,43.69128604,45.10814457,34.68700687,43.10225929,48.78357907,44.90835457,45.15362295,45.91411101,47.80155215,51.52338326,51.95881062,52.30363645,52.57152771,52.78566606,52.96074775,53.10656509,39.74845544,38.99441415,39.88825801,33.86615935,25.90226807,25.92404097,25.44299784,,,,,,,
South Africa,ZAF,"Industry (including construction), value added (% of GDP)",NV.IND.TOTL.ZS,32.46919507,32.71623672,32.85306705,33.27744099,34.19203747,35.16871987,34.76504778,33.38642598,33.40418574,33.77680843,33.75560834,32.45938844,33.38108883,35.27704371,36.04878569,37.04065553,37.24673728,35.97270144,37.10446564,39.75320271,42.40274567,40.83729921,39.09687379,39.33439695,37.95634429,37.85492033,38.15640325,36.66446197,36.34448449,35.77092045,35.60760072,34.42170676,33.06085832,31.9307593,31.23031633,30.98186557,29.88998626,29.25063094,28.57636657,27.66560221,28.22975551,28.53161312,28.50591602,26.89286806,26.30363667,26.01507927,24.85911763,25.29461831,26.94155611,25.74307619,25.3034631,24.83949115,24.46860024,24.55174177,24.30528201,23.73230797,23.7825373,23.6105565,23.53706084,23.62201528,23.33943841,24.90060175,24.98202879,24.56396551,24.31053089,
Zambia,ZMB,"Industry (including construction), value added (% of GDP)",NV.IND.TOTL.ZS,62.15187337,59.41731637,58.03792251,57.7419996,58.13478557,53.81266491,58.84745763,52.14076859,54.59478694,62.40552326,54.72333099,46.19358117,47.57383178,53.61753038,54.78618333,41.66878819,40.56795132,37.65606122,39.36997379,41.98992633,39.10105758,36.8508636,35.29608099,40.05787812,39.23139323,42.03396541,44.35324611,41.12548692,44.04308471,47.2834951,45.29407094,46.28369247,43.73480417,37.44289354,37.32494607,34.31351381,33.20199945,32.38063756,27.27739133,22.81984236,23.24389415,23.36061169,23.87555244,24.13497304,25.69612518,26.84962403,30.39611732,31.90968043,30.99061557,30.22446888,32.23891476,34.44428192,32.01065039,32.55644911,32.94414802,33.65724912,34.87716661,37.30404492,34.48532158,34.94198122,40.19768966,41.83193847,35.28382102,35.10777807,35.24658306,
Zimbabwe,ZWE,"Industry (including construction), value added (% of GDP)",NV.IND.TOTL.ZS,,,,,,27.78787189,27.01409285,28.03652393,28.2299154,28.36082611,29.98759743,29.41201202,30.13396723,32.30263759,32.26247937,31.85948979,31.62712013,30.043545,29.88587073,31.67947971,27.85107363,25.21846253,22.69867257,25.64144926,29.48934938,25.64079499,28.46940817,29.5598608,30.06165327,31.49237598,29.80366724,33.20032385,37.21317543,30.46176101,29.15110418,25.69922699,23.00321356,22.53339583,20.80715038,19.1175399,,,,,24.38237066,26.47939912,30.65130582,32.46140044,30.48325034,21.45386862,20.69473553,21.72017861,25.3306859,23.80011256,23.71895107,22.3586547,22.11534954,32.01573777,31.03777513,38.97494595,40.43364489,36.91631014,46.47236354,33.25555191,34.99261131,
